timestamp,git_commit,env_id,batch,run_index,track,bench,lang,size,size_arg,status,exit,signal,verdict,wall_s,user_s,sys_s,cpu_s,cpu_util,maxrss_kib,stdout_bytes,stdout_sha256,input_sha256,source_sha256,mem_policy,timeout_s
2026-09-27T16:48:26Z,19e19925921f112b6d318368df76697f39f4428c,a42531566e9b,60b5d468126c,0,st,nbody,c,official,50000000,ok,0,,reference,1.890645,1.885775,0.001556,1.887331,0.998200,2328,26,3e6c9ef9d26cfe312a4cd8e1b81b3f671b88fbce84de543e8c23c206a942504d,,d0d2a8a46e03db2c8c2b3801e0d06735bcb1b05f38616555349919203501ba5f,rlimit,1800
2026-09-27T16:48:28Z,19e19925921f112b6d318368df76697f39f4428c,a42531566e9b,60b5d468126c,1,st,nbody,c,official,50000000,ok,0,,reference,1.889762,1.884577,0.001846,1.886423,0.998200,2292,26,3e6c9ef9d26cfe312a4cd8e1b81b3f671b88fbce84de543e8c23c206a942504d,,d0d2a8a46e03db2c8c2b3801e0d06735bcb1b05f38616555349919203501ba5f,rlimit,1800
2026-09-27T16:48:30Z,19e19925921f112b6d318368df76697f39f4428c,a42531566e9b,60b5d468126c,2,st,nbody,c,official,50000000,ok,0,,reference,1.888592,1.884719,0.000000,1.884719,0.997900,2412,26,3e6c9ef9d26cfe312a4cd8e1b81b3f671b88fbce84de543e8c23c206a942504d,,d0d2a8a46e03db2c8c2b3801e0d06735bcb1b05f38616555349919203501ba5f,rlimit,1800
2026-09-27T16:48:32Z,19e19925921f112b6d318368df76697f39f4428c,a42531566e9b,60b5d468126c,3,st,nbody,c,official,50000000,ok,0,,reference,1.886224,1.882691,0.000000,1.882691,0.998100,2332,26,3e6c9ef9d26cfe312a4cd8e1b81b3f671b88fbce84de543e8c23c206a942504d,,d0d2a8a46e03db2c8c2b3801e0d06735bcb1b05f38616555349919203501ba5f,rlimit,1800
2026-09-27T16:48:34Z,19e19925921f112b6d318368df76697f39f4428c,a42531566e9b,60b5d468126c,4,st,nbody,c,official,50000000,ok,0,,reference,1.884227,1.879716,0.000999,1.880715,0.998100,2420,26,3e6c9ef9d26cfe312a4cd8e1b81b3f671b88fbce84de543e8c23c206a942504d,,d0d2a8a46e03db2c8c2b3801e0d06735bcb1b05f38616555349919203501ba5f,rlimit,1800
2026-09-27T16:48:37Z,19e19925921f112b6d318368df76697f39f4428c,a42531566e9b,cfb92a00f38d,0,st,nbody,resid,official,50000000,ok,0,,ok,2.807546,2.801135,0.001875,2.803010,0.998400,2084,26,3e6c9ef9d26cfe312a4cd8e1b81b3f671b88fbce84de543e8c23c206a942504d,,f89de04e15cd22a1e4620872dfa604c06a674ca55cabf9fa2b4a6a155bdb78ff,rlimit,1800
2026-09-27T16:48:39Z,19e19925921f112b6d318368df76697f39f4428c,a42531566e9b,cfb92a00f38d,1,st,nbody,resid,official,50000000,ok,0,,ok,2.810797,2.802842,0.001974,2.804816,0.997900,2088,26,3e6c9ef9d26cfe312a4cd8e1b81b3f671b88fbce84de543e8c23c206a942504d,,f89de04e15cd22a1e4620872dfa604c06a674ca55cabf9fa2b4a6a155bdb78ff,rlimit,1800
2026-09-27T16:48:42Z,19e19925921f112b6d318368df76697f39f4428c,a42531566e9b,cfb92a00f38d,2,st,nbody,resid,official,50000000,ok,0,,ok,2.807084,2.799164,0.002798,2.801962,0.998200,2084,26,3e6c9ef9d26cfe312a4cd8e1b81b3f671b88fbce84de543e8c23c206a942504d,,f89de04e15cd22a1e4620872dfa604c06a674ca55cabf9fa2b4a6a155bdb78ff,rlimit,1800
2026-09-27T16:48:45Z,19e19925921f112b6d318368df76697f39f4428c,a42531566e9b,cfb92a00f38d,3,st,nbody,resid,official,50000000,ok,0,,ok,2.799222,2.793704,0.000968,2.794672,0.998400,2084,26,3e6c9ef9d26cfe312a4cd8e1b81b3f671b88fbce84de543e8c23c206a942504d,,f89de04e15cd22a1e4620872dfa604c06a674ca55cabf9fa2b4a6a155bdb78ff,rlimit,1800
2026-09-27T16:48:48Z,19e19925921f112b6d318368df76697f39f4428c,a42531566e9b,cfb92a00f38d,4,st,nbody,resid,official,50000000,ok,0,,ok,2.798672,2.792215,0.000999,2.793214,0.998000,2084,26,3e6c9ef9d26cfe312a4cd8e1b81b3f671b88fbce84de543e8c23c206a942504d,,f89de04e15cd22a1e4620872dfa604c06a674ca55cabf9fa2b4a6a155bdb78ff,rlimit,1800
2026-09-27T16:48:50Z,19e19925921f112b6d318368df76697f39f4428c,a42531566e9b,36e3003cfb09,0,st,nbody,cpp,official,50000000,ok,0,,ok,1.867016,1.862307,0.000982,1.863289,0.998000,4260,26,3e6c9ef9d26cfe312a4cd8e1b81b3f671b88fbce84de543e8c23c206a942504d,,8f4447e7c8b754289d3d5d41da55e5458b1a0e661cd4b53143686135b1ed023f,rlimit,1800
2026-09-27T16:48:52Z,19e19925921f112b6d318368df76697f39f4428c,a42531566e9b,36e3003cfb09,1,st,nbody,cpp,official,50000000,ok,0,,ok,1.868844,1.863367,0.001994,1.865361,0.998100,4300,26,3e6c9ef9d26cfe312a4cd8e1b81b3f671b88fbce84de543e8c23c206a942504d,,8f4447e7c8b754289d3d5d41da55e5458b1a0e661cd4b53143686135b1ed023f,rlimit,1800
2026-09-27T16:48:53Z,19e19925921f112b6d318368df76697f39f4428c,a42531566e9b,36e3003cfb09,2,st,nbody,cpp,official,50000000,ok,0,,ok,1.868644,1.862816,0.001996,1.864812,0.997900,4264,26,3e6c9ef9d26cfe312a4cd8e1b81b3f671b88fbce84de543e8c23c206a942504d,,8f4447e7c8b754289d3d5d41da55e5458b1a0e661cd4b53143686135b1ed023f,rlimit,1800
2026-09-27T16:48:55Z,19e19925921f112b6d318368df76697f39f4428c,a42531566e9b,36e3003cfb09,3,st,nbody,cpp,official,50000000,ok,0,,ok,1.859938,1.855699,0.000997,1.856696,0.998300,4200,26,3e6c9ef9d26cfe312a4cd8e1b81b3f671b88fbce84de543e8c23c206a942504d,,8f4447e7c8b754289d3d5d41da55e5458b1a0e661cd4b53143686135b1ed023f,rlimit,1800
2026-09-27T16:48:57Z,19e19925921f112b6d318368df76697f39f4428c,a42531566e9b,36e3003cfb09,4,st,nbody,cpp,official,50000000,ok,0,,ok,1.864488,1.860456,0.000839,1.861295,0.998300,4200,26,3e6c9ef9d26cfe312a4cd8e1b81b3f671b88fbce84de543e8c23c206a942504d,,8f4447e7c8b754289d3d5d41da55e5458b1a0e661cd4b53143686135b1ed023f,rlimit,1800
2026-09-27T16:48:58Z,19e19925921f112b6d318368df76697f39f4428c,a42531566e9b,6f25b34b3406,0,st,nbody,rust,official,50000000,ok,0,,ok,1.336877,1.334577,0.000000,1.334577,0.998300,2356,26,3e6c9ef9d26cfe312a4cd8e1b81b3f671b88fbce84de543e8c23c206a942504d,,5fb32ab194fc7a7f1b63583249ad366b7d5c75de79911f53e664286fe634f333,rlimit,1800
2026-09-27T16:49:00Z,19e19925921f112b6d318368df76697f39f4428c,a42531566e9b,6f25b34b3406,1,st,nbody,rust,official,50000000,ok,0,,ok,1.336648,1.333400,0.000998,1.334398,0.998300,2340,26,3e6c9ef9d26cfe312a4cd8e1b81b3f671b88fbce84de543e8c23c206a942504d,,5fb32ab194fc7a7f1b63583249ad366b7d5c75de79911f53e664286fe634f333,rlimit,1800
2026-09-27T16:49:01Z,19e19925921f112b6d318368df76697f39f4428c,a42531566e9b,6f25b34b3406,2,st,nbody,rust,official,50000000,ok,0,,ok,1.337119,1.333257,0.000803,1.334060,0.997700,2476,26,3e6c9ef9d26cfe312a4cd8e1b81b3f671b88fbce84de543e8c23c206a942504d,,5fb32ab194fc7a7f1b63583249ad366b7d5c75de79911f53e664286fe634f333,rlimit,1800
2026-09-27T16:49:02Z,19e19925921f112b6d318368df76697f39f4428c,a42531566e9b,6f25b34b3406,3,st,nbody,rust,official,50000000,ok,0,,ok,1.335784,1.332743,0.000995,1.333738,0.998500,2456,26,3e6c9ef9d26cfe312a4cd8e1b81b3f671b88fbce84de543e8c23c206a942504d,,5fb32ab194fc7a7f1b63583249ad366b7d5c75de79911f53e664286fe634f333,rlimit,1800
2026-09-27T16:49:04Z,19e19925921f112b6d318368df76697f39f4428c,a42531566e9b,6f25b34b3406,4,st,nbody,rust,official,50000000,ok,0,,ok,1.336556,1.333057,0.000998,1.334055,0.998100,2360,26,3e6c9ef9d26cfe312a4cd8e1b81b3f671b88fbce84de543e8c23c206a942504d,,5fb32ab194fc7a7f1b63583249ad366b7d5c75de79911f53e664286fe634f333,rlimit,1800
2026-09-27T16:49:06Z,19e19925921f112b6d318368df76697f39f4428c,a42531566e9b,f75d357a172a,0,st,nbody,go,official,50000000,ok,0,,ok,1.948258,1.945119,0.000000,1.945119,0.998400,3584,26,3e6c9ef9d26cfe312a4cd8e1b81b3f671b88fbce84de543e8c23c206a942504d,,cb1e82377ff66736fa45ae392a662261018254cec727b5333f36823a4b886a21,rlimit,1800
2026-09-27T16:49:08Z,19e19925921f112b6d318368df76697f39f4428c,a42531566e9b,f75d357a172a,1,st,nbody,go,official,50000000,ok,0,,ok,1.949725,1.946296,0.000000,1.946296,0.998200,5648,26,3e6c9ef9d26cfe312a4cd8e1b81b3f671b88fbce84de543e8c23c206a942504d,,cb1e82377ff66736fa45ae392a662261018254cec727b5333f36823a4b886a21,rlimit,1800
2026-09-27T16:49:10Z,19e19925921f112b6d318368df76697f39f4428c,a42531566e9b,f75d357a172a,2,st,nbody,go,official,50000000,ok,0,,ok,1.949331,1.943590,0.001959,1.945549,0.998100,5688,26,3e6c9ef9d26cfe312a4cd8e1b81b3f671b88fbce84de543e8c23c206a942504d,,cb1e82377ff66736fa45ae392a662261018254cec727b5333f36823a4b886a21,rlimit,1800
2026-09-27T16:49:12Z,19e19925921f112b6d318368df76697f39f4428c,a42531566e9b,f75d357a172a,3,st,nbody,go,official,50000000,ok,0,,ok,1.947616,1.944302,0.000000,1.944302,0.998300,3584,26,3e6c9ef9d26cfe312a4cd8e1b81b3f671b88fbce84de543e8c23c206a942504d,,cb1e82377ff66736fa45ae392a662261018254cec727b5333f36823a4b886a21,rlimit,1800
2026-09-27T16:49:14Z,19e19925921f112b6d318368df76697f39f4428c,a42531566e9b,f75d357a172a,4,st,nbody,go,official,50000000,ok,0,,ok,1.950066,1.945664,0.000997,1.946661,0.998300,3584,26,3e6c9ef9d26cfe312a4cd8e1b81b3f671b88fbce84de543e8c23c206a942504d,,cb1e82377ff66736fa45ae392a662261018254cec727b5333f36823a4b886a21,rlimit,1800
2026-09-27T16:49:16Z,19e19925921f112b6d318368df76697f39f4428c,a42531566e9b,f7e7d9fa815e,0,st,nbody,java,official,50000000,ok,0,,ok,1.975325,1.964910,0.006978,1.971888,0.998300,47016,26,3e6c9ef9d26cfe312a4cd8e1b81b3f671b88fbce84de543e8c23c206a942504d,,82951944c38d13dbabe492f7ec13fd05a2fbe2644ab6129f941764e5d292d443,poll,1800
2026-09-27T16:49:18Z,19e19925921f112b6d318368df76697f39f4428c,a42531566e9b,f7e7d9fa815e,1,st,nbody,java,official,50000000,ok,0,,ok,1.972892,1.959503,0.009808,1.969311,0.998200,47092,26,3e6c9ef9d26cfe312a4cd8e1b81b3f671b88fbce84de543e8c23c206a942504d,,82951944c38d13dbabe492f7ec13fd05a2fbe2644ab6129f941764e5d292d443,poll,1800
2026-09-27T16:49:20Z,19e19925921f112b6d318368df76697f39f4428c,a42531566e9b,f7e7d9fa815e,2,st,nbody,java,official,50000000,ok,0,,ok,1.976329,1.963625,0.008952,1.972577,0.998100,47088,26,3e6c9ef9d26cfe312a4cd8e1b81b3f671b88fbce84de543e8c23c206a942504d,,82951944c38d13dbabe492f7ec13fd05a2fbe2644ab6129f941764e5d292d443,poll,1800
2026-09-27T16:49:21Z,19e19925921f112b6d318368df76697f39f4428c,a42531566e9b,f7e7d9fa815e,3,st,nbody,java,official,50000000,ok,0,,ok,1.974305,1.962823,0.007937,1.970760,0.998200,46960,26,3e6c9ef9d26cfe312a4cd8e1b81b3f671b88fbce84de543e8c23c206a942504d,,82951944c38d13dbabe492f7ec13fd05a2fbe2644ab6129f941764e5d292d443,poll,1800
2026-09-27T16:49:23Z,19e19925921f112b6d318368df76697f39f4428c,a42531566e9b,f7e7d9fa815e,4,st,nbody,java,official,50000000,ok,0,,ok,1.978682,1.967028,0.007702,1.974730,0.998000,47256,26,3e6c9ef9d26cfe312a4cd8e1b81b3f671b88fbce84de543e8c23c206a942504d,,82951944c38d13dbabe492f7ec13fd05a2fbe2644ab6129f941764e5d292d443,poll,1800
2026-09-27T16:49:25Z,19e19925921f112b6d318368df76697f39f4428c,a42531566e9b,4d42bc47e26e,0,st,nbody,csharp,official,50000000,ok,0,,ok,1.938467,1.917358,0.006740,1.924098,0.992600,27984,26,3e6c9ef9d26cfe312a4cd8e1b81b3f671b88fbce84de543e8c23c206a942504d,,f60803a12b013b636ad127122825ccc49091b57b4abf4585a31e3f6aa5c5a3ca,poll,1800
2026-09-27T16:49:27Z,19e19925921f112b6d318368df76697f39f4428c,a42531566e9b,4d42bc47e26e,1,st,nbody,csharp,official,50000000,ok,0,,ok,1.926567,1.915208,0.007904,1.923112,0.998200,27992,26,3e6c9ef9d26cfe312a4cd8e1b81b3f671b88fbce84de543e8c23c206a942504d,,f60803a12b013b636ad127122825ccc49091b57b4abf4585a31e3f6aa5c5a3ca,poll,1800
2026-09-27T16:49:29Z,19e19925921f112b6d318368df76697f39f4428c,a42531566e9b,4d42bc47e26e,2,st,nbody,csharp,official,50000000,ok,0,,ok,1.927734,1.919324,0.004917,1.924241,0.998200,28060,26,3e6c9ef9d26cfe312a4cd8e1b81b3f671b88fbce84de543e8c23c206a942504d,,f60803a12b013b636ad127122825ccc49091b57b4abf4585a31e3f6aa5c5a3ca,poll,1800
2026-09-27T16:49:31Z,19e19925921f112b6d318368df76697f39f4428c,a42531566e9b,4d42bc47e26e,3,st,nbody,csharp,official,50000000,ok,0,,ok,1.927917,1.916427,0.007660,1.924087,0.998000,27980,26,3e6c9ef9d26cfe312a4cd8e1b81b3f671b88fbce84de543e8c23c206a942504d,,f60803a12b013b636ad127122825ccc49091b57b4abf4585a31e3f6aa5c5a3ca,poll,1800
2026-09-27T16:49:33Z,19e19925921f112b6d318368df76697f39f4428c,a42531566e9b,4d42bc47e26e,4,st,nbody,csharp,official,50000000,ok,0,,ok,1.929299,1.921237,0.003986,1.925223,0.997900,28008,26,3e6c9ef9d26cfe312a4cd8e1b81b3f671b88fbce84de543e8c23c206a942504d,,f60803a12b013b636ad127122825ccc49091b57b4abf4585a31e3f6aa5c5a3ca,poll,1800
2026-09-27T16:49:35Z,19e19925921f112b6d318368df76697f39f4428c,a42531566e9b,233a63bd078d,0,st,nbody,javascript,official,50000000,ok,0,,ok,2.127158,2.117771,0.005643,2.123414,0.998200,60740,26,3e6c9ef9d26cfe312a4cd8e1b81b3f671b88fbce84de543e8c23c206a942504d,,74a57c8993734fd628a7082246d85f4c3d5596a7e596d962a97b77cdc01a2966,poll,1800
2026-09-27T16:49:37Z,19e19925921f112b6d318368df76697f39f4428c,a42531566e9b,233a63bd078d,1,st,nbody,javascript,official,50000000,ok,0,,ok,2.128944,2.119459,0.005973,2.125432,0.998400,62528,26,3e6c9ef9d26cfe312a4cd8e1b81b3f671b88fbce84de543e8c23c206a942504d,,74a57c8993734fd628a7082246d85f4c3d5596a7e596d962a97b77cdc01a2966,poll,1800
2026-09-27T16:49:40Z,19e19925921f112b6d318368df76697f39f4428c,a42531566e9b,233a63bd078d,2,st,nbody,javascript,official,50000000,ok,0,,ok,2.129604,2.111891,0.012749,2.124640,0.997700,62444,26,3e6c9ef9d26cfe312a4cd8e1b81b3f671b88fbce84de543e8c23c206a942504d,,74a57c8993734fd628a7082246d85f4c3d5596a7e596d962a97b77cdc01a2966,poll,1800
2026-09-27T16:49:42Z,19e19925921f112b6d318368df76697f39f4428c,a42531566e9b,233a63bd078d,3,st,nbody,javascript,official,50000000,ok,0,,ok,2.130351,2.119383,0.006772,2.126155,0.998000,62680,26,3e6c9ef9d26cfe312a4cd8e1b81b3f671b88fbce84de543e8c23c206a942504d,,74a57c8993734fd628a7082246d85f4c3d5596a7e596d962a97b77cdc01a2966,poll,1800
2026-09-27T16:49:44Z,19e19925921f112b6d318368df76697f39f4428c,a42531566e9b,233a63bd078d,4,st,nbody,javascript,official,50000000,ok,0,,ok,2.131139,2.120108,0.006969,2.127077,0.998100,62500,26,3e6c9ef9d26cfe312a4cd8e1b81b3f671b88fbce84de543e8c23c206a942504d,,74a57c8993734fd628a7082246d85f4c3d5596a7e596d962a97b77cdc01a2966,poll,1800
2026-09-27T16:52:08Z,19e19925921f112b6d318368df76697f39f4428c,a42531566e9b,04f181290c5e,0,st,nbody,python,official,50000000,ok,0,,ok,143.952186,143.646263,0.048989,143.695252,0.998200,10628,26,3e6c9ef9d26cfe312a4cd8e1b81b3f671b88fbce84de543e8c23c206a942504d,,a8f7a4e12993556acc92ab9bb85b28a70e037e6c167481bf8ea483c13f06fcc0,rlimit,1800
2026-09-27T16:54:33Z,19e19925921f112b6d318368df76697f39f4428c,a42531566e9b,04f181290c5e,1,st,nbody,python,official,50000000,ok,0,,ok,144.844535,144.529520,0.066721,144.596241,0.998300,10620,26,3e6c9ef9d26cfe312a4cd8e1b81b3f671b88fbce84de543e8c23c206a942504d,,a8f7a4e12993556acc92ab9bb85b28a70e037e6c167481bf8ea483c13f06fcc0,rlimit,1800
2026-09-27T16:56:57Z,19e19925921f112b6d318368df76697f39f4428c,a42531566e9b,04f181290c5e,2,st,nbody,python,official,50000000,ok,0,,ok,144.085520,143.782683,0.052394,143.835077,0.998300,10588,26,3e6c9ef9d26cfe312a4cd8e1b81b3f671b88fbce84de543e8c23c206a942504d,,a8f7a4e12993556acc92ab9bb85b28a70e037e6c167481bf8ea483c13f06fcc0,rlimit,1800
2026-09-27T16:56:58Z,19e19925921f112b6d318368df76697f39f4428c,a42531566e9b,7939213ba642,0,st,nbody,fortran,official,50000000,ok,0,,ok,1.778633,1.773671,0.001844,1.775515,0.998200,3252,26,3e6c9ef9d26cfe312a4cd8e1b81b3f671b88fbce84de543e8c23c206a942504d,,ca11bb99f10acb579dcaebcf8ded6aabc0726b42f2467d0801a670c476670988,rlimit,1800
2026-09-27T16:57:00Z,19e19925921f112b6d318368df76697f39f4428c,a42531566e9b,7939213ba642,1,st,nbody,fortran,official,50000000,ok,0,,ok,1.776565,1.772077,0.000998,1.773075,0.998000,3192,26,3e6c9ef9d26cfe312a4cd8e1b81b3f671b88fbce84de543e8c23c206a942504d,,ca11bb99f10acb579dcaebcf8ded6aabc0726b42f2467d0801a670c476670988,rlimit,1800
2026-09-27T16:57:02Z,19e19925921f112b6d318368df76697f39f4428c,a42531566e9b,7939213ba642,2,st,nbody,fortran,official,50000000,ok,0,,ok,1.775353,1.771820,0.000671,1.772491,0.998400,3212,26,3e6c9ef9d26cfe312a4cd8e1b81b3f671b88fbce84de543e8c23c206a942504d,,ca11bb99f10acb579dcaebcf8ded6aabc0726b42f2467d0801a670c476670988,rlimit,1800
2026-09-27T16:57:04Z,19e19925921f112b6d318368df76697f39f4428c,a42531566e9b,7939213ba642,3,st,nbody,fortran,official,50000000,ok,0,,ok,1.776539,1.773994,0.000000,1.773994,0.998600,3212,26,3e6c9ef9d26cfe312a4cd8e1b81b3f671b88fbce84de543e8c23c206a942504d,,ca11bb99f10acb579dcaebcf8ded6aabc0726b42f2467d0801a670c476670988,rlimit,1800
2026-09-27T16:57:06Z,19e19925921f112b6d318368df76697f39f4428c,a42531566e9b,7939213ba642,4,st,nbody,fortran,official,50000000,ok,0,,ok,1.774082,1.769058,0.001830,1.770888,0.998200,3180,26,3e6c9ef9d26cfe312a4cd8e1b81b3f671b88fbce84de543e8c23c206a942504d,,ca11bb99f10acb579dcaebcf8ded6aabc0726b42f2467d0801a670c476670988,rlimit,1800
2026-09-27T16:57:08Z,19e19925921f112b6d318368df76697f39f4428c,a42531566e9b,5e5f327fe64d,0,st,nbody,pascal,official,50000000,ok,0,,ok,2.375725,2.371790,0.000000,2.371790,0.998300,696,26,3e6c9ef9d26cfe312a4cd8e1b81b3f671b88fbce84de543e8c23c206a942504d,,c9774891c6535de133368ffe2d420dc3a1b458fbe4f57dc4ccdddaed298182f5,rlimit,1800
2026-09-27T16:57:10Z,19e19925921f112b6d318368df76697f39f4428c,a42531566e9b,5e5f327fe64d,1,st,nbody,pascal,official,50000000,ok,0,,ok,2.375889,2.370180,0.000806,2.370986,0.997900,696,26,3e6c9ef9d26cfe312a4cd8e1b81b3f671b88fbce84de543e8c23c206a942504d,,c9774891c6535de133368ffe2d420dc3a1b458fbe4f57dc4ccdddaed298182f5,rlimit,1800
2026-09-27T16:57:13Z,19e19925921f112b6d318368df76697f39f4428c,a42531566e9b,5e5f327fe64d,2,st,nbody,pascal,official,50000000,ok,0,,ok,2.375059,2.371358,0.000000,2.371358,0.998400,652,26,3e6c9ef9d26cfe312a4cd8e1b81b3f671b88fbce84de543e8c23c206a942504d,,c9774891c6535de133368ffe2d420dc3a1b458fbe4f57dc4ccdddaed298182f5,rlimit,1800
2026-09-27T16:57:15Z,19e19925921f112b6d318368df76697f39f4428c,a42531566e9b,5e5f327fe64d,3,st,nbody,pascal,official,50000000,ok,0,,ok,2.375237,2.371323,0.000000,2.371323,0.998400,652,26,3e6c9ef9d26cfe312a4cd8e1b81b3f671b88fbce84de543e8c23c206a942504d,,c9774891c6535de133368ffe2d420dc3a1b458fbe4f57dc4ccdddaed298182f5,rlimit,1800
2026-09-27T16:57:17Z,19e19925921f112b6d318368df76697f39f4428c,a42531566e9b,5e5f327fe64d,4,st,nbody,pascal,official,50000000,ok,0,,ok,2.374968,2.370162,0.000998,2.371160,0.998400,696,26,3e6c9ef9d26cfe312a4cd8e1b81b3f671b88fbce84de543e8c23c206a942504d,,c9774891c6535de133368ffe2d420dc3a1b458fbe4f57dc4ccdddaed298182f5,rlimit,1800
2026-09-27T16:57:20Z,19e19925921f112b6d318368df76697f39f4428c,a42531566e9b,939843aaa768,0,best,nbody,resid,official,50000000,ok,0,,ok,2.811662,2.804663,0.001964,2.806627,0.998200,2084,26,3e6c9ef9d26cfe312a4cd8e1b81b3f671b88fbce84de543e8c23c206a942504d,,612f00985e1ca77fae00abde91303e2b180bf28349a2f0d5661066f3529379f9,rlimit,1800
2026-09-27T16:57:23Z,19e19925921f112b6d318368df76697f39f4428c,a42531566e9b,939843aaa768,1,best,nbody,resid,official,50000000,ok,0,,ok,2.801320,2.794666,0.001987,2.796653,0.998300,2088,26,3e6c9ef9d26cfe312a4cd8e1b81b3f671b88fbce84de543e8c23c206a942504d,,612f00985e1ca77fae00abde91303e2b180bf28349a2f0d5661066f3529379f9,rlimit,1800
2026-09-27T16:57:26Z,19e19925921f112b6d318368df76697f39f4428c,a42531566e9b,939843aaa768,2,best,nbody,resid,official,50000000,ok,0,,ok,2.794680,2.790238,0.000943,2.791181,0.998700,2084,26,3e6c9ef9d26cfe312a4cd8e1b81b3f671b88fbce84de543e8c23c206a942504d,,612f00985e1ca77fae00abde91303e2b180bf28349a2f0d5661066f3529379f9,rlimit,1800
2026-09-27T16:57:29Z,19e19925921f112b6d318368df76697f39f4428c,a42531566e9b,939843aaa768,3,best,nbody,resid,official,50000000,ok,0,,ok,2.802647,2.797739,0.000000,2.797739,0.998200,2084,26,3e6c9ef9d26cfe312a4cd8e1b81b3f671b88fbce84de543e8c23c206a942504d,,612f00985e1ca77fae00abde91303e2b180bf28349a2f0d5661066f3529379f9,rlimit,1800
2026-09-27T16:57:31Z,19e19925921f112b6d318368df76697f39f4428c,a42531566e9b,939843aaa768,4,best,nbody,resid,official,50000000,ok,0,,ok,2.797868,2.793026,0.000989,2.794015,0.998600,2084,26,3e6c9ef9d26cfe312a4cd8e1b81b3f671b88fbce84de543e8c23c206a942504d,,612f00985e1ca77fae00abde91303e2b180bf28349a2f0d5661066f3529379f9,rlimit,1800
2026-09-27T16:57:33Z,19e19925921f112b6d318368df76697f39f4428c,a42531566e9b,adb2a43d64ef,0,best,nbody,c,official,50000000,ok,0,,ok,1.008494,1.003171,0.003613,1.006784,0.998300,1824,26,3e6c9ef9d26cfe312a4cd8e1b81b3f671b88fbce84de543e8c23c206a942504d,,e1a276c3c0bb4b86138e57e7d227a2be7399f700e50f0dbb0d6425ef69540a96,rlimit,1800
2026-09-27T16:57:34Z,19e19925921f112b6d318368df76697f39f4428c,a42531566e9b,adb2a43d64ef,1,best,nbody,c,official,50000000,ok,0,,ok,1.013760,1.011306,0.000993,1.012299,0.998600,1824,26,3e6c9ef9d26cfe312a4cd8e1b81b3f671b88fbce84de543e8c23c206a942504d,,e1a276c3c0bb4b86138e57e7d227a2be7399f700e50f0dbb0d6425ef69540a96,rlimit,1800
2026-09-27T16:57:35Z,19e19925921f112b6d318368df76697f39f4428c,a42531566e9b,adb2a43d64ef,2,best,nbody,c,official,50000000,ok,0,,ok,1.011385,1.007571,0.001653,1.009224,0.997900,1888,26,3e6c9ef9d26cfe312a4cd8e1b81b3f671b88fbce84de543e8c23c206a942504d,,e1a276c3c0bb4b86138e57e7d227a2be7399f700e50f0dbb0d6425ef69540a96,rlimit,1800
2026-09-27T16:57:36Z,19e19925921f112b6d318368df76697f39f4428c,a42531566e9b,adb2a43d64ef,3,best,nbody,c,official,50000000,ok,0,,ok,1.013173,1.010764,0.000998,1.011762,0.998600,1824,26,3e6c9ef9d26cfe312a4cd8e1b81b3f671b88fbce84de543e8c23c206a942504d,,e1a276c3c0bb4b86138e57e7d227a2be7399f700e50f0dbb0d6425ef69540a96,rlimit,1800
2026-09-27T16:57:37Z,19e19925921f112b6d318368df76697f39f4428c,a42531566e9b,adb2a43d64ef,4,best,nbody,c,official,50000000,ok,0,,ok,1.011322,1.007890,0.001892,1.009782,0.998500,1824,26,3e6c9ef9d26cfe312a4cd8e1b81b3f671b88fbce84de543e8c23c206a942504d,,e1a276c3c0bb4b86138e57e7d227a2be7399f700e50f0dbb0d6425ef69540a96,rlimit,1800
2026-09-27T16:57:38Z,19e19925921f112b6d318368df76697f39f4428c,a42531566e9b,b54fb3bc5dff,0,best,nbody,cpp,official,50000000,ok,0,,ok,0.968789,0.966130,0.000983,0.967113,0.998300,4204,26,3e6c9ef9d26cfe312a4cd8e1b81b3f671b88fbce84de543e8c23c206a942504d,,3dc46bbd1f6ee24adf64d914a9347abd54c89afc63acda55dbab24f41a0a6d29,rlimit,1800
2026-09-27T16:57:39Z,19e19925921f112b6d318368df76697f39f4428c,a42531566e9b,b54fb3bc5dff,1,best,nbody,cpp,official,50000000,ok,0,,ok,0.971539,0.970050,0.000000,0.970050,0.998500,4284,26,3e6c9ef9d26cfe312a4cd8e1b81b3f671b88fbce84de543e8c23c206a942504d,,3dc46bbd1f6ee24adf64d914a9347abd54c89afc63acda55dbab24f41a0a6d29,rlimit,1800
2026-09-27T16:57:39Z,19e19925921f112b6d318368df76697f39f4428c,a42531566e9b,b54fb3bc5dff,2,best,nbody,cpp,official,50000000,ok,0,,ok,0.972962,0.971560,0.000000,0.971560,0.998600,4276,26,3e6c9ef9d26cfe312a4cd8e1b81b3f671b88fbce84de543e8c23c206a942504d,,3dc46bbd1f6ee24adf64d914a9347abd54c89afc63acda55dbab24f41a0a6d29,rlimit,1800
2026-09-27T16:57:40Z,19e19925921f112b6d318368df76697f39f4428c,a42531566e9b,b54fb3bc5dff,3,best,nbody,cpp,official,50000000,ok,0,,ok,0.971306,0.967941,0.001993,0.969934,0.998600,4264,26,3e6c9ef9d26cfe312a4cd8e1b81b3f671b88fbce84de543e8c23c206a942504d,,3dc46bbd1f6ee24adf64d914a9347abd54c89afc63acda55dbab24f41a0a6d29,rlimit,1800
2026-09-27T16:57:41Z,19e19925921f112b6d318368df76697f39f4428c,a42531566e9b,b54fb3bc5dff,4,best,nbody,cpp,official,50000000,ok,0,,ok,0.974017,0.971677,0.000987,0.972664,0.998600,4296,26,3e6c9ef9d26cfe312a4cd8e1b81b3f671b88fbce84de543e8c23c206a942504d,,3dc46bbd1f6ee24adf64d914a9347abd54c89afc63acda55dbab24f41a0a6d29,rlimit,1800
2026-09-27T16:57:42Z,19e19925921f112b6d318368df76697f39f4428c,a42531566e9b,212c28e9cd21,0,best,nbody,rust,official,50000000,ok,0,,ok,0.999306,0.995791,0.001997,0.997788,0.998500,2404,26,3e6c9ef9d26cfe312a4cd8e1b81b3f671b88fbce84de543e8c23c206a942504d,,a788948bcc99f985752ad2331303f67d4dabd37d66259c0dddab72350791ad91,rlimit,1800
2026-09-27T16:57:43Z,19e19925921f112b6d318368df76697f39f4428c,a42531566e9b,212c28e9cd21,1,best,nbody,rust,official,50000000,ok,0,,ok,1.000855,0.998479,0.000998,0.999477,0.998600,2340,26,3e6c9ef9d26cfe312a4cd8e1b81b3f671b88fbce84de543e8c23c206a942504d,,a788948bcc99f985752ad2331303f67d4dabd37d66259c0dddab72350791ad91,rlimit,1800
2026-09-27T16:57:44Z,19e19925921f112b6d318368df76697f39f4428c,a42531566e9b,212c28e9cd21,2,best,nbody,rust,official,50000000,ok,0,,ok,1.000356,0.998888,0.000000,0.998888,0.998500,2348,26,3e6c9ef9d26cfe312a4cd8e1b81b3f671b88fbce84de543e8c23c206a942504d,,a788948bcc99f985752ad2331303f67d4dabd37d66259c0dddab72350791ad91,rlimit,1800
2026-09-27T16:57:45Z,19e19925921f112b6d318368df76697f39f4428c,a42531566e9b,212c28e9cd21,3,best,nbody,rust,official,50000000,ok,0,,ok,1.001643,1.000111,0.000000,1.000111,0.998500,2296,26,3e6c9ef9d26cfe312a4cd8e1b81b3f671b88fbce84de543e8c23c206a942504d,,a788948bcc99f985752ad2331303f67d4dabd37d66259c0dddab72350791ad91,rlimit,1800
2026-09-27T16:57:46Z,19e19925921f112b6d318368df76697f39f4428c,a42531566e9b,212c28e9cd21,4,best,nbody,rust,official,50000000,ok,0,,ok,1.002512,1.000057,0.000999,1.001056,0.998500,2336,26,3e6c9ef9d26cfe312a4cd8e1b81b3f671b88fbce84de543e8c23c206a942504d,,a788948bcc99f985752ad2331303f67d4dabd37d66259c0dddab72350791ad91,rlimit,1800
2026-09-27T16:57:48Z,19e19925921f112b6d318368df76697f39f4428c,a42531566e9b,1f169bd4c253,0,best,nbody,go,official,50000000,ok,0,,ok,1.828946,1.823561,0.003825,1.827386,0.999100,5732,26,3e6c9ef9d26cfe312a4cd8e1b81b3f671b88fbce84de543e8c23c206a942504d,,d2136cb465921aa5c9da7719bc31baa3b32fe6559323c9bf8f20552edcaad2dc,rlimit,1800
2026-09-27T16:57:50Z,19e19925921f112b6d318368df76697f39f4428c,a42531566e9b,1f169bd4c253,1,best,nbody,go,official,50000000,ok,0,,ok,1.825413,1.819411,0.004498,1.823909,0.999200,5748,26,3e6c9ef9d26cfe312a4cd8e1b81b3f671b88fbce84de543e8c23c206a942504d,,d2136cb465921aa5c9da7719bc31baa3b32fe6559323c9bf8f20552edcaad2dc,rlimit,1800
2026-09-27T16:57:52Z,19e19925921f112b6d318368df76697f39f4428c,a42531566e9b,1f169bd4c253,2,best,nbody,go,official,50000000,ok,0,,ok,1.839094,1.836366,0.001984,1.838350,0.999600,3684,26,3e6c9ef9d26cfe312a4cd8e1b81b3f671b88fbce84de543e8c23c206a942504d,,d2136cb465921aa5c9da7719bc31baa3b32fe6559323c9bf8f20552edcaad2dc,rlimit,1800
2026-09-27T16:57:54Z,19e19925921f112b6d318368df76697f39f4428c,a42531566e9b,1f169bd4c253,3,best,nbody,go,official,50000000,ok,0,,ok,1.837125,1.835253,0.000991,1.836244,0.999500,3684,26,3e6c9ef9d26cfe312a4cd8e1b81b3f671b88fbce84de543e8c23c206a942504d,,d2136cb465921aa5c9da7719bc31baa3b32fe6559323c9bf8f20552edcaad2dc,rlimit,1800
2026-09-27T16:57:56Z,19e19925921f112b6d318368df76697f39f4428c,a42531566e9b,1f169bd4c253,4,best,nbody,go,official,50000000,ok,0,,ok,1.838141,1.832729,0.004946,1.837675,0.999700,5824,26,3e6c9ef9d26cfe312a4cd8e1b81b3f671b88fbce84de543e8c23c206a942504d,,d2136cb465921aa5c9da7719bc31baa3b32fe6559323c9bf8f20552edcaad2dc,rlimit,1800
2026-09-27T16:57:58Z,19e19925921f112b6d318368df76697f39f4428c,a42531566e9b,23a33f317013,0,best,nbody,java,official,50000000,ok,0,,ok,1.983639,1.985488,0.017885,2.003373,1.009900,48116,26,3e6c9ef9d26cfe312a4cd8e1b81b3f671b88fbce84de543e8c23c206a942504d,,894835757ed762291e9117940eccdb456d94242df6fbf6574cb5a6c953f59c21,poll,1800
2026-09-27T16:58:00Z,19e19925921f112b6d318368df76697f39f4428c,a42531566e9b,23a33f317013,1,best,nbody,java,official,50000000,ok,0,,ok,1.966339,1.973394,0.008936,1.982330,1.008100,48064,26,3e6c9ef9d26cfe312a4cd8e1b81b3f671b88fbce84de543e8c23c206a942504d,,894835757ed762291e9117940eccdb456d94242df6fbf6574cb5a6c953f59c21,poll,1800
2026-09-27T16:58:02Z,19e19925921f112b6d318368df76697f39f4428c,a42531566e9b,23a33f317013,2,best,nbody,java,official,50000000,ok,0,,ok,1.962053,1.968520,0.011934,1.980454,1.009400,48168,26,3e6c9ef9d26cfe312a4cd8e1b81b3f671b88fbce84de543e8c23c206a942504d,,894835757ed762291e9117940eccdb456d94242df6fbf6574cb5a6c953f59c21,poll,1800
2026-09-27T16:58:04Z,19e19925921f112b6d318368df76697f39f4428c,a42531566e9b,23a33f317013,3,best,nbody,java,official,50000000,ok,0,,ok,1.975782,1.981355,0.011927,1.993282,1.008900,48160,26,3e6c9ef9d26cfe312a4cd8e1b81b3f671b88fbce84de543e8c23c206a942504d,,894835757ed762291e9117940eccdb456d94242df6fbf6574cb5a6c953f59c21,poll,1800
2026-09-27T16:58:06Z,19e19925921f112b6d318368df76697f39f4428c,a42531566e9b,23a33f317013,4,best,nbody,java,official,50000000,ok,0,,ok,1.978833,1.985986,0.008897,1.994883,1.008100,48212,26,3e6c9ef9d26cfe312a4cd8e1b81b3f671b88fbce84de543e8c23c206a942504d,,894835757ed762291e9117940eccdb456d94242df6fbf6574cb5a6c953f59c21,poll,1800
2026-09-27T16:58:07Z,19e19925921f112b6d318368df76697f39f4428c,a42531566e9b,18dfaf8e3514,0,best,nbody,csharp,official,50000000,ok,0,,ok,1.539386,1.520330,0.007901,1.528231,0.992800,28700,26,3e6c9ef9d26cfe312a4cd8e1b81b3f671b88fbce84de543e8c23c206a942504d,,81567e8b609b4a134f4297b2af970e798919be9e9cddb552be82231f2ee9ca7e,poll,1800
2026-09-27T16:58:09Z,19e19925921f112b6d318368df76697f39f4428c,a42531566e9b,18dfaf8e3514,1,best,nbody,csharp,official,50000000,ok,0,,ok,1.532859,1.525460,0.006962,1.532422,0.999700,28680,26,3e6c9ef9d26cfe312a4cd8e1b81b3f671b88fbce84de543e8c23c206a942504d,,81567e8b609b4a134f4297b2af970e798919be9e9cddb552be82231f2ee9ca7e,poll,1800
2026-09-27T16:58:10Z,19e19925921f112b6d318368df76697f39f4428c,a42531566e9b,18dfaf8e3514,2,best,nbody,csharp,official,50000000,ok,0,,ok,1.532797,1.520828,0.010943,1.531771,0.999300,28700,26,3e6c9ef9d26cfe312a4cd8e1b81b3f671b88fbce84de543e8c23c206a942504d,,81567e8b609b4a134f4297b2af970e798919be9e9cddb552be82231f2ee9ca7e,poll,1800
2026-09-27T16:58:12Z,19e19925921f112b6d318368df76697f39f4428c,a42531566e9b,18dfaf8e3514,3,best,nbody,csharp,official,50000000,ok,0,,ok,1.531971,1.525365,0.005958,1.531323,0.999600,28720,26,3e6c9ef9d26cfe312a4cd8e1b81b3f671b88fbce84de543e8c23c206a942504d,,81567e8b609b4a134f4297b2af970e798919be9e9cddb552be82231f2ee9ca7e,poll,1800
2026-09-27T16:58:13Z,19e19925921f112b6d318368df76697f39f4428c,a42531566e9b,18dfaf8e3514,4,best,nbody,csharp,official,50000000,ok,0,,ok,1.532685,1.521948,0.009953,1.531901,0.999500,28712,26,3e6c9ef9d26cfe312a4cd8e1b81b3f671b88fbce84de543e8c23c206a942504d,,81567e8b609b4a134f4297b2af970e798919be9e9cddb552be82231f2ee9ca7e,poll,1800
2026-09-27T16:58:15Z,19e19925921f112b6d318368df76697f39f4428c,a42531566e9b,cac3e2be3f93,0,best,nbody,javascript,official,50000000,ok,0,,ok,2.046941,2.043999,0.005936,2.049935,1.001500,62324,26,3e6c9ef9d26cfe312a4cd8e1b81b3f671b88fbce84de543e8c23c206a942504d,,6a90dbbd2dbf2250c78ec49e96b42a4b070a97a97d15b16d6a841906d02617d0,poll,1800
2026-09-27T16:58:17Z,19e19925921f112b6d318368df76697f39f4428c,a42531566e9b,cac3e2be3f93,1,best,nbody,javascript,official,50000000,ok,0,,ok,2.074589,2.067463,0.008946,2.076409,1.000900,62832,26,3e6c9ef9d26cfe312a4cd8e1b81b3f671b88fbce84de543e8c23c206a942504d,,6a90dbbd2dbf2250c78ec49e96b42a4b070a97a97d15b16d6a841906d02617d0,poll,1800
2026-09-27T16:58:19Z,19e19925921f112b6d318368df76697f39f4428c,a42531566e9b,cac3e2be3f93,2,best,nbody,javascript,official,50000000,ok,0,,ok,2.093109,2.085922,0.010860,2.096782,1.001800,62408,26,3e6c9ef9d26cfe312a4cd8e1b81b3f671b88fbce84de543e8c23c206a942504d,,6a90dbbd2dbf2250c78ec49e96b42a4b070a97a97d15b16d6a841906d02617d0,poll,1800
2026-09-27T16:58:22Z,19e19925921f112b6d318368df76697f39f4428c,a42531566e9b,cac3e2be3f93,3,best,nbody,javascript,official,50000000,ok,0,,ok,2.060010,2.055004,0.005697,2.060701,1.000300,62076,26,3e6c9ef9d26cfe312a4cd8e1b81b3f671b88fbce84de543e8c23c206a942504d,,6a90dbbd2dbf2250c78ec49e96b42a4b070a97a97d15b16d6a841906d02617d0,poll,1800
2026-09-27T16:58:24Z,19e19925921f112b6d318368df76697f39f4428c,a42531566e9b,cac3e2be3f93,4,best,nbody,javascript,official,50000000,ok,0,,ok,2.063415,2.057875,0.007973,2.065848,1.001200,62580,26,3e6c9ef9d26cfe312a4cd8e1b81b3f671b88fbce84de543e8c23c206a942504d,,6a90dbbd2dbf2250c78ec49e96b42a4b070a97a97d15b16d6a841906d02617d0,poll,1800
2026-09-27T17:00:48Z,19e19925921f112b6d318368df76697f39f4428c,a42531566e9b,0506101bfd3d,0,best,nbody,python,official,50000000,ok,0,,ok,144.502714,144.281823,0.014039,144.295862,0.998600,11012,26,3e6c9ef9d26cfe312a4cd8e1b81b3f671b88fbce84de543e8c23c206a942504d,,3475a549ae4ab0bb12058b6a17ad64f64444f07de136e5d0102932c08ecffc15,rlimit,1800
2026-09-27T17:03:15Z,19e19925921f112b6d318368df76697f39f4428c,a42531566e9b,0506101bfd3d,1,best,nbody,python,official,50000000,ok,0,,ok,146.521264,146.279385,0.025263,146.304648,0.998500,11140,26,3e6c9ef9d26cfe312a4cd8e1b81b3f671b88fbce84de543e8c23c206a942504d,,3475a549ae4ab0bb12058b6a17ad64f64444f07de136e5d0102932c08ecffc15,rlimit,1800
2026-09-27T17:05:39Z,19e19925921f112b6d318368df76697f39f4428c,a42531566e9b,0506101bfd3d,2,best,nbody,python,official,50000000,ok,0,,ok,144.090965,143.840139,0.028223,143.868362,0.998500,11140,26,3e6c9ef9d26cfe312a4cd8e1b81b3f671b88fbce84de543e8c23c206a942504d,,3475a549ae4ab0bb12058b6a17ad64f64444f07de136e5d0102932c08ecffc15,rlimit,1800
2026-09-27T17:05:40Z,19e19925921f112b6d318368df76697f39f4428c,a42531566e9b,976dc5d3555f,0,best,nbody,fortran,official,50000000,ok,0,,ok,1.725391,1.722879,0.000000,1.722879,0.998500,3036,26,3e6c9ef9d26cfe312a4cd8e1b81b3f671b88fbce84de543e8c23c206a942504d,,c4f83ffdf8e14f424dd0f39b2396f74a78d70cda928725ba604d9e4cb6ae2009,rlimit,1800
2026-09-27T17:05:42Z,19e19925921f112b6d318368df76697f39f4428c,a42531566e9b,976dc5d3555f,1,best,nbody,fortran,official,50000000,ok,0,,ok,1.724026,1.721271,0.000000,1.721271,0.998400,3260,26,3e6c9ef9d26cfe312a4cd8e1b81b3f671b88fbce84de543e8c23c206a942504d,,c4f83ffdf8e14f424dd0f39b2396f74a78d70cda928725ba604d9e4cb6ae2009,rlimit,1800
2026-09-27T17:05:44Z,19e19925921f112b6d318368df76697f39f4428c,a42531566e9b,976dc5d3555f,2,best,nbody,fortran,official,50000000,ok,0,,ok,1.727724,1.724061,0.000997,1.725058,0.998500,3232,26,3e6c9ef9d26cfe312a4cd8e1b81b3f671b88fbce84de543e8c23c206a942504d,,c4f83ffdf8e14f424dd0f39b2396f74a78d70cda928725ba604d9e4cb6ae2009,rlimit,1800
2026-09-27T17:05:46Z,19e19925921f112b6d318368df76697f39f4428c,a42531566e9b,976dc5d3555f,3,best,nbody,fortran,official,50000000,ok,0,,ok,1.722800,1.717501,0.001989,1.719490,0.998100,3224,26,3e6c9ef9d26cfe312a4cd8e1b81b3f671b88fbce84de543e8c23c206a942504d,,c4f83ffdf8e14f424dd0f39b2396f74a78d70cda928725ba604d9e4cb6ae2009,rlimit,1800
2026-09-27T17:05:47Z,19e19925921f112b6d318368df76697f39f4428c,a42531566e9b,976dc5d3555f,4,best,nbody,fortran,official,50000000,ok,0,,ok,1.728459,1.723626,0.001996,1.725622,0.998400,3284,26,3e6c9ef9d26cfe312a4cd8e1b81b3f671b88fbce84de543e8c23c206a942504d,,c4f83ffdf8e14f424dd0f39b2396f74a78d70cda928725ba604d9e4cb6ae2009,rlimit,1800
2026-09-27T17:05:49Z,19e19925921f112b6d318368df76697f39f4428c,a42531566e9b,9426f83fb640,0,best,nbody,pascal,official,50000000,ok,0,,ok,1.904315,1.899915,0.000000,1.899915,0.997700,692,26,3e6c9ef9d26cfe312a4cd8e1b81b3f671b88fbce84de543e8c23c206a942504d,,953eb5442474ad47323ab7f12205c04ffa3dcdee7bde993ad86c89ed13e40198,rlimit,1800
2026-09-27T17:05:51Z,19e19925921f112b6d318368df76697f39f4428c,a42531566e9b,9426f83fb640,1,best,nbody,pascal,official,50000000,ok,0,,ok,1.906180,1.901452,0.000999,1.902451,0.998000,696,26,3e6c9ef9d26cfe312a4cd8e1b81b3f671b88fbce84de543e8c23c206a942504d,,953eb5442474ad47323ab7f12205c04ffa3dcdee7bde993ad86c89ed13e40198,rlimit,1800
2026-09-27T17:05:53Z,19e19925921f112b6d318368df76697f39f4428c,a42531566e9b,9426f83fb640,2,best,nbody,pascal,official,50000000,ok,0,,ok,1.907416,1.901425,0.002797,1.904222,0.998300,700,26,3e6c9ef9d26cfe312a4cd8e1b81b3f671b88fbce84de543e8c23c206a942504d,,953eb5442474ad47323ab7f12205c04ffa3dcdee7bde993ad86c89ed13e40198,rlimit,1800
2026-09-27T17:05:55Z,19e19925921f112b6d318368df76697f39f4428c,a42531566e9b,9426f83fb640,3,best,nbody,pascal,official,50000000,ok,0,,ok,1.907415,1.901723,0.001642,1.903365,0.997900,700,26,3e6c9ef9d26cfe312a4cd8e1b81b3f671b88fbce84de543e8c23c206a942504d,,953eb5442474ad47323ab7f12205c04ffa3dcdee7bde993ad86c89ed13e40198,rlimit,1800
2026-09-27T17:05:57Z,19e19925921f112b6d318368df76697f39f4428c,a42531566e9b,9426f83fb640,4,best,nbody,pascal,official,50000000,ok,0,,ok,1.907418,1.902146,0.001827,1.903973,0.998200,696,26,3e6c9ef9d26cfe312a4cd8e1b81b3f671b88fbce84de543e8c23c206a942504d,,953eb5442474ad47323ab7f12205c04ffa3dcdee7bde993ad86c89ed13e40198,rlimit,1800
2026-09-27T17:06:23Z,19e19925921f112b6d318368df76697f39f4428c,a42531566e9b,aa030eb02326,0,st,fannkuch-redux,c,official,12,ok,0,,reference,26.341405,26.292896,0.003612,26.296508,0.998300,1952,29,4265a65135c506a68d90d6474003fb9030b7ee244a06c046bd89b3932a28ce20,,dbd1158835c1d75ea6530cb2e97ee8f72056c14f889f90267e225f446a96c423,rlimit,1800
2026-09-27T17:06:50Z,19e19925921f112b6d318368df76697f39f4428c,a42531566e9b,aa030eb02326,1,st,fannkuch-redux,c,official,12,ok,0,,reference,26.301479,26.247003,0.007880,26.254883,0.998200,1948,29,4265a65135c506a68d90d6474003fb9030b7ee244a06c046bd89b3932a28ce20,,dbd1158835c1d75ea6530cb2e97ee8f72056c14f889f90267e225f446a96c423,rlimit,1800
2026-09-27T17:07:16Z,19e19925921f112b6d318368df76697f39f4428c,a42531566e9b,aa030eb02326,2,st,fannkuch-redux,c,official,12,ok,0,,reference,26.298228,26.244149,0.009114,26.253263,0.998300,1952,29,4265a65135c506a68d90d6474003fb9030b7ee244a06c046bd89b3932a28ce20,,dbd1158835c1d75ea6530cb2e97ee8f72056c14f889f90267e225f446a96c423,rlimit,1800
2026-09-27T17:07:42Z,19e19925921f112b6d318368df76697f39f4428c,a42531566e9b,aa030eb02326,3,st,fannkuch-redux,c,official,12,ok,0,,reference,26.185989,26.129216,0.009577,26.138793,0.998200,1952,29,4265a65135c506a68d90d6474003fb9030b7ee244a06c046bd89b3932a28ce20,,dbd1158835c1d75ea6530cb2e97ee8f72056c14f889f90267e225f446a96c423,rlimit,1800
2026-09-27T17:08:08Z,19e19925921f112b6d318368df76697f39f4428c,a42531566e9b,aa030eb02326,4,st,fannkuch-redux,c,official,12,ok,0,,reference,26.244133,26.189557,0.007004,26.196561,0.998200,1952,29,4265a65135c506a68d90d6474003fb9030b7ee244a06c046bd89b3932a28ce20,,dbd1158835c1d75ea6530cb2e97ee8f72056c14f889f90267e225f446a96c423,rlimit,1800
2026-09-27T17:08:24Z,19e19925921f112b6d318368df76697f39f4428c,a42531566e9b,b278bd41aea7,0,st,fannkuch-redux,resid,official,12,ok,0,,ok,15.266346,15.230029,0.006052,15.236081,0.998000,2088,29,4265a65135c506a68d90d6474003fb9030b7ee244a06c046bd89b3932a28ce20,,e4216da750b191fb90e9df8bd4861502263f2bde1d5e9cc9fcfeccf662105036,rlimit,1800
2026-09-27T17:08:39Z,19e19925921f112b6d318368df76697f39f4428c,a42531566e9b,b278bd41aea7,1,st,fannkuch-redux,resid,official,12,ok,0,,ok,15.241417,15.214225,0.000998,15.215223,0.998300,2088,29,4265a65135c506a68d90d6474003fb9030b7ee244a06c046bd89b3932a28ce20,,e4216da750b191fb90e9df8bd4861502263f2bde1d5e9cc9fcfeccf662105036,rlimit,1800
2026-09-27T17:08:54Z,19e19925921f112b6d318368df76697f39f4428c,a42531566e9b,b278bd41aea7,2,st,fannkuch-redux,resid,official,12,ok,0,,ok,15.227802,15.198013,0.005202,15.203215,0.998400,2084,29,4265a65135c506a68d90d6474003fb9030b7ee244a06c046bd89b3932a28ce20,,e4216da750b191fb90e9df8bd4861502263f2bde1d5e9cc9fcfeccf662105036,rlimit,1800
2026-09-27T17:09:09Z,19e19925921f112b6d318368df76697f39f4428c,a42531566e9b,b278bd41aea7,3,st,fannkuch-redux,resid,official,12,ok,0,,ok,15.216105,15.186086,0.005656,15.191742,0.998400,2084,29,4265a65135c506a68d90d6474003fb9030b7ee244a06c046bd89b3932a28ce20,,e4216da750b191fb90e9df8bd4861502263f2bde1d5e9cc9fcfeccf662105036,rlimit,1800
2026-09-27T17:09:24Z,19e19925921f112b6d318368df76697f39f4428c,a42531566e9b,b278bd41aea7,4,st,fannkuch-redux,resid,official,12,ok,0,,ok,15.213167,15.187936,0.001809,15.189745,0.998500,2084,29,4265a65135c506a68d90d6474003fb9030b7ee244a06c046bd89b3932a28ce20,,e4216da750b191fb90e9df8bd4861502263f2bde1d5e9cc9fcfeccf662105036,rlimit,1800
2026-09-27T17:09:51Z,19e19925921f112b6d318368df76697f39f4428c,a42531566e9b,0573a7e05840,0,st,fannkuch-redux,cpp,official,12,ok,0,,ok,26.310831,26.256935,0.007648,26.264583,0.998200,4216,29,4265a65135c506a68d90d6474003fb9030b7ee244a06c046bd89b3932a28ce20,,c7e569cfade1a19dad8fc61245846a30da20bea2d397ad5b223917a12cc083e4,rlimit,1800
2026-09-27T17:10:17Z,19e19925921f112b6d318368df76697f39f4428c,a42531566e9b,0573a7e05840,1,st,fannkuch-redux,cpp,official,12,ok,0,,ok,26.305425,26.244328,0.014468,26.258796,0.998200,4208,29,4265a65135c506a68d90d6474003fb9030b7ee244a06c046bd89b3932a28ce20,,c7e569cfade1a19dad8fc61245846a30da20bea2d397ad5b223917a12cc083e4,rlimit,1800
2026-09-27T17:10:43Z,19e19925921f112b6d318368df76697f39f4428c,a42531566e9b,0573a7e05840,2,st,fannkuch-redux,cpp,official,12,ok,0,,ok,26.339816,26.284424,0.010205,26.294629,0.998300,4288,29,4265a65135c506a68d90d6474003fb9030b7ee244a06c046bd89b3932a28ce20,,c7e569cfade1a19dad8fc61245846a30da20bea2d397ad5b223917a12cc083e4,rlimit,1800
2026-09-27T17:11:10Z,19e19925921f112b6d318368df76697f39f4428c,a42531566e9b,0573a7e05840,3,st,fannkuch-redux,cpp,official,12,ok,0,,ok,26.383709,26.329538,0.009636,26.339174,0.998300,4276,29,4265a65135c506a68d90d6474003fb9030b7ee244a06c046bd89b3932a28ce20,,c7e569cfade1a19dad8fc61245846a30da20bea2d397ad5b223917a12cc083e4,rlimit,1800
2026-09-27T17:11:36Z,19e19925921f112b6d318368df76697f39f4428c,a42531566e9b,0573a7e05840,4,st,fannkuch-redux,cpp,official,12,ok,0,,ok,26.413586,26.362743,0.008582,26.371325,0.998400,4208,29,4265a65135c506a68d90d6474003fb9030b7ee244a06c046bd89b3932a28ce20,,c7e569cfade1a19dad8fc61245846a30da20bea2d397ad5b223917a12cc083e4,rlimit,1800
2026-09-27T17:12:03Z,19e19925921f112b6d318368df76697f39f4428c,a42531566e9b,57ad5cb9a57d,0,st,fannkuch-redux,rust,official,12,ok,0,,ok,26.933990,26.872658,0.010180,26.882838,0.998100,2392,29,4265a65135c506a68d90d6474003fb9030b7ee244a06c046bd89b3932a28ce20,,e388543f6adb7ea7f52826e4e6244f07397e02639c565482287cea2378216935,rlimit,1800
2026-09-27T17:12:30Z,19e19925921f112b6d318368df76697f39f4428c,a42531566e9b,57ad5cb9a57d,1,st,fannkuch-redux,rust,official,12,ok,0,,ok,26.957189,26.894136,0.014946,26.909082,0.998200,2328,29,4265a65135c506a68d90d6474003fb9030b7ee244a06c046bd89b3932a28ce20,,e388543f6adb7ea7f52826e4e6244f07397e02639c565482287cea2378216935,rlimit,1800
2026-09-27T17:12:57Z,19e19925921f112b6d318368df76697f39f4428c,a42531566e9b,57ad5cb9a57d,2,st,fannkuch-redux,rust,official,12,ok,0,,ok,26.912863,26.858876,0.008190,26.867066,0.998300,2472,29,4265a65135c506a68d90d6474003fb9030b7ee244a06c046bd89b3932a28ce20,,e388543f6adb7ea7f52826e4e6244f07397e02639c565482287cea2378216935,rlimit,1800
2026-09-27T17:13:24Z,19e19925921f112b6d318368df76697f39f4428c,a42531566e9b,57ad5cb9a57d,3,st,fannkuch-redux,rust,official,12,ok,0,,ok,26.916674,26.863195,0.008975,26.872170,0.998300,2448,29,4265a65135c506a68d90d6474003fb9030b7ee244a06c046bd89b3932a28ce20,,e388543f6adb7ea7f52826e4e6244f07397e02639c565482287cea2378216935,rlimit,1800
2026-09-27T17:13:51Z,19e19925921f112b6d318368df76697f39f4428c,a42531566e9b,57ad5cb9a57d,4,st,fannkuch-redux,rust,official,12,ok,0,,ok,26.906917,26.852039,0.009280,26.861319,0.998300,2320,29,4265a65135c506a68d90d6474003fb9030b7ee244a06c046bd89b3932a28ce20,,e388543f6adb7ea7f52826e4e6244f07397e02639c565482287cea2378216935,rlimit,1800
2026-09-27T17:14:15Z,19e19925921f112b6d318368df76697f39f4428c,a42531566e9b,a56118439312,0,st,fannkuch-redux,go,official,12,ok,0,,ok,24.105579,24.043481,0.016049,24.059530,0.998100,3584,29,4265a65135c506a68d90d6474003fb9030b7ee244a06c046bd89b3932a28ce20,,1bbd73b3c2cc74e85efb384a594f10a7dcb2c534848704f7debbf3a70f815b8a,rlimit,1800
2026-09-27T17:14:39Z,19e19925921f112b6d318368df76697f39f4428c,a42531566e9b,a56118439312,1,st,fannkuch-redux,go,official,12,ok,0,,ok,24.204033,24.155174,0.006424,24.161598,0.998200,3584,29,4265a65135c506a68d90d6474003fb9030b7ee244a06c046bd89b3932a28ce20,,1bbd73b3c2cc74e85efb384a594f10a7dcb2c534848704f7debbf3a70f815b8a,rlimit,1800
2026-09-27T17:15:03Z,19e19925921f112b6d318368df76697f39f4428c,a42531566e9b,a56118439312,2,st,fannkuch-redux,go,official,12,ok,0,,ok,24.163530,24.112972,0.009326,24.122298,0.998300,5648,29,4265a65135c506a68d90d6474003fb9030b7ee244a06c046bd89b3932a28ce20,,1bbd73b3c2cc74e85efb384a594f10a7dcb2c534848704f7debbf3a70f815b8a,rlimit,1800
2026-09-27T17:15:27Z,19e19925921f112b6d318368df76697f39f4428c,a42531566e9b,a56118439312,3,st,fannkuch-redux,go,official,12,ok,0,,ok,24.121122,24.074829,0.004782,24.079611,0.998300,3584,29,4265a65135c506a68d90d6474003fb9030b7ee244a06c046bd89b3932a28ce20,,1bbd73b3c2cc74e85efb384a594f10a7dcb2c534848704f7debbf3a70f815b8a,rlimit,1800
2026-09-27T17:15:52Z,19e19925921f112b6d318368df76697f39f4428c,a42531566e9b,a56118439312,4,st,fannkuch-redux,go,official,12,ok,0,,ok,24.173126,24.121093,0.008109,24.129202,0.998200,3584,29,4265a65135c506a68d90d6474003fb9030b7ee244a06c046bd89b3932a28ce20,,1bbd73b3c2cc74e85efb384a594f10a7dcb2c534848704f7debbf3a70f815b8a,rlimit,1800
2026-09-27T17:16:15Z,19e19925921f112b6d318368df76697f39f4428c,a42531566e9b,2fa34677b253,0,st,fannkuch-redux,java,official,12,ok,0,,ok,23.483858,23.404387,0.024301,23.428688,0.997700,45764,29,4265a65135c506a68d90d6474003fb9030b7ee244a06c046bd89b3932a28ce20,,de8c3577f1ad5b21bc482ab4fa36dfd6ab7618bd7795138d32974bd253b3be42,poll,1800
2026-09-27T17:16:39Z,19e19925921f112b6d318368df76697f39f4428c,a42531566e9b,2fa34677b253,1,st,fannkuch-redux,java,official,12,ok,0,,ok,23.417730,23.357791,0.019414,23.377205,0.998300,45916,29,4265a65135c506a68d90d6474003fb9030b7ee244a06c046bd89b3932a28ce20,,de8c3577f1ad5b21bc482ab4fa36dfd6ab7618bd7795138d32974bd253b3be42,poll,1800
2026-09-27T17:17:02Z,19e19925921f112b6d318368df76697f39f4428c,a42531566e9b,2fa34677b253,2,st,fannkuch-redux,java,official,12,ok,0,,ok,23.531881,23.474948,0.015609,23.490557,0.998200,45916,29,4265a65135c506a68d90d6474003fb9030b7ee244a06c046bd89b3932a28ce20,,de8c3577f1ad5b21bc482ab4fa36dfd6ab7618bd7795138d32974bd253b3be42,poll,1800
2026-09-27T17:17:26Z,19e19925921f112b6d318368df76697f39f4428c,a42531566e9b,2fa34677b253,3,st,fannkuch-redux,java,official,12,ok,0,,ok,23.563786,23.509056,0.012372,23.521428,0.998200,46056,29,4265a65135c506a68d90d6474003fb9030b7ee244a06c046bd89b3932a28ce20,,de8c3577f1ad5b21bc482ab4fa36dfd6ab7618bd7795138d32974bd253b3be42,poll,1800
2026-09-27T17:17:51Z,19e19925921f112b6d318368df76697f39f4428c,a42531566e9b,2fa34677b253,4,st,fannkuch-redux,java,official,12,ok,0,,ok,25.209252,25.140768,0.018498,25.159266,0.998000,45960,29,4265a65135c506a68d90d6474003fb9030b7ee244a06c046bd89b3932a28ce20,,de8c3577f1ad5b21bc482ab4fa36dfd6ab7618bd7795138d32974bd253b3be42,poll,1800
2026-09-27T17:18:17Z,19e19925921f112b6d318368df76697f39f4428c,a42531566e9b,6c072849230e,0,st,fannkuch-redux,csharp,official,12,ok,0,,ok,26.429862,26.353118,0.018582,26.371700,0.997800,28240,29,4265a65135c506a68d90d6474003fb9030b7ee244a06c046bd89b3932a28ce20,,b04f0b1653e0ed153bf4ab218a879344629b0edc447e0275e2056d0a122d51d5,poll,1800
2026-09-27T17:18:44Z,19e19925921f112b6d318368df76697f39f4428c,a42531566e9b,6c072849230e,1,st,fannkuch-redux,csharp,official,12,ok,0,,ok,26.334598,26.277397,0.012895,26.290292,0.998300,28216,29,4265a65135c506a68d90d6474003fb9030b7ee244a06c046bd89b3932a28ce20,,b04f0b1653e0ed153bf4ab218a879344629b0edc447e0275e2056d0a122d51d5,poll,1800
2026-09-27T17:19:10Z,19e19925921f112b6d318368df76697f39f4428c,a42531566e9b,6c072849230e,2,st,fannkuch-redux,csharp,official,12,ok,0,,ok,26.314393,26.256836,0.014919,26.271755,0.998400,28176,29,4265a65135c506a68d90d6474003fb9030b7ee244a06c046bd89b3932a28ce20,,b04f0b1653e0ed153bf4ab218a879344629b0edc447e0275e2056d0a122d51d5,poll,1800
2026-09-27T17:19:36Z,19e19925921f112b6d318368df76697f39f4428c,a42531566e9b,6c072849230e,3,st,fannkuch-redux,csharp,official,12,ok,0,,ok,26.322341,26.261564,0.015690,26.277254,0.998300,28204,29,4265a65135c506a68d90d6474003fb9030b7ee244a06c046bd89b3932a28ce20,,b04f0b1653e0ed153bf4ab218a879344629b0edc447e0275e2056d0a122d51d5,poll,1800
2026-09-27T17:20:02Z,19e19925921f112b6d318368df76697f39f4428c,a42531566e9b,6c072849230e,4,st,fannkuch-redux,csharp,official,12,ok,0,,ok,26.191446,26.125934,0.015576,26.141510,0.998100,28176,29,4265a65135c506a68d90d6474003fb9030b7ee244a06c046bd89b3932a28ce20,,b04f0b1653e0ed153bf4ab218a879344629b0edc447e0275e2056d0a122d51d5,poll,1800
2026-09-27T17:20:28Z,19e19925921f112b6d318368df76697f39f4428c,a42531566e9b,bd5b527f4eab,0,st,fannkuch-redux,javascript,official,12,ok,0,,ok,25.575035,25.516691,0.013001,25.529692,0.998200,58276,29,4265a65135c506a68d90d6474003fb9030b7ee244a06c046bd89b3932a28ce20,,5afd68cb4c450c069de78065035feb83e22299d99cb130fe62431f371f74fb18,poll,1800
2026-09-27T17:20:54Z,19e19925921f112b6d318368df76697f39f4428c,a42531566e9b,bd5b527f4eab,1,st,fannkuch-redux,javascript,official,12,ok,0,,ok,25.603437,25.538662,0.017907,25.556569,0.998200,58268,29,4265a65135c506a68d90d6474003fb9030b7ee244a06c046bd89b3932a28ce20,,5afd68cb4c450c069de78065035feb83e22299d99cb130fe62431f371f74fb18,poll,1800
2026-09-27T17:21:19Z,19e19925921f112b6d318368df76697f39f4428c,a42531566e9b,bd5b527f4eab,2,st,fannkuch-redux,javascript,official,12,ok,0,,ok,25.621375,25.562805,0.014892,25.577697,0.998300,58272,29,4265a65135c506a68d90d6474003fb9030b7ee244a06c046bd89b3932a28ce20,,5afd68cb4c450c069de78065035feb83e22299d99cb130fe62431f371f74fb18,poll,1800
2026-09-27T17:21:45Z,19e19925921f112b6d318368df76697f39f4428c,a42531566e9b,bd5b527f4eab,3,st,fannkuch-redux,javascript,official,12,ok,0,,ok,25.643588,25.585480,0.013436,25.598916,0.998300,58324,29,4265a65135c506a68d90d6474003fb9030b7ee244a06c046bd89b3932a28ce20,,5afd68cb4c450c069de78065035feb83e22299d99cb130fe62431f371f74fb18,poll,1800
2026-09-27T17:22:11Z,19e19925921f112b6d318368df76697f39f4428c,a42531566e9b,bd5b527f4eab,4,st,fannkuch-redux,javascript,official,12,ok,0,,ok,25.647006,25.583383,0.016423,25.599806,0.998200,58368,29,4265a65135c506a68d90d6474003fb9030b7ee244a06c046bd89b3932a28ce20,,5afd68cb4c450c069de78065035feb83e22299d99cb130fe62431f371f74fb18,poll,1800
2026-09-27T17:29:01Z,19e19925921f112b6d318368df76697f39f4428c,a42531566e9b,b27fc06809cf,0,st,fannkuch-redux,python,official,12,ok,0,,ok,410.581364,409.750123,0.141575,409.891698,0.998300,10136,29,4265a65135c506a68d90d6474003fb9030b7ee244a06c046bd89b3932a28ce20,,8331d4fc5ccf4ecb4ecc804307a13e139c91f8d46a3a4ee422a7146861c02e63,rlimit,1800
2026-09-27T17:29:27Z,19e19925921f112b6d318368df76697f39f4428c,a42531566e9b,cc22e8d2ddf3,0,st,fannkuch-redux,fortran,official,12,ok,0,,ok,26.061961,26.010548,0.008224,26.018772,0.998300,3084,29,4265a65135c506a68d90d6474003fb9030b7ee244a06c046bd89b3932a28ce20,,41578e07d7ece65b3ad48a88cab3c6490d7627658d525e29e18e0b77f05eb7e9,rlimit,1800
2026-09-27T17:29:53Z,19e19925921f112b6d318368df76697f39f4428c,a42531566e9b,cc22e8d2ddf3,1,st,fannkuch-redux,fortran,official,12,ok,0,,ok,25.923428,25.870865,0.004494,25.875359,0.998100,3100,29,4265a65135c506a68d90d6474003fb9030b7ee244a06c046bd89b3932a28ce20,,41578e07d7ece65b3ad48a88cab3c6490d7627658d525e29e18e0b77f05eb7e9,rlimit,1800
2026-09-27T17:30:19Z,19e19925921f112b6d318368df76697f39f4428c,a42531566e9b,cc22e8d2ddf3,2,st,fannkuch-redux,fortran,official,12,ok,0,,ok,25.898457,25.844895,0.005777,25.850672,0.998200,3084,29,4265a65135c506a68d90d6474003fb9030b7ee244a06c046bd89b3932a28ce20,,41578e07d7ece65b3ad48a88cab3c6490d7627658d525e29e18e0b77f05eb7e9,rlimit,1800
2026-09-27T17:30:45Z,19e19925921f112b6d318368df76697f39f4428c,a42531566e9b,cc22e8d2ddf3,3,st,fannkuch-redux,fortran,official,12,ok,0,,ok,25.866497,25.815980,0.005559,25.821539,0.998300,3084,29,4265a65135c506a68d90d6474003fb9030b7ee244a06c046bd89b3932a28ce20,,41578e07d7ece65b3ad48a88cab3c6490d7627658d525e29e18e0b77f05eb7e9,rlimit,1800
2026-09-27T17:31:11Z,19e19925921f112b6d318368df76697f39f4428c,a42531566e9b,cc22e8d2ddf3,4,st,fannkuch-redux,fortran,official,12,ok,0,,ok,26.396204,26.327261,0.013511,26.340772,0.997900,3156,29,4265a65135c506a68d90d6474003fb9030b7ee244a06c046bd89b3932a28ce20,,41578e07d7ece65b3ad48a88cab3c6490d7627658d525e29e18e0b77f05eb7e9,rlimit,1800
2026-09-27T17:32:01Z,19e19925921f112b6d318368df76697f39f4428c,a42531566e9b,4b46f7fd7fd3,0,st,fannkuch-redux,pascal,official,12,ok,0,,ok,49.351061,49.242086,0.018035,49.260121,0.998200,696,29,4265a65135c506a68d90d6474003fb9030b7ee244a06c046bd89b3932a28ce20,,99945e132a24979a05d1cb781c7d239e105c7f45ff6a136da5676a9519401fb0,rlimit,1800
2026-09-27T17:32:50Z,19e19925921f112b6d318368df76697f39f4428c,a42531566e9b,4b46f7fd7fd3,1,st,fannkuch-redux,pascal,official,12,ok,0,,ok,49.346135,49.249431,0.012546,49.261977,0.998300,668,29,4265a65135c506a68d90d6474003fb9030b7ee244a06c046bd89b3932a28ce20,,99945e132a24979a05d1cb781c7d239e105c7f45ff6a136da5676a9519401fb0,rlimit,1800
2026-09-27T17:33:39Z,19e19925921f112b6d318368df76697f39f4428c,a42531566e9b,4b46f7fd7fd3,2,st,fannkuch-redux,pascal,official,12,ok,0,,ok,49.369605,49.276138,0.012444,49.288582,0.998400,684,29,4265a65135c506a68d90d6474003fb9030b7ee244a06c046bd89b3932a28ce20,,99945e132a24979a05d1cb781c7d239e105c7f45ff6a136da5676a9519401fb0,rlimit,1800
2026-09-27T17:34:29Z,19e19925921f112b6d318368df76697f39f4428c,a42531566e9b,4b46f7fd7fd3,3,st,fannkuch-redux,pascal,official,12,ok,0,,ok,49.446911,49.338081,0.020048,49.358129,0.998200,672,29,4265a65135c506a68d90d6474003fb9030b7ee244a06c046bd89b3932a28ce20,,99945e132a24979a05d1cb781c7d239e105c7f45ff6a136da5676a9519401fb0,rlimit,1800
2026-09-27T17:35:18Z,19e19925921f112b6d318368df76697f39f4428c,a42531566e9b,4b46f7fd7fd3,4,st,fannkuch-redux,pascal,official,12,ok,0,,ok,49.472450,49.375103,0.013764,49.388867,0.998300,688,29,4265a65135c506a68d90d6474003fb9030b7ee244a06c046bd89b3932a28ce20,,99945e132a24979a05d1cb781c7d239e105c7f45ff6a136da5676a9519401fb0,rlimit,1800
2026-09-27T17:35:20Z,19e19925921f112b6d318368df76697f39f4428c,a42531566e9b,e7023c6be5d3,0,best,fannkuch-redux,resid,official,12,ok,0,,ok,2.000064,20.190373,0.003791,20.194164,10.096800,26728,29,4265a65135c506a68d90d6474003fb9030b7ee244a06c046bd89b3932a28ce20,,4b39c5ac14f2c536862226b412502705d31bac94901ac2a6c2e7bea8f5567ebe,rlimit,1800
2026-09-27T17:35:22Z,19e19925921f112b6d318368df76697f39f4428c,a42531566e9b,e7023c6be5d3,1,best,fannkuch-redux,resid,official,12,ok,0,,ok,1.998962,20.320192,0.007967,20.328159,10.169400,26732,29,4265a65135c506a68d90d6474003fb9030b7ee244a06c046bd89b3932a28ce20,,4b39c5ac14f2c536862226b412502705d31bac94901ac2a6c2e7bea8f5567ebe,rlimit,1800
2026-09-27T17:35:24Z,19e19925921f112b6d318368df76697f39f4428c,a42531566e9b,e7023c6be5d3,2,best,fannkuch-redux,resid,official,12,ok,0,,ok,2.044814,20.509105,0.004919,20.514024,10.032200,26732,29,4265a65135c506a68d90d6474003fb9030b7ee244a06c046bd89b3932a28ce20,,4b39c5ac14f2c536862226b412502705d31bac94901ac2a6c2e7bea8f5567ebe,rlimit,1800
2026-09-27T17:35:26Z,19e19925921f112b6d318368df76697f39f4428c,a42531566e9b,e7023c6be5d3,3,best,fannkuch-redux,resid,official,12,ok,0,,ok,1.974774,20.210169,0.005961,20.216130,10.237200,26732,29,4265a65135c506a68d90d6474003fb9030b7ee244a06c046bd89b3932a28ce20,,4b39c5ac14f2c536862226b412502705d31bac94901ac2a6c2e7bea8f5567ebe,rlimit,1800
2026-09-27T17:35:28Z,19e19925921f112b6d318368df76697f39f4428c,a42531566e9b,e7023c6be5d3,4,best,fannkuch-redux,resid,official,12,ok,0,,ok,2.011596,20.452132,0.002980,20.455112,10.168600,26728,29,4265a65135c506a68d90d6474003fb9030b7ee244a06c046bd89b3932a28ce20,,4b39c5ac14f2c536862226b412502705d31bac94901ac2a6c2e7bea8f5567ebe,rlimit,1800
2026-09-27T17:35:31Z,19e19925921f112b6d318368df76697f39f4428c,a42531566e9b,53190b9ca112,0,best,fannkuch-redux,c,official,12,ok,0,,ok,2.119598,8.385145,0.000964,8.386109,3.956500,1952,29,4265a65135c506a68d90d6474003fb9030b7ee244a06c046bd89b3932a28ce20,,5262a221259ece1334d76fc8f64706db93534ac2758d9a7612878b1c1cab16e7,rlimit,1800
2026-09-27T17:35:33Z,19e19925921f112b6d318368df76697f39f4428c,a42531566e9b,53190b9ca112,1,best,fannkuch-redux,c,official,12,ok,0,,ok,2.125295,8.388960,0.000949,8.389909,3.947600,1952,29,4265a65135c506a68d90d6474003fb9030b7ee244a06c046bd89b3932a28ce20,,5262a221259ece1334d76fc8f64706db93534ac2758d9a7612878b1c1cab16e7,rlimit,1800
2026-09-27T17:35:35Z,19e19925921f112b6d318368df76697f39f4428c,a42531566e9b,53190b9ca112,2,best,fannkuch-redux,c,official,12,ok,0,,ok,2.123854,8.408190,0.001932,8.410122,3.959800,2080,29,4265a65135c506a68d90d6474003fb9030b7ee244a06c046bd89b3932a28ce20,,5262a221259ece1334d76fc8f64706db93534ac2758d9a7612878b1c1cab16e7,rlimit,1800
2026-09-27T17:35:37Z,19e19925921f112b6d318368df76697f39f4428c,a42531566e9b,53190b9ca112,3,best,fannkuch-redux,c,official,12,ok,0,,ok,2.117733,8.382707,0.000000,8.382707,3.958300,2080,29,4265a65135c506a68d90d6474003fb9030b7ee244a06c046bd89b3932a28ce20,,5262a221259ece1334d76fc8f64706db93534ac2758d9a7612878b1c1cab16e7,rlimit,1800
2026-09-27T17:35:39Z,19e19925921f112b6d318368df76697f39f4428c,a42531566e9b,53190b9ca112,4,best,fannkuch-redux,c,official,12,ok,0,,ok,2.120911,8.389801,0.000997,8.390798,3.956200,1952,29,4265a65135c506a68d90d6474003fb9030b7ee244a06c046bd89b3932a28ce20,,5262a221259ece1334d76fc8f64706db93534ac2758d9a7612878b1c1cab16e7,rlimit,1800
2026-09-27T17:35:40Z,19e19925921f112b6d318368df76697f39f4428c,a42531566e9b,e74e3621ea12,0,best,fannkuch-redux,cpp,official,12,ok,0,,ok,1.256324,13.419639,0.000784,13.420423,10.682300,4680,29,4265a65135c506a68d90d6474003fb9030b7ee244a06c046bd89b3932a28ce20,,b33d0deb79337f252e712f2dc08df47a0466d84b3b29d4a170f1221ad937b21a,rlimit,1800
2026-09-27T17:35:42Z,19e19925921f112b6d318368df76697f39f4428c,a42531566e9b,e74e3621ea12,1,best,fannkuch-redux,cpp,official,12,ok,0,,ok,1.251298,13.442494,0.003901,13.446395,10.746000,4496,29,4265a65135c506a68d90d6474003fb9030b7ee244a06c046bd89b3932a28ce20,,b33d0deb79337f252e712f2dc08df47a0466d84b3b29d4a170f1221ad937b21a,rlimit,1800
2026-09-27T17:35:43Z,19e19925921f112b6d318368df76697f39f4428c,a42531566e9b,e74e3621ea12,2,best,fannkuch-redux,cpp,official,12,ok,0,,ok,1.257062,13.434410,0.000998,13.435408,10.687900,4640,29,4265a65135c506a68d90d6474003fb9030b7ee244a06c046bd89b3932a28ce20,,b33d0deb79337f252e712f2dc08df47a0466d84b3b29d4a170f1221ad937b21a,rlimit,1800
2026-09-27T17:35:44Z,19e19925921f112b6d318368df76697f39f4428c,a42531566e9b,e74e3621ea12,3,best,fannkuch-redux,cpp,official,12,ok,0,,ok,1.251275,13.556970,0.002973,13.559943,10.836900,4720,29,4265a65135c506a68d90d6474003fb9030b7ee244a06c046bd89b3932a28ce20,,b33d0deb79337f252e712f2dc08df47a0466d84b3b29d4a170f1221ad937b21a,rlimit,1800
2026-09-27T17:35:45Z,19e19925921f112b6d318368df76697f39f4428c,a42531566e9b,e74e3621ea12,4,best,fannkuch-redux,cpp,official,12,ok,0,,ok,1.286216,13.723359,0.003594,13.726953,10.672400,4684,29,4265a65135c506a68d90d6474003fb9030b7ee244a06c046bd89b3932a28ce20,,b33d0deb79337f252e712f2dc08df47a0466d84b3b29d4a170f1221ad937b21a,rlimit,1800
2026-09-27T17:35:46Z,19e19925921f112b6d318368df76697f39f4428c,a42531566e9b,b879c30f5277,0,best,fannkuch-redux,rust,official,12,ok,0,,ok,0.984306,14.434415,0.000976,14.435391,14.665500,2392,29,4265a65135c506a68d90d6474003fb9030b7ee244a06c046bd89b3932a28ce20,,c40f07613a19e30560a071d6a21583ff77bc5c21e8d7e3310c61ce28fb8a7caa,rlimit,1800
2026-09-27T17:35:47Z,19e19925921f112b6d318368df76697f39f4428c,a42531566e9b,b879c30f5277,1,best,fannkuch-redux,rust,official,12,ok,0,,ok,0.986476,14.605714,0.005970,14.611684,14.812000,2712,29,4265a65135c506a68d90d6474003fb9030b7ee244a06c046bd89b3932a28ce20,,c40f07613a19e30560a071d6a21583ff77bc5c21e8d7e3310c61ce28fb8a7caa,rlimit,1800
2026-09-27T17:35:48Z,19e19925921f112b6d318368df76697f39f4428c,a42531566e9b,b879c30f5277,2,best,fannkuch-redux,rust,official,12,ok,0,,ok,0.965302,14.641313,0.003958,14.645271,15.171700,2492,29,4265a65135c506a68d90d6474003fb9030b7ee244a06c046bd89b3932a28ce20,,c40f07613a19e30560a071d6a21583ff77bc5c21e8d7e3310c61ce28fb8a7caa,rlimit,1800
2026-09-27T17:35:49Z,19e19925921f112b6d318368df76697f39f4428c,a42531566e9b,b879c30f5277,3,best,fannkuch-redux,rust,official,12,ok,0,,ok,0.974237,14.670408,0.008758,14.679166,15.067300,2744,29,4265a65135c506a68d90d6474003fb9030b7ee244a06c046bd89b3932a28ce20,,c40f07613a19e30560a071d6a21583ff77bc5c21e8d7e3310c61ce28fb8a7caa,rlimit,1800
2026-09-27T17:35:50Z,19e19925921f112b6d318368df76697f39f4428c,a42531566e9b,b879c30f5277,4,best,fannkuch-redux,rust,official,12,ok,0,,ok,0.983019,14.692619,0.000997,14.693616,14.947400,2652,29,4265a65135c506a68d90d6474003fb9030b7ee244a06c046bd89b3932a28ce20,,c40f07613a19e30560a071d6a21583ff77bc5c21e8d7e3310c61ce28fb8a7caa,rlimit,1800
2026-09-27T17:35:55Z,19e19925921f112b6d318368df76697f39f4428c,a42531566e9b,63331328f13a,0,best,fannkuch-redux,go,official,12,ok,0,,ok,4.933067,19.620147,0.010474,19.630621,3.979400,5900,29,4265a65135c506a68d90d6474003fb9030b7ee244a06c046bd89b3932a28ce20,,719e6960f7e1a0b5c99885572af1735bad6749f4faf15ac338d9da0d15be5bdf,rlimit,1800
2026-09-27T17:36:00Z,19e19925921f112b6d318368df76697f39f4428c,a42531566e9b,63331328f13a,1,best,fannkuch-redux,go,official,12,ok,0,,ok,4.934500,19.642110,0.004943,19.647053,3.981600,5788,29,4265a65135c506a68d90d6474003fb9030b7ee244a06c046bd89b3932a28ce20,,719e6960f7e1a0b5c99885572af1735bad6749f4faf15ac338d9da0d15be5bdf,rlimit,1800
2026-09-27T17:36:05Z,19e19925921f112b6d318368df76697f39f4428c,a42531566e9b,63331328f13a,2,best,fannkuch-redux,go,official,12,ok,0,,ok,4.964633,19.745466,0.006886,19.752352,3.978600,5888,29,4265a65135c506a68d90d6474003fb9030b7ee244a06c046bd89b3932a28ce20,,719e6960f7e1a0b5c99885572af1735bad6749f4faf15ac338d9da0d15be5bdf,rlimit,1800
2026-09-27T17:36:10Z,19e19925921f112b6d318368df76697f39f4428c,a42531566e9b,63331328f13a,3,best,fannkuch-redux,go,official,12,ok,0,,ok,4.953511,19.700922,0.006898,19.707820,3.978600,7828,29,4265a65135c506a68d90d6474003fb9030b7ee244a06c046bd89b3932a28ce20,,719e6960f7e1a0b5c99885572af1735bad6749f4faf15ac338d9da0d15be5bdf,rlimit,1800
2026-09-27T17:36:15Z,19e19925921f112b6d318368df76697f39f4428c,a42531566e9b,63331328f13a,4,best,fannkuch-redux,go,official,12,ok,0,,ok,4.941409,19.652868,0.001879,19.654747,3.977600,5896,29,4265a65135c506a68d90d6474003fb9030b7ee244a06c046bd89b3932a28ce20,,719e6960f7e1a0b5c99885572af1735bad6749f4faf15ac338d9da0d15be5bdf,rlimit,1800
2026-09-27T17:36:17Z,19e19925921f112b6d318368df76697f39f4428c,a42531566e9b,2ee3f5caa395,0,best,fannkuch-redux,java,official,12,ok,0,,ok,2.423551,36.112948,0.025858,36.138806,14.911500,53504,29,4265a65135c506a68d90d6474003fb9030b7ee244a06c046bd89b3932a28ce20,,f5032e89045670466714bb280c3f8ba6a1663e0081a68a659393ec5c550440c3,poll,1800
2026-09-27T17:36:20Z,19e19925921f112b6d318368df76697f39f4428c,a42531566e9b,2ee3f5caa395,1,best,fannkuch-redux,java,official,12,ok,0,,ok,2.420363,36.178576,0.013697,36.192273,14.953200,53472,29,4265a65135c506a68d90d6474003fb9030b7ee244a06c046bd89b3932a28ce20,,f5032e89045670466714bb280c3f8ba6a1663e0081a68a659393ec5c550440c3,poll,1800
2026-09-27T17:36:22Z,19e19925921f112b6d318368df76697f39f4428c,a42531566e9b,2ee3f5caa395,2,best,fannkuch-redux,java,official,12,ok,0,,ok,2.372931,36.057460,0.019619,36.077079,15.203600,53436,29,4265a65135c506a68d90d6474003fb9030b7ee244a06c046bd89b3932a28ce20,,f5032e89045670466714bb280c3f8ba6a1663e0081a68a659393ec5c550440c3,poll,1800
2026-09-27T17:36:25Z,19e19925921f112b6d318368df76697f39f4428c,a42531566e9b,2ee3f5caa395,3,best,fannkuch-redux,java,official,12,ok,0,,ok,2.476189,37.967972,0.021900,37.989872,15.342100,53432,29,4265a65135c506a68d90d6474003fb9030b7ee244a06c046bd89b3932a28ce20,,f5032e89045670466714bb280c3f8ba6a1663e0081a68a659393ec5c550440c3,poll,1800
2026-09-27T17:36:27Z,19e19925921f112b6d318368df76697f39f4428c,a42531566e9b,2ee3f5caa395,4,best,fannkuch-redux,java,official,12,ok,0,,ok,2.452801,36.987783,0.019516,37.007299,15.087800,53340,29,4265a65135c506a68d90d6474003fb9030b7ee244a06c046bd89b3932a28ce20,,f5032e89045670466714bb280c3f8ba6a1663e0081a68a659393ec5c550440c3,poll,1800
2026-09-27T17:36:29Z,19e19925921f112b6d318368df76697f39f4428c,a42531566e9b,00a83ab28e37,0,best,fannkuch-redux,csharp,official,12,ok,0,,ok,1.758197,6.742423,0.007777,6.750200,3.839300,29712,29,4265a65135c506a68d90d6474003fb9030b7ee244a06c046bd89b3932a28ce20,,3ae10feed19b1ec1776bb2b494d9cdc74aa21f326fa74a5d339314386c959a12,poll,1800
2026-09-27T17:36:31Z,19e19925921f112b6d318368df76697f39f4428c,a42531566e9b,00a83ab28e37,1,best,fannkuch-redux,csharp,official,12,ok,0,,ok,1.708127,6.742309,0.006968,6.749277,3.951300,29892,29,4265a65135c506a68d90d6474003fb9030b7ee244a06c046bd89b3932a28ce20,,3ae10feed19b1ec1776bb2b494d9cdc74aa21f326fa74a5d339314386c959a12,poll,1800
2026-09-27T17:36:32Z,19e19925921f112b6d318368df76697f39f4428c,a42531566e9b,00a83ab28e37,2,best,fannkuch-redux,csharp,official,12,ok,0,,ok,1.712012,6.753501,0.005971,6.759472,3.948300,29880,29,4265a65135c506a68d90d6474003fb9030b7ee244a06c046bd89b3932a28ce20,,3ae10feed19b1ec1776bb2b494d9cdc74aa21f326fa74a5d339314386c959a12,poll,1800
2026-09-27T17:36:34Z,19e19925921f112b6d318368df76697f39f4428c,a42531566e9b,00a83ab28e37,3,best,fannkuch-redux,csharp,official,12,ok,0,,ok,1.709406,6.753158,0.008972,6.762130,3.955800,29672,29,4265a65135c506a68d90d6474003fb9030b7ee244a06c046bd89b3932a28ce20,,3ae10feed19b1ec1776bb2b494d9cdc74aa21f326fa74a5d339314386c959a12,poll,1800
2026-09-27T17:36:36Z,19e19925921f112b6d318368df76697f39f4428c,a42531566e9b,00a83ab28e37,4,best,fannkuch-redux,csharp,official,12,ok,0,,ok,1.705814,6.736221,0.007970,6.744191,3.953600,29732,29,4265a65135c506a68d90d6474003fb9030b7ee244a06c046bd89b3932a28ce20,,3ae10feed19b1ec1776bb2b494d9cdc74aa21f326fa74a5d339314386c959a12,poll,1800
2026-09-27T17:36:38Z,19e19925921f112b6d318368df76697f39f4428c,a42531566e9b,a28004f0bfc2,0,best,fannkuch-redux,javascript,official,12,ok,0,,ok,2.415903,37.198705,0.134335,37.333040,15.453000,297544,29,4265a65135c506a68d90d6474003fb9030b7ee244a06c046bd89b3932a28ce20,,eccc4d04ece1b6bbeef8e162582b3795ed32126946667f4519aacce3c772984c,poll,1800
2026-09-27T17:36:41Z,19e19925921f112b6d318368df76697f39f4428c,a42531566e9b,a28004f0bfc2,1,best,fannkuch-redux,javascript,official,12,ok,0,,ok,2.411423,37.043792,0.130106,37.173898,15.415800,297692,29,4265a65135c506a68d90d6474003fb9030b7ee244a06c046bd89b3932a28ce20,,eccc4d04ece1b6bbeef8e162582b3795ed32126946667f4519aacce3c772984c,poll,1800
2026-09-27T17:36:43Z,19e19925921f112b6d318368df76697f39f4428c,a42531566e9b,a28004f0bfc2,2,best,fannkuch-redux,javascript,official,12,ok,0,,ok,2.429798,37.248975,0.129866,37.378841,15.383500,297296,29,4265a65135c506a68d90d6474003fb9030b7ee244a06c046bd89b3932a28ce20,,eccc4d04ece1b6bbeef8e162582b3795ed32126946667f4519aacce3c772984c,poll,1800
2026-09-27T17:36:45Z,19e19925921f112b6d318368df76697f39f4428c,a42531566e9b,a28004f0bfc2,3,best,fannkuch-redux,javascript,official,12,ok,0,,ok,2.418990,37.181645,0.129251,37.310896,15.424200,298300,29,4265a65135c506a68d90d6474003fb9030b7ee244a06c046bd89b3932a28ce20,,eccc4d04ece1b6bbeef8e162582b3795ed32126946667f4519aacce3c772984c,poll,1800
2026-09-27T17:36:48Z,19e19925921f112b6d318368df76697f39f4428c,a42531566e9b,a28004f0bfc2,4,best,fannkuch-redux,javascript,official,12,ok,0,,ok,2.413586,37.083065,0.146778,37.229843,15.425100,298332,29,4265a65135c506a68d90d6474003fb9030b7ee244a06c046bd89b3932a28ce20,,eccc4d04ece1b6bbeef8e162582b3795ed32126946667f4519aacce3c772984c,poll,1800
2026-09-27T17:37:50Z,19e19925921f112b6d318368df76697f39f4428c,a42531566e9b,25a7e54879a3,0,best,fannkuch-redux,python,official,12,ok,0,,ok,62.606042,874.589126,0.147506,874.736632,13.972100,18628,29,4265a65135c506a68d90d6474003fb9030b7ee244a06c046bd89b3932a28ce20,,55f4c9fa7ddd2fb06805aa1f91cb870e25c9eed264a8dc28f9081238a789ff00,rlimit,1800
2026-09-27T17:38:57Z,19e19925921f112b6d318368df76697f39f4428c,a42531566e9b,25a7e54879a3,1,best,fannkuch-redux,python,official,12,ok,0,,ok,66.261415,922.867970,0.153117,923.021087,13.930000,18728,29,4265a65135c506a68d90d6474003fb9030b7ee244a06c046bd89b3932a28ce20,,55f4c9fa7ddd2fb06805aa1f91cb870e25c9eed264a8dc28f9081238a789ff00,rlimit,1800
2026-09-27T17:40:04Z,19e19925921f112b6d318368df76697f39f4428c,a42531566e9b,25a7e54879a3,2,best,fannkuch-redux,python,official,12,ok,0,,ok,67.373600,945.529838,0.189551,945.719389,14.036900,18752,29,4265a65135c506a68d90d6474003fb9030b7ee244a06c046bd89b3932a28ce20,,55f4c9fa7ddd2fb06805aa1f91cb870e25c9eed264a8dc28f9081238a789ff00,rlimit,1800
2026-09-27T17:40:07Z,19e19925921f112b6d318368df76697f39f4428c,a42531566e9b,ada8699985a4,0,best,fannkuch-redux,fortran,official,12,ok,0,,ok,2.691473,41.905118,0.010877,41.915995,15.573600,10700,29,4265a65135c506a68d90d6474003fb9030b7ee244a06c046bd89b3932a28ce20,,4e02176bf8a97fa130723c9bc5108c139f817332b78764cafcacf3269094f9a8,rlimit,1800
2026-09-27T17:40:10Z,19e19925921f112b6d318368df76697f39f4428c,a42531566e9b,ada8699985a4,1,best,fannkuch-redux,fortran,official,12,ok,0,,ok,2.733846,42.501781,0.010794,42.512575,15.550500,10580,29,4265a65135c506a68d90d6474003fb9030b7ee244a06c046bd89b3932a28ce20,,4e02176bf8a97fa130723c9bc5108c139f817332b78764cafcacf3269094f9a8,rlimit,1800
2026-09-27T17:40:12Z,19e19925921f112b6d318368df76697f39f4428c,a42531566e9b,ada8699985a4,2,best,fannkuch-redux,fortran,official,12,ok,0,,ok,2.738792,42.487659,0.007970,42.495629,15.516200,10752,29,4265a65135c506a68d90d6474003fb9030b7ee244a06c046bd89b3932a28ce20,,4e02176bf8a97fa130723c9bc5108c139f817332b78764cafcacf3269094f9a8,rlimit,1800
2026-09-27T17:40:15Z,19e19925921f112b6d318368df76697f39f4428c,a42531566e9b,ada8699985a4,3,best,fannkuch-redux,fortran,official,12,ok,0,,ok,2.883971,42.209538,0.004934,42.214472,14.637600,10692,29,4265a65135c506a68d90d6474003fb9030b7ee244a06c046bd89b3932a28ce20,,4e02176bf8a97fa130723c9bc5108c139f817332b78764cafcacf3269094f9a8,rlimit,1800
2026-09-27T17:40:18Z,19e19925921f112b6d318368df76697f39f4428c,a42531566e9b,ada8699985a4,4,best,fannkuch-redux,fortran,official,12,ok,0,,ok,2.685854,42.020959,0.004946,42.025905,15.647100,10628,29,4265a65135c506a68d90d6474003fb9030b7ee244a06c046bd89b3932a28ce20,,4e02176bf8a97fa130723c9bc5108c139f817332b78764cafcacf3269094f9a8,rlimit,1800
2026-09-27T17:40:22Z,19e19925921f112b6d318368df76697f39f4428c,a42531566e9b,bdaf23b58704,0,best,fannkuch-redux,pascal,official,12,ok,0,,ok,3.956642,40.924624,0.004982,40.929606,10.344500,2468,29,4265a65135c506a68d90d6474003fb9030b7ee244a06c046bd89b3932a28ce20,,4923197b51e65d167d8bd680c28c36f1502ca5a0926a32871eb9f5cd3ae9e543,rlimit,1800
2026-09-27T17:40:26Z,19e19925921f112b6d318368df76697f39f4428c,a42531566e9b,bdaf23b58704,1,best,fannkuch-redux,pascal,official,12,ok,0,,ok,3.918174,41.015775,0.004932,41.020707,10.469300,2508,29,4265a65135c506a68d90d6474003fb9030b7ee244a06c046bd89b3932a28ce20,,4923197b51e65d167d8bd680c28c36f1502ca5a0926a32871eb9f5cd3ae9e543,rlimit,1800
2026-09-27T17:40:30Z,19e19925921f112b6d318368df76697f39f4428c,a42531566e9b,bdaf23b58704,2,best,fannkuch-redux,pascal,official,12,ok,0,,ok,3.964672,40.559617,0.000999,40.560616,10.230500,2540,29,4265a65135c506a68d90d6474003fb9030b7ee244a06c046bd89b3932a28ce20,,4923197b51e65d167d8bd680c28c36f1502ca5a0926a32871eb9f5cd3ae9e543,rlimit,1800
2026-09-27T17:40:34Z,19e19925921f112b6d318368df76697f39f4428c,a42531566e9b,bdaf23b58704,3,best,fannkuch-redux,pascal,official,12,ok,0,,ok,3.891425,40.306966,0.002983,40.309949,10.358700,2592,29,4265a65135c506a68d90d6474003fb9030b7ee244a06c046bd89b3932a28ce20,,4923197b51e65d167d8bd680c28c36f1502ca5a0926a32871eb9f5cd3ae9e543,rlimit,1800
2026-09-27T17:40:38Z,19e19925921f112b6d318368df76697f39f4428c,a42531566e9b,bdaf23b58704,4,best,fannkuch-redux,pascal,official,12,ok,0,,ok,3.999101,40.708980,0.004961,40.713941,10.180800,2380,29,4265a65135c506a68d90d6474003fb9030b7ee244a06c046bd89b3932a28ce20,,4923197b51e65d167d8bd680c28c36f1502ca5a0926a32871eb9f5cd3ae9e543,rlimit,1800
2026-09-27T17:40:38Z,19e19925921f112b6d318368df76697f39f4428c,a42531566e9b,d9225879b6b2,0,st,spectral-norm,c,official,5500,ok,0,,reference,0.779841,0.777240,0.000855,0.778095,0.997800,2540,12,f9d5b5e3eb7657cf1bbba4cc856651864df9cd9fd9a6be9b9bc5fcbb67150deb,,44af1ec8738b6a8c1e9378b28c120a542cff91ac491d8fad72795258f7d04a7b,rlimit,1800
2026-09-27T17:40:39Z,19e19925921f112b6d318368df76697f39f4428c,a42531566e9b,d9225879b6b2,1,st,spectral-norm,c,official,5500,ok,0,,reference,0.779176,0.777577,0.000000,0.777577,0.997900,2392,12,f9d5b5e3eb7657cf1bbba4cc856651864df9cd9fd9a6be9b9bc5fcbb67150deb,,44af1ec8738b6a8c1e9378b28c120a542cff91ac491d8fad72795258f7d04a7b,rlimit,1800
2026-09-27T17:40:40Z,19e19925921f112b6d318368df76697f39f4428c,a42531566e9b,d9225879b6b2,2,st,spectral-norm,c,official,5500,ok,0,,reference,0.778879,0.776017,0.000846,0.776863,0.997400,2540,12,f9d5b5e3eb7657cf1bbba4cc856651864df9cd9fd9a6be9b9bc5fcbb67150deb,,44af1ec8738b6a8c1e9378b28c120a542cff91ac491d8fad72795258f7d04a7b,rlimit,1800
2026-09-27T17:40:41Z,19e19925921f112b6d318368df76697f39f4428c,a42531566e9b,d9225879b6b2,3,st,spectral-norm,c,official,5500,ok,0,,reference,0.778145,0.775795,0.000805,0.776600,0.998000,2456,12,f9d5b5e3eb7657cf1bbba4cc856651864df9cd9fd9a6be9b9bc5fcbb67150deb,,44af1ec8738b6a8c1e9378b28c120a542cff91ac491d8fad72795258f7d04a7b,rlimit,1800
2026-09-27T17:40:42Z,19e19925921f112b6d318368df76697f39f4428c,a42531566e9b,d9225879b6b2,4,st,spectral-norm,c,official,5500,ok,0,,reference,0.777725,0.776002,0.000000,0.776002,0.997800,2548,12,f9d5b5e3eb7657cf1bbba4cc856651864df9cd9fd9a6be9b9bc5fcbb67150deb,,44af1ec8738b6a8c1e9378b28c120a542cff91ac491d8fad72795258f7d04a7b,rlimit,1800
2026-09-27T17:40:43Z,19e19925921f112b6d318368df76697f39f4428c,a42531566e9b,99849b487ea0,0,st,spectral-norm,resid,official,5500,ok,0,,ok,1.165091,1.161034,0.001873,1.162907,0.998100,5284,12,f9d5b5e3eb7657cf1bbba4cc856651864df9cd9fd9a6be9b9bc5fcbb67150deb,,b42ce8b5a7fc2513f1f4decaa59b1c3922e298cf6bd651432b6b2ba7a528da26,rlimit,1800
2026-09-27T17:40:44Z,19e19925921f112b6d318368df76697f39f4428c,a42531566e9b,99849b487ea0,1,st,spectral-norm,resid,official,5500,ok,0,,ok,1.163157,1.158945,0.001998,1.160943,0.998100,5288,12,f9d5b5e3eb7657cf1bbba4cc856651864df9cd9fd9a6be9b9bc5fcbb67150deb,,b42ce8b5a7fc2513f1f4decaa59b1c3922e298cf6bd651432b6b2ba7a528da26,rlimit,1800
2026-09-27T17:40:45Z,19e19925921f112b6d318368df76697f39f4428c,a42531566e9b,99849b487ea0,2,st,spectral-norm,resid,official,5500,ok,0,,ok,1.168889,1.165031,0.001794,1.166825,0.998200,5284,12,f9d5b5e3eb7657cf1bbba4cc856651864df9cd9fd9a6be9b9bc5fcbb67150deb,,b42ce8b5a7fc2513f1f4decaa59b1c3922e298cf6bd651432b6b2ba7a528da26,rlimit,1800
2026-09-27T17:40:46Z,19e19925921f112b6d318368df76697f39f4428c,a42531566e9b,99849b487ea0,3,st,spectral-norm,resid,official,5500,ok,0,,ok,1.165129,1.161773,0.000990,1.162763,0.998000,5288,12,f9d5b5e3eb7657cf1bbba4cc856651864df9cd9fd9a6be9b9bc5fcbb67150deb,,b42ce8b5a7fc2513f1f4decaa59b1c3922e298cf6bd651432b6b2ba7a528da26,rlimit,1800
2026-09-27T17:40:47Z,19e19925921f112b6d318368df76697f39f4428c,a42531566e9b,99849b487ea0,4,st,spectral-norm,resid,official,5500,ok,0,,ok,1.164684,1.159525,0.002995,1.162520,0.998100,5288,12,f9d5b5e3eb7657cf1bbba4cc856651864df9cd9fd9a6be9b9bc5fcbb67150deb,,b42ce8b5a7fc2513f1f4decaa59b1c3922e298cf6bd651432b6b2ba7a528da26,rlimit,1800
2026-09-27T17:40:48Z,19e19925921f112b6d318368df76697f39f4428c,a42531566e9b,8578983b8e49,0,st,spectral-norm,cpp,official,5500,ok,0,,ok,0.775236,0.773124,0.000774,0.773898,0.998300,4428,12,f9d5b5e3eb7657cf1bbba4cc856651864df9cd9fd9a6be9b9bc5fcbb67150deb,,58229625028c36baf29248a22fd08ad5b29ef848d35c26d4b0d133614c4a8a4e,rlimit,1800
2026-09-27T17:40:49Z,19e19925921f112b6d318368df76697f39f4428c,a42531566e9b,8578983b8e49,1,st,spectral-norm,cpp,official,5500,ok,0,,ok,0.774979,0.772447,0.000995,0.773442,0.998000,4436,12,f9d5b5e3eb7657cf1bbba4cc856651864df9cd9fd9a6be9b9bc5fcbb67150deb,,58229625028c36baf29248a22fd08ad5b29ef848d35c26d4b0d133614c4a8a4e,rlimit,1800
2026-09-27T17:40:50Z,19e19925921f112b6d318368df76697f39f4428c,a42531566e9b,8578983b8e49,2,st,spectral-norm,cpp,official,5500,ok,0,,ok,0.774435,0.770117,0.002939,0.773056,0.998200,4420,12,f9d5b5e3eb7657cf1bbba4cc856651864df9cd9fd9a6be9b9bc5fcbb67150deb,,58229625028c36baf29248a22fd08ad5b29ef848d35c26d4b0d133614c4a8a4e,rlimit,1800
2026-09-27T17:40:50Z,19e19925921f112b6d318368df76697f39f4428c,a42531566e9b,8578983b8e49,3,st,spectral-norm,cpp,official,5500,ok,0,,ok,0.774906,0.772267,0.000998,0.773265,0.997900,4420,12,f9d5b5e3eb7657cf1bbba4cc856651864df9cd9fd9a6be9b9bc5fcbb67150deb,,58229625028c36baf29248a22fd08ad5b29ef848d35c26d4b0d133614c4a8a4e,rlimit,1800
2026-09-27T17:40:51Z,19e19925921f112b6d318368df76697f39f4428c,a42531566e9b,8578983b8e49,4,st,spectral-norm,cpp,official,5500,ok,0,,ok,0.774713,0.773349,0.000000,0.773349,0.998200,4404,12,f9d5b5e3eb7657cf1bbba4cc856651864df9cd9fd9a6be9b9bc5fcbb67150deb,,58229625028c36baf29248a22fd08ad5b29ef848d35c26d4b0d133614c4a8a4e,rlimit,1800
2026-09-27T17:40:52Z,19e19925921f112b6d318368df76697f39f4428c,a42531566e9b,c1e279cb276c,0,st,spectral-norm,rust,official,5500,ok,0,,ok,1.009998,1.008030,0.000000,1.008030,0.998100,2568,12,f9d5b5e3eb7657cf1bbba4cc856651864df9cd9fd9a6be9b9bc5fcbb67150deb,,1b3a52ef5ab29a7ecd49ec20a0666c620eaf418c87abeeb6e52295a87afea1ec,rlimit,1800
2026-09-27T17:40:53Z,19e19925921f112b6d318368df76697f39f4428c,a42531566e9b,c1e279cb276c,1,st,spectral-norm,rust,official,5500,ok,0,,ok,1.007893,1.004169,0.001771,1.005940,0.998100,2592,12,f9d5b5e3eb7657cf1bbba4cc856651864df9cd9fd9a6be9b9bc5fcbb67150deb,,1b3a52ef5ab29a7ecd49ec20a0666c620eaf418c87abeeb6e52295a87afea1ec,rlimit,1800
2026-09-27T17:40:54Z,19e19925921f112b6d318368df76697f39f4428c,a42531566e9b,c1e279cb276c,2,st,spectral-norm,rust,official,5500,ok,0,,ok,1.009307,1.007637,0.000000,1.007637,0.998300,2536,12,f9d5b5e3eb7657cf1bbba4cc856651864df9cd9fd9a6be9b9bc5fcbb67150deb,,1b3a52ef5ab29a7ecd49ec20a0666c620eaf418c87abeeb6e52295a87afea1ec,rlimit,1800
2026-09-27T17:40:55Z,19e19925921f112b6d318368df76697f39f4428c,a42531566e9b,c1e279cb276c,3,st,spectral-norm,rust,official,5500,ok,0,,ok,1.006603,1.003748,0.000993,1.004741,0.998100,2564,12,f9d5b5e3eb7657cf1bbba4cc856651864df9cd9fd9a6be9b9bc5fcbb67150deb,,1b3a52ef5ab29a7ecd49ec20a0666c620eaf418c87abeeb6e52295a87afea1ec,rlimit,1800
2026-09-27T17:40:56Z,19e19925921f112b6d318368df76697f39f4428c,a42531566e9b,c1e279cb276c,4,st,spectral-norm,rust,official,5500,ok,0,,ok,1.009508,1.006892,0.000997,1.007889,0.998400,2480,12,f9d5b5e3eb7657cf1bbba4cc856651864df9cd9fd9a6be9b9bc5fcbb67150deb,,1b3a52ef5ab29a7ecd49ec20a0666c620eaf418c87abeeb6e52295a87afea1ec,rlimit,1800
2026-09-27T17:40:57Z,19e19925921f112b6d318368df76697f39f4428c,a42531566e9b,54313eea76f7,0,st,spectral-norm,go,official,5500,ok,0,,ok,1.018562,1.015541,0.000996,1.016537,0.998000,5704,12,f9d5b5e3eb7657cf1bbba4cc856651864df9cd9fd9a6be9b9bc5fcbb67150deb,,bb41121fbea1a62038a010b5156afea24e263fdb2063790f8238070cfec0311d,rlimit,1800
2026-09-27T17:40:58Z,19e19925921f112b6d318368df76697f39f4428c,a42531566e9b,54313eea76f7,1,st,spectral-norm,go,official,5500,ok,0,,ok,1.017531,1.014297,0.000997,1.015294,0.997800,3584,12,f9d5b5e3eb7657cf1bbba4cc856651864df9cd9fd9a6be9b9bc5fcbb67150deb,,bb41121fbea1a62038a010b5156afea24e263fdb2063790f8238070cfec0311d,rlimit,1800
2026-09-27T17:40:59Z,19e19925921f112b6d318368df76697f39f4428c,a42531566e9b,54313eea76f7,2,st,spectral-norm,go,official,5500,ok,0,,ok,1.018184,1.015095,0.000999,1.016094,0.997900,5652,12,f9d5b5e3eb7657cf1bbba4cc856651864df9cd9fd9a6be9b9bc5fcbb67150deb,,bb41121fbea1a62038a010b5156afea24e263fdb2063790f8238070cfec0311d,rlimit,1800
2026-09-27T17:41:00Z,19e19925921f112b6d318368df76697f39f4428c,a42531566e9b,54313eea76f7,3,st,spectral-norm,go,official,5500,ok,0,,ok,1.016263,1.013582,0.000977,1.014559,0.998300,5696,12,f9d5b5e3eb7657cf1bbba4cc856651864df9cd9fd9a6be9b9bc5fcbb67150deb,,bb41121fbea1a62038a010b5156afea24e263fdb2063790f8238070cfec0311d,rlimit,1800
2026-09-27T17:41:01Z,19e19925921f112b6d318368df76697f39f4428c,a42531566e9b,54313eea76f7,4,st,spectral-norm,go,official,5500,ok,0,,ok,1.019951,1.015380,0.000997,1.016377,0.996500,5676,12,f9d5b5e3eb7657cf1bbba4cc856651864df9cd9fd9a6be9b9bc5fcbb67150deb,,bb41121fbea1a62038a010b5156afea24e263fdb2063790f8238070cfec0311d,rlimit,1800
2026-09-27T17:41:02Z,19e19925921f112b6d318368df76697f39f4428c,a42531566e9b,932e969e5a09,0,st,spectral-norm,java,official,5500,ok,0,,ok,1.056251,1.050818,0.002991,1.053809,0.997700,46196,12,f9d5b5e3eb7657cf1bbba4cc856651864df9cd9fd9a6be9b9bc5fcbb67150deb,,b35d92bec7327fc5883108d6fb5d8cf4563fcb259eabf98d222e7bebb151118c,poll,1800
2026-09-27T17:41:04Z,19e19925921f112b6d318368df76697f39f4428c,a42531566e9b,932e969e5a09,1,st,spectral-norm,java,official,5500,ok,0,,ok,1.056545,1.044438,0.009787,1.054225,0.997800,46204,12,f9d5b5e3eb7657cf1bbba4cc856651864df9cd9fd9a6be9b9bc5fcbb67150deb,,b35d92bec7327fc5883108d6fb5d8cf4563fcb259eabf98d222e7bebb151118c,poll,1800
2026-09-27T17:41:05Z,19e19925921f112b6d318368df76697f39f4428c,a42531566e9b,932e969e5a09,2,st,spectral-norm,java,official,5500,ok,0,,ok,1.054045,1.046907,0.004964,1.051871,0.997900,46240,12,f9d5b5e3eb7657cf1bbba4cc856651864df9cd9fd9a6be9b9bc5fcbb67150deb,,b35d92bec7327fc5883108d6fb5d8cf4563fcb259eabf98d222e7bebb151118c,poll,1800
2026-09-27T17:41:06Z,19e19925921f112b6d318368df76697f39f4428c,a42531566e9b,932e969e5a09,3,st,spectral-norm,java,official,5500,ok,0,,ok,1.053324,1.044101,0.006913,1.051014,0.997800,46236,12,f9d5b5e3eb7657cf1bbba4cc856651864df9cd9fd9a6be9b9bc5fcbb67150deb,,b35d92bec7327fc5883108d6fb5d8cf4563fcb259eabf98d222e7bebb151118c,poll,1800
2026-09-27T17:41:07Z,19e19925921f112b6d318368df76697f39f4428c,a42531566e9b,932e969e5a09,4,st,spectral-norm,java,official,5500,ok,0,,ok,1.053779,1.044807,0.006924,1.051731,0.998100,46240,12,f9d5b5e3eb7657cf1bbba4cc856651864df9cd9fd9a6be9b9bc5fcbb67150deb,,b35d92bec7327fc5883108d6fb5d8cf4563fcb259eabf98d222e7bebb151118c,poll,1800
2026-09-27T17:41:08Z,19e19925921f112b6d318368df76697f39f4428c,a42531566e9b,d2e85ec8d100,0,st,spectral-norm,csharp,official,5500,ok,0,,ok,1.075476,1.019798,0.006970,1.026768,0.954700,25564,12,f9d5b5e3eb7657cf1bbba4cc856651864df9cd9fd9a6be9b9bc5fcbb67150deb,,16f1968cfc684ae8dd4fdfac0a3fd9456d0f107c59031b44815bbc0dc015a1ec,poll,1800
2026-09-27T17:41:09Z,19e19925921f112b6d318368df76697f39f4428c,a42531566e9b,d2e85ec8d100,1,st,spectral-norm,csharp,official,5500,ok,0,,ok,1.025234,1.017217,0.005973,1.023190,0.998000,25612,12,f9d5b5e3eb7657cf1bbba4cc856651864df9cd9fd9a6be9b9bc5fcbb67150deb,,16f1968cfc684ae8dd4fdfac0a3fd9456d0f107c59031b44815bbc0dc015a1ec,poll,1800
2026-09-27T17:41:10Z,19e19925921f112b6d318368df76697f39f4428c,a42531566e9b,d2e85ec8d100,2,st,spectral-norm,csharp,official,5500,ok,0,,ok,1.025320,1.018020,0.004971,1.022991,0.997700,25676,12,f9d5b5e3eb7657cf1bbba4cc856651864df9cd9fd9a6be9b9bc5fcbb67150deb,,16f1968cfc684ae8dd4fdfac0a3fd9456d0f107c59031b44815bbc0dc015a1ec,poll,1800
2026-09-27T17:41:11Z,19e19925921f112b6d318368df76697f39f4428c,a42531566e9b,d2e85ec8d100,3,st,spectral-norm,csharp,official,5500,ok,0,,ok,1.027871,1.022121,0.003964,1.026085,0.998300,25712,12,f9d5b5e3eb7657cf1bbba4cc856651864df9cd9fd9a6be9b9bc5fcbb67150deb,,16f1968cfc684ae8dd4fdfac0a3fd9456d0f107c59031b44815bbc0dc015a1ec,poll,1800
2026-09-27T17:41:12Z,19e19925921f112b6d318368df76697f39f4428c,a42531566e9b,d2e85ec8d100,4,st,spectral-norm,csharp,official,5500,ok,0,,ok,1.024123,1.016951,0.004986,1.021937,0.997900,25660,12,f9d5b5e3eb7657cf1bbba4cc856651864df9cd9fd9a6be9b9bc5fcbb67150deb,,16f1968cfc684ae8dd4fdfac0a3fd9456d0f107c59031b44815bbc0dc015a1ec,poll,1800
2026-09-27T17:41:13Z,19e19925921f112b6d318368df76697f39f4428c,a42531566e9b,04635ee7c607,0,st,spectral-norm,javascript,official,5500,ok,0,,ok,1.113555,1.105557,0.005835,1.111392,0.998100,61388,12,f9d5b5e3eb7657cf1bbba4cc856651864df9cd9fd9a6be9b9bc5fcbb67150deb,,db83eb45022e23948c24dc4981c2663f4b6306f60d1255b3ba14e2ceea70dcbe,poll,1800
2026-09-27T17:41:14Z,19e19925921f112b6d318368df76697f39f4428c,a42531566e9b,04635ee7c607,1,st,spectral-norm,javascript,official,5500,ok,0,,ok,1.099370,1.090156,0.006974,1.097130,0.998000,61724,12,f9d5b5e3eb7657cf1bbba4cc856651864df9cd9fd9a6be9b9bc5fcbb67150deb,,db83eb45022e23948c24dc4981c2663f4b6306f60d1255b3ba14e2ceea70dcbe,poll,1800
2026-09-27T17:41:15Z,19e19925921f112b6d318368df76697f39f4428c,a42531566e9b,04635ee7c607,2,st,spectral-norm,javascript,official,5500,ok,0,,ok,1.095156,1.079253,0.013893,1.093146,0.998200,61568,12,f9d5b5e3eb7657cf1bbba4cc856651864df9cd9fd9a6be9b9bc5fcbb67150deb,,db83eb45022e23948c24dc4981c2663f4b6306f60d1255b3ba14e2ceea70dcbe,poll,1800
2026-09-27T17:41:16Z,19e19925921f112b6d318368df76697f39f4428c,a42531566e9b,04635ee7c607,3,st,spectral-norm,javascript,official,5500,ok,0,,ok,1.111040,1.100660,0.007976,1.108636,0.997800,61516,12,f9d5b5e3eb7657cf1bbba4cc856651864df9cd9fd9a6be9b9bc5fcbb67150deb,,db83eb45022e23948c24dc4981c2663f4b6306f60d1255b3ba14e2ceea70dcbe,poll,1800
2026-09-27T17:41:17Z,19e19925921f112b6d318368df76697f39f4428c,a42531566e9b,04635ee7c607,4,st,spectral-norm,javascript,official,5500,ok,0,,ok,1.083425,1.073250,0.007849,1.081099,0.997900,61468,12,f9d5b5e3eb7657cf1bbba4cc856651864df9cd9fd9a6be9b9bc5fcbb67150deb,,db83eb45022e23948c24dc4981c2663f4b6306f60d1255b3ba14e2ceea70dcbe,poll,1800
2026-09-27T17:43:00Z,19e19925921f112b6d318368df76697f39f4428c,a42531566e9b,44bc55de1f6a,0,st,spectral-norm,python,official,5500,ok,0,,ok,102.335943,102.136042,0.027918,102.163960,0.998300,11016,12,f9d5b5e3eb7657cf1bbba4cc856651864df9cd9fd9a6be9b9bc5fcbb67150deb,,dec5c90fc52caae78b8ddef0e02757789fa224008afdec657cfb196a32b98b85,rlimit,1800
2026-09-27T17:44:42Z,19e19925921f112b6d318368df76697f39f4428c,a42531566e9b,44bc55de1f6a,1,st,spectral-norm,python,official,5500,ok,0,,ok,102.421981,102.210632,0.042173,102.252805,0.998300,11016,12,f9d5b5e3eb7657cf1bbba4cc856651864df9cd9fd9a6be9b9bc5fcbb67150deb,,dec5c90fc52caae78b8ddef0e02757789fa224008afdec657cfb196a32b98b85,rlimit,1800
2026-09-27T17:46:27Z,19e19925921f112b6d318368df76697f39f4428c,a42531566e9b,44bc55de1f6a,2,st,spectral-norm,python,official,5500,ok,0,,ok,104.342173,104.100021,0.051247,104.151268,0.998200,10980,12,f9d5b5e3eb7657cf1bbba4cc856651864df9cd9fd9a6be9b9bc5fcbb67150deb,,dec5c90fc52caae78b8ddef0e02757789fa224008afdec657cfb196a32b98b85,rlimit,1800
2026-09-27T17:46:27Z,19e19925921f112b6d318368df76697f39f4428c,a42531566e9b,610f4bced29b,0,st,spectral-norm,fortran,official,5500,ok,0,,ok,0.780945,0.776161,0.002805,0.778966,0.997500,3228,12,f9d5b5e3eb7657cf1bbba4cc856651864df9cd9fd9a6be9b9bc5fcbb67150deb,,d07ac7c0a0e3bd1e166a5073d70e1419935a5db7bc9b4a5a9fe80e72a25583b9,rlimit,1800
2026-09-27T17:46:28Z,19e19925921f112b6d318368df76697f39f4428c,a42531566e9b,610f4bced29b,1,st,spectral-norm,fortran,official,5500,ok,0,,ok,0.780005,0.777682,0.000814,0.778496,0.998100,3340,12,f9d5b5e3eb7657cf1bbba4cc856651864df9cd9fd9a6be9b9bc5fcbb67150deb,,d07ac7c0a0e3bd1e166a5073d70e1419935a5db7bc9b4a5a9fe80e72a25583b9,rlimit,1800
2026-09-27T17:46:29Z,19e19925921f112b6d318368df76697f39f4428c,a42531566e9b,610f4bced29b,2,st,spectral-norm,fortran,official,5500,ok,0,,ok,0.779847,0.777240,0.000998,0.778238,0.997900,3336,12,f9d5b5e3eb7657cf1bbba4cc856651864df9cd9fd9a6be9b9bc5fcbb67150deb,,d07ac7c0a0e3bd1e166a5073d70e1419935a5db7bc9b4a5a9fe80e72a25583b9,rlimit,1800
2026-09-27T17:46:30Z,19e19925921f112b6d318368df76697f39f4428c,a42531566e9b,610f4bced29b,3,st,spectral-norm,fortran,official,5500,ok,0,,ok,0.779902,0.778453,0.000000,0.778453,0.998100,3368,12,f9d5b5e3eb7657cf1bbba4cc856651864df9cd9fd9a6be9b9bc5fcbb67150deb,,d07ac7c0a0e3bd1e166a5073d70e1419935a5db7bc9b4a5a9fe80e72a25583b9,rlimit,1800
2026-09-27T17:46:30Z,19e19925921f112b6d318368df76697f39f4428c,a42531566e9b,610f4bced29b,4,st,spectral-norm,fortran,official,5500,ok,0,,ok,0.779795,0.777433,0.000997,0.778430,0.998200,3320,12,f9d5b5e3eb7657cf1bbba4cc856651864df9cd9fd9a6be9b9bc5fcbb67150deb,,d07ac7c0a0e3bd1e166a5073d70e1419935a5db7bc9b4a5a9fe80e72a25583b9,rlimit,1800
2026-09-27T17:46:31Z,19e19925921f112b6d318368df76697f39f4428c,a42531566e9b,c926b1b33324,0,st,spectral-norm,pascal,official,5500,ok,0,,ok,1.007805,1.006133,0.000000,1.006133,0.998300,684,12,f9d5b5e3eb7657cf1bbba4cc856651864df9cd9fd9a6be9b9bc5fcbb67150deb,,cb0d8d4eaf32045a05f25572db4a8e7186a64f20bfa51d02a5efc3bc3ba68132,rlimit,1800
2026-09-27T17:46:32Z,19e19925921f112b6d318368df76697f39f4428c,a42531566e9b,c926b1b33324,1,st,spectral-norm,pascal,official,5500,ok,0,,ok,1.009608,1.007816,0.000000,1.007816,0.998200,656,12,f9d5b5e3eb7657cf1bbba4cc856651864df9cd9fd9a6be9b9bc5fcbb67150deb,,cb0d8d4eaf32045a05f25572db4a8e7186a64f20bfa51d02a5efc3bc3ba68132,rlimit,1800
2026-09-27T17:46:33Z,19e19925921f112b6d318368df76697f39f4428c,a42531566e9b,c926b1b33324,2,st,spectral-norm,pascal,official,5500,ok,0,,ok,1.005330,1.003305,0.000000,1.003305,0.998000,652,12,f9d5b5e3eb7657cf1bbba4cc856651864df9cd9fd9a6be9b9bc5fcbb67150deb,,cb0d8d4eaf32045a05f25572db4a8e7186a64f20bfa51d02a5efc3bc3ba68132,rlimit,1800
2026-09-27T17:46:34Z,19e19925921f112b6d318368df76697f39f4428c,a42531566e9b,c926b1b33324,3,st,spectral-norm,pascal,official,5500,ok,0,,ok,1.008826,1.007175,0.000000,1.007175,0.998400,692,12,f9d5b5e3eb7657cf1bbba4cc856651864df9cd9fd9a6be9b9bc5fcbb67150deb,,cb0d8d4eaf32045a05f25572db4a8e7186a64f20bfa51d02a5efc3bc3ba68132,rlimit,1800
2026-09-27T17:46:35Z,19e19925921f112b6d318368df76697f39f4428c,a42531566e9b,c926b1b33324,4,st,spectral-norm,pascal,official,5500,ok,0,,ok,1.004708,1.002842,0.000000,1.002842,0.998100,692,12,f9d5b5e3eb7657cf1bbba4cc856651864df9cd9fd9a6be9b9bc5fcbb67150deb,,cb0d8d4eaf32045a05f25572db4a8e7186a64f20bfa51d02a5efc3bc3ba68132,rlimit,1800
2026-09-27T17:46:36Z,19e19925921f112b6d318368df76697f39f4428c,a42531566e9b,a3ffe97f85dc,0,best,spectral-norm,resid,official,5500,ok,0,,ok,0.231960,2.535545,0.060610,2.596155,11.192300,49572,12,f9d5b5e3eb7657cf1bbba4cc856651864df9cd9fd9a6be9b9bc5fcbb67150deb,,b60bf5fc3a46fc7052a3300788bee67f731443c5afeb7210b7df02063e42ea2c,rlimit,1800
2026-09-27T17:46:36Z,19e19925921f112b6d318368df76697f39f4428c,a42531566e9b,a3ffe97f85dc,1,best,spectral-norm,resid,official,5500,ok,0,,ok,0.229181,2.514189,0.064573,2.578762,11.252100,49740,12,f9d5b5e3eb7657cf1bbba4cc856651864df9cd9fd9a6be9b9bc5fcbb67150deb,,b60bf5fc3a46fc7052a3300788bee67f731443c5afeb7210b7df02063e42ea2c,rlimit,1800
2026-09-27T17:46:36Z,19e19925921f112b6d318368df76697f39f4428c,a42531566e9b,a3ffe97f85dc,2,best,spectral-norm,resid,official,5500,ok,0,,ok,0.246598,2.649361,0.059307,2.708668,10.984200,49628,12,f9d5b5e3eb7657cf1bbba4cc856651864df9cd9fd9a6be9b9bc5fcbb67150deb,,b60bf5fc3a46fc7052a3300788bee67f731443c5afeb7210b7df02063e42ea2c,rlimit,1800
2026-09-27T17:46:36Z,19e19925921f112b6d318368df76697f39f4428c,a42531566e9b,a3ffe97f85dc,3,best,spectral-norm,resid,official,5500,ok,0,,ok,0.260258,2.802566,0.066555,2.869121,11.024200,49756,12,f9d5b5e3eb7657cf1bbba4cc856651864df9cd9fd9a6be9b9bc5fcbb67150deb,,b60bf5fc3a46fc7052a3300788bee67f731443c5afeb7210b7df02063e42ea2c,rlimit,1800
2026-09-27T17:46:37Z,19e19925921f112b6d318368df76697f39f4428c,a42531566e9b,a3ffe97f85dc,4,best,spectral-norm,resid,official,5500,ok,0,,ok,0.256725,2.828510,0.067971,2.896481,11.282400,49664,12,f9d5b5e3eb7657cf1bbba4cc856651864df9cd9fd9a6be9b9bc5fcbb67150deb,,b60bf5fc3a46fc7052a3300788bee67f731443c5afeb7210b7df02063e42ea2c,rlimit,1800
2026-09-27T17:46:37Z,19e19925921f112b6d318368df76697f39f4428c,a42531566e9b,b03a46bfa256,0,best,spectral-norm,c,official,5500,ok,0,,ok,0.093531,1.480591,0.000999,1.481590,15.840700,2308,12,f9d5b5e3eb7657cf1bbba4cc856651864df9cd9fd9a6be9b9bc5fcbb67150deb,,19029b948f2f090579c1503eaf15547d2b9d5cfd4cb8008af2ae09b0396f4e69,rlimit,1800
2026-09-27T17:46:37Z,19e19925921f112b6d318368df76697f39f4428c,a42531566e9b,b03a46bfa256,1,best,spectral-norm,c,official,5500,ok,0,,ok,0.120067,1.853947,0.001001,1.854948,15.449300,2308,12,f9d5b5e3eb7657cf1bbba4cc856651864df9cd9fd9a6be9b9bc5fcbb67150deb,,19029b948f2f090579c1503eaf15547d2b9d5cfd4cb8008af2ae09b0396f4e69,rlimit,1800
2026-09-27T17:46:37Z,19e19925921f112b6d318368df76697f39f4428c,a42531566e9b,b03a46bfa256,2,best,spectral-norm,c,official,5500,ok,0,,ok,0.113332,1.748542,0.000000,1.748542,15.428500,2332,12,f9d5b5e3eb7657cf1bbba4cc856651864df9cd9fd9a6be9b9bc5fcbb67150deb,,19029b948f2f090579c1503eaf15547d2b9d5cfd4cb8008af2ae09b0396f4e69,rlimit,1800
2026-09-27T17:46:37Z,19e19925921f112b6d318368df76697f39f4428c,a42531566e9b,b03a46bfa256,3,best,spectral-norm,c,official,5500,ok,0,,ok,0.099401,1.554792,0.000776,1.555568,15.649500,2300,12,f9d5b5e3eb7657cf1bbba4cc856651864df9cd9fd9a6be9b9bc5fcbb67150deb,,19029b948f2f090579c1503eaf15547d2b9d5cfd4cb8008af2ae09b0396f4e69,rlimit,1800
2026-09-27T17:46:37Z,19e19925921f112b6d318368df76697f39f4428c,a42531566e9b,b03a46bfa256,4,best,spectral-norm,c,official,5500,ok,0,,ok,0.094155,1.488910,0.002987,1.491897,15.845200,2352,12,f9d5b5e3eb7657cf1bbba4cc856651864df9cd9fd9a6be9b9bc5fcbb67150deb,,19029b948f2f090579c1503eaf15547d2b9d5cfd4cb8008af2ae09b0396f4e69,rlimit,1800
2026-09-27T17:46:37Z,19e19925921f112b6d318368df76697f39f4428c,a42531566e9b,784f929d7621,0,best,spectral-norm,cpp,official,5500,ok,0,,ok,0.097709,1.526397,0.000000,1.526397,15.621900,4688,12,f9d5b5e3eb7657cf1bbba4cc856651864df9cd9fd9a6be9b9bc5fcbb67150deb,,558cf495f800e0fb747c2e3c3f231605fade96a96bc3cb9e163e84b45c4c43e1,rlimit,1800
2026-09-27T17:46:38Z,19e19925921f112b6d318368df76697f39f4428c,a42531566e9b,784f929d7621,1,best,spectral-norm,cpp,official,5500,ok,0,,ok,0.142340,2.176998,0.002975,2.179973,15.315200,4684,12,f9d5b5e3eb7657cf1bbba4cc856651864df9cd9fd9a6be9b9bc5fcbb67150deb,,558cf495f800e0fb747c2e3c3f231605fade96a96bc3cb9e163e84b45c4c43e1,rlimit,1800
2026-09-27T17:46:38Z,19e19925921f112b6d318368df76697f39f4428c,a42531566e9b,784f929d7621,2,best,spectral-norm,cpp,official,5500,ok,0,,ok,0.095003,1.477001,0.011895,1.488896,15.672100,4588,12,f9d5b5e3eb7657cf1bbba4cc856651864df9cd9fd9a6be9b9bc5fcbb67150deb,,558cf495f800e0fb747c2e3c3f231605fade96a96bc3cb9e163e84b45c4c43e1,rlimit,1800
2026-09-27T17:46:38Z,19e19925921f112b6d318368df76697f39f4428c,a42531566e9b,784f929d7621,3,best,spectral-norm,cpp,official,5500,ok,0,,ok,0.094833,1.488203,0.000998,1.489201,15.703400,4728,12,f9d5b5e3eb7657cf1bbba4cc856651864df9cd9fd9a6be9b9bc5fcbb67150deb,,558cf495f800e0fb747c2e3c3f231605fade96a96bc3cb9e163e84b45c4c43e1,rlimit,1800
2026-09-27T17:46:38Z,19e19925921f112b6d318368df76697f39f4428c,a42531566e9b,784f929d7621,4,best,spectral-norm,cpp,official,5500,ok,0,,ok,0.095164,1.498288,0.000000,1.498288,15.744200,4684,12,f9d5b5e3eb7657cf1bbba4cc856651864df9cd9fd9a6be9b9bc5fcbb67150deb,,558cf495f800e0fb747c2e3c3f231605fade96a96bc3cb9e163e84b45c4c43e1,rlimit,1800
2026-09-27T17:46:38Z,19e19925921f112b6d318368df76697f39f4428c,a42531566e9b,76433a8cb969,0,best,spectral-norm,rust,official,5500,ok,0,,ok,0.124728,1.187561,0.017002,1.204563,9.657600,2676,12,f9d5b5e3eb7657cf1bbba4cc856651864df9cd9fd9a6be9b9bc5fcbb67150deb,,35212f046992004d131a4164b7679a8e0faf3592bde33040132d81ea1b4d4d5c,rlimit,1800
2026-09-27T17:46:38Z,19e19925921f112b6d318368df76697f39f4428c,a42531566e9b,76433a8cb969,1,best,spectral-norm,rust,official,5500,ok,0,,ok,0.083741,1.295829,0.005966,1.301795,15.545400,2784,12,f9d5b5e3eb7657cf1bbba4cc856651864df9cd9fd9a6be9b9bc5fcbb67150deb,,35212f046992004d131a4164b7679a8e0faf3592bde33040132d81ea1b4d4d5c,rlimit,1800
2026-09-27T17:46:38Z,19e19925921f112b6d318368df76697f39f4428c,a42531566e9b,76433a8cb969,2,best,spectral-norm,rust,official,5500,ok,0,,ok,0.087699,1.311500,0.004004,1.315504,15.000300,2784,12,f9d5b5e3eb7657cf1bbba4cc856651864df9cd9fd9a6be9b9bc5fcbb67150deb,,35212f046992004d131a4164b7679a8e0faf3592bde33040132d81ea1b4d4d5c,rlimit,1800
2026-09-27T17:46:38Z,19e19925921f112b6d318368df76697f39f4428c,a42531566e9b,76433a8cb969,3,best,spectral-norm,rust,official,5500,ok,0,,ok,0.085039,1.302205,0.000997,1.303202,15.324700,2756,12,f9d5b5e3eb7657cf1bbba4cc856651864df9cd9fd9a6be9b9bc5fcbb67150deb,,35212f046992004d131a4164b7679a8e0faf3592bde33040132d81ea1b4d4d5c,rlimit,1800
2026-09-27T17:46:38Z,19e19925921f112b6d318368df76697f39f4428c,a42531566e9b,76433a8cb969,4,best,spectral-norm,rust,official,5500,ok,0,,ok,0.084202,1.313230,0.005023,1.318253,15.655900,2756,12,f9d5b5e3eb7657cf1bbba4cc856651864df9cd9fd9a6be9b9bc5fcbb67150deb,,35212f046992004d131a4164b7679a8e0faf3592bde33040132d81ea1b4d4d5c,rlimit,1800
2026-09-27T17:46:39Z,19e19925921f112b6d318368df76697f39f4428c,a42531566e9b,24e1e28cefce,0,best,spectral-norm,go,official,5500,ok,0,,ok,0.273255,1.049622,0.000993,1.050615,3.844800,5868,12,f9d5b5e3eb7657cf1bbba4cc856651864df9cd9fd9a6be9b9bc5fcbb67150deb,,c3093fefa8ed96f787ec45df9837c7844215ad3f23e8c4424094f5b3ff5df248,rlimit,1800
2026-09-27T17:46:39Z,19e19925921f112b6d318368df76697f39f4428c,a42531566e9b,24e1e28cefce,1,best,spectral-norm,go,official,5500,ok,0,,ok,0.277079,1.052996,0.000994,1.053990,3.803900,5864,12,f9d5b5e3eb7657cf1bbba4cc856651864df9cd9fd9a6be9b9bc5fcbb67150deb,,c3093fefa8ed96f787ec45df9837c7844215ad3f23e8c4424094f5b3ff5df248,rlimit,1800
2026-09-27T17:46:39Z,19e19925921f112b6d318368df76697f39f4428c,a42531566e9b,24e1e28cefce,2,best,spectral-norm,go,official,5500,ok,0,,ok,0.316546,1.072654,0.006815,1.079469,3.410200,8004,12,f9d5b5e3eb7657cf1bbba4cc856651864df9cd9fd9a6be9b9bc5fcbb67150deb,,c3093fefa8ed96f787ec45df9837c7844215ad3f23e8c4424094f5b3ff5df248,rlimit,1800
2026-09-27T17:46:39Z,19e19925921f112b6d318368df76697f39f4428c,a42531566e9b,24e1e28cefce,3,best,spectral-norm,go,official,5500,ok,0,,ok,0.297077,1.072336,0.003015,1.075351,3.619800,7996,12,f9d5b5e3eb7657cf1bbba4cc856651864df9cd9fd9a6be9b9bc5fcbb67150deb,,c3093fefa8ed96f787ec45df9837c7844215ad3f23e8c4424094f5b3ff5df248,rlimit,1800
2026-09-27T17:46:40Z,19e19925921f112b6d318368df76697f39f4428c,a42531566e9b,24e1e28cefce,4,best,spectral-norm,go,official,5500,ok,0,,ok,0.292388,1.053331,0.000000,1.053331,3.602500,5876,12,f9d5b5e3eb7657cf1bbba4cc856651864df9cd9fd9a6be9b9bc5fcbb67150deb,,c3093fefa8ed96f787ec45df9837c7844215ad3f23e8c4424094f5b3ff5df248,rlimit,1800
2026-09-27T17:46:40Z,19e19925921f112b6d318368df76697f39f4428c,a42531566e9b,d51139b0cc85,0,best,spectral-norm,java,official,5500,ok,0,,ok,0.302612,3.793764,0.041792,3.835556,12.674800,49924,12,f9d5b5e3eb7657cf1bbba4cc856651864df9cd9fd9a6be9b9bc5fcbb67150deb,,50e43301c2c11241aefce63daa93649ea9392d456f1a29268e04f360d365f2ca,poll,1800
2026-09-27T17:46:40Z,19e19925921f112b6d318368df76697f39f4428c,a42531566e9b,d51139b0cc85,1,best,spectral-norm,java,official,5500,ok,0,,ok,0.294359,3.571224,0.033098,3.604322,12.244600,50028,12,f9d5b5e3eb7657cf1bbba4cc856651864df9cd9fd9a6be9b9bc5fcbb67150deb,,50e43301c2c11241aefce63daa93649ea9392d456f1a29268e04f360d365f2ca,poll,1800
2026-09-27T17:46:41Z,19e19925921f112b6d318368df76697f39f4428c,a42531566e9b,d51139b0cc85,2,best,spectral-norm,java,official,5500,ok,0,,ok,0.286781,3.359130,0.032846,3.391976,11.827800,50020,12,f9d5b5e3eb7657cf1bbba4cc856651864df9cd9fd9a6be9b9bc5fcbb67150deb,,50e43301c2c11241aefce63daa93649ea9392d456f1a29268e04f360d365f2ca,poll,1800
2026-09-27T17:46:41Z,19e19925921f112b6d318368df76697f39f4428c,a42531566e9b,d51139b0cc85,3,best,spectral-norm,java,official,5500,ok,0,,ok,0.300728,3.744006,0.032366,3.776372,12.557500,50048,12,f9d5b5e3eb7657cf1bbba4cc856651864df9cd9fd9a6be9b9bc5fcbb67150deb,,50e43301c2c11241aefce63daa93649ea9392d456f1a29268e04f360d365f2ca,poll,1800
2026-09-27T17:46:41Z,19e19925921f112b6d318368df76697f39f4428c,a42531566e9b,d51139b0cc85,4,best,spectral-norm,java,official,5500,ok,0,,ok,0.282515,3.447633,0.036880,3.484513,12.333900,50008,12,f9d5b5e3eb7657cf1bbba4cc856651864df9cd9fd9a6be9b9bc5fcbb67150deb,,50e43301c2c11241aefce63daa93649ea9392d456f1a29268e04f360d365f2ca,poll,1800
2026-09-27T17:46:42Z,19e19925921f112b6d318368df76697f39f4428c,a42531566e9b,3ae341a7c2ea,0,best,spectral-norm,csharp,official,5500,ok,0,,ok,0.284041,3.702083,0.017836,3.719919,13.096400,31616,12,f9d5b5e3eb7657cf1bbba4cc856651864df9cd9fd9a6be9b9bc5fcbb67150deb,,e8ed4fe64cedec82facfa5b71aa8f8188a359aafc6db748f7772a61df38dfd68,poll,1800
2026-09-27T17:46:42Z,19e19925921f112b6d318368df76697f39f4428c,a42531566e9b,3ae341a7c2ea,1,best,spectral-norm,csharp,official,5500,ok,0,,ok,0.337736,4.773803,0.026008,4.799811,14.211700,32036,12,f9d5b5e3eb7657cf1bbba4cc856651864df9cd9fd9a6be9b9bc5fcbb67150deb,,e8ed4fe64cedec82facfa5b71aa8f8188a359aafc6db748f7772a61df38dfd68,poll,1800
2026-09-27T17:46:42Z,19e19925921f112b6d318368df76697f39f4428c,a42531566e9b,3ae341a7c2ea,2,best,spectral-norm,csharp,official,5500,ok,0,,ok,0.271381,3.753087,0.019857,3.772944,13.902800,31696,12,f9d5b5e3eb7657cf1bbba4cc856651864df9cd9fd9a6be9b9bc5fcbb67150deb,,e8ed4fe64cedec82facfa5b71aa8f8188a359aafc6db748f7772a61df38dfd68,poll,1800
2026-09-27T17:46:42Z,19e19925921f112b6d318368df76697f39f4428c,a42531566e9b,3ae341a7c2ea,3,best,spectral-norm,csharp,official,5500,ok,0,,ok,0.335061,4.585561,0.021866,4.607427,13.751000,32044,12,f9d5b5e3eb7657cf1bbba4cc856651864df9cd9fd9a6be9b9bc5fcbb67150deb,,e8ed4fe64cedec82facfa5b71aa8f8188a359aafc6db748f7772a61df38dfd68,poll,1800
2026-09-27T17:46:43Z,19e19925921f112b6d318368df76697f39f4428c,a42531566e9b,3ae341a7c2ea,4,best,spectral-norm,csharp,official,5500,ok,0,,ok,0.335575,4.771132,0.030191,4.801323,14.307800,32032,12,f9d5b5e3eb7657cf1bbba4cc856651864df9cd9fd9a6be9b9bc5fcbb67150deb,,e8ed4fe64cedec82facfa5b71aa8f8188a359aafc6db748f7772a61df38dfd68,poll,1800
2026-09-27T17:46:43Z,19e19925921f112b6d318368df76697f39f4428c,a42531566e9b,5334b188214a,0,best,spectral-norm,javascript,official,5500,ok,0,,ok,0.354806,3.785703,0.125831,3.911534,11.024400,330436,12,f9d5b5e3eb7657cf1bbba4cc856651864df9cd9fd9a6be9b9bc5fcbb67150deb,,bdc7eb25d87ccb10d6eeba83eb9f2a7d159657c91e862de7114a196fe4584514,poll,1800
2026-09-27T17:46:44Z,19e19925921f112b6d318368df76697f39f4428c,a42531566e9b,5334b188214a,1,best,spectral-norm,javascript,official,5500,ok,0,,ok,0.358614,3.644959,0.130196,3.775155,10.527100,328900,12,f9d5b5e3eb7657cf1bbba4cc856651864df9cd9fd9a6be9b9bc5fcbb67150deb,,bdc7eb25d87ccb10d6eeba83eb9f2a7d159657c91e862de7114a196fe4584514,poll,1800
2026-09-27T17:46:44Z,19e19925921f112b6d318368df76697f39f4428c,a42531566e9b,5334b188214a,2,best,spectral-norm,javascript,official,5500,ok,0,,ok,0.351110,3.730932,0.143004,3.873936,11.033400,332568,12,f9d5b5e3eb7657cf1bbba4cc856651864df9cd9fd9a6be9b9bc5fcbb67150deb,,bdc7eb25d87ccb10d6eeba83eb9f2a7d159657c91e862de7114a196fe4584514,poll,1800
2026-09-27T17:46:44Z,19e19925921f112b6d318368df76697f39f4428c,a42531566e9b,5334b188214a,3,best,spectral-norm,javascript,official,5500,ok,0,,ok,0.347311,3.748781,0.143906,3.892687,11.208100,331584,12,f9d5b5e3eb7657cf1bbba4cc856651864df9cd9fd9a6be9b9bc5fcbb67150deb,,bdc7eb25d87ccb10d6eeba83eb9f2a7d159657c91e862de7114a196fe4584514,poll,1800
2026-09-27T17:46:45Z,19e19925921f112b6d318368df76697f39f4428c,a42531566e9b,5334b188214a,4,best,spectral-norm,javascript,official,5500,ok,0,,ok,0.353996,3.766944,0.120252,3.887196,10.980900,324816,12,f9d5b5e3eb7657cf1bbba4cc856651864df9cd9fd9a6be9b9bc5fcbb67150deb,,bdc7eb25d87ccb10d6eeba83eb9f2a7d159657c91e862de7114a196fe4584514,poll,1800
2026-09-27T17:47:19Z,19e19925921f112b6d318368df76697f39f4428c,a42531566e9b,13bb40267c5b,0,best,spectral-norm,python,official,5500,ok,0,,ok,34.245650,132.186135,0.035713,132.221848,3.861000,19528,12,f9d5b5e3eb7657cf1bbba4cc856651864df9cd9fd9a6be9b9bc5fcbb67150deb,,64a8cd362cc3cc0456af9dc4c341963afe2e640bfb4b4ac88dafce3252cba965,rlimit,1800
2026-09-27T17:47:53Z,19e19925921f112b6d318368df76697f39f4428c,a42531566e9b,13bb40267c5b,1,best,spectral-norm,python,official,5500,ok,0,,ok,33.901198,134.391181,0.048109,134.439290,3.965600,19516,12,f9d5b5e3eb7657cf1bbba4cc856651864df9cd9fd9a6be9b9bc5fcbb67150deb,,64a8cd362cc3cc0456af9dc4c341963afe2e640bfb4b4ac88dafce3252cba965,rlimit,1800
2026-09-27T17:48:27Z,19e19925921f112b6d318368df76697f39f4428c,a42531566e9b,13bb40267c5b,2,best,spectral-norm,python,official,5500,ok,0,,ok,34.569822,135.231642,0.058932,135.290574,3.913500,19544,12,f9d5b5e3eb7657cf1bbba4cc856651864df9cd9fd9a6be9b9bc5fcbb67150deb,,64a8cd362cc3cc0456af9dc4c341963afe2e640bfb4b4ac88dafce3252cba965,rlimit,1800
2026-09-27T17:49:02Z,19e19925921f112b6d318368df76697f39f4428c,a42531566e9b,13bb40267c5b,3,best,spectral-norm,python,official,5500,ok,0,,ok,34.526580,136.014614,0.050516,136.065130,3.940900,19380,12,f9d5b5e3eb7657cf1bbba4cc856651864df9cd9fd9a6be9b9bc5fcbb67150deb,,64a8cd362cc3cc0456af9dc4c341963afe2e640bfb4b4ac88dafce3252cba965,rlimit,1800
2026-09-27T17:49:36Z,19e19925921f112b6d318368df76697f39f4428c,a42531566e9b,13bb40267c5b,4,best,spectral-norm,python,official,5500,ok,0,,ok,34.042421,135.221347,0.038516,135.259863,3.973300,19632,12,f9d5b5e3eb7657cf1bbba4cc856651864df9cd9fd9a6be9b9bc5fcbb67150deb,,64a8cd362cc3cc0456af9dc4c341963afe2e640bfb4b4ac88dafce3252cba965,rlimit,1800
2026-09-27T17:49:36Z,19e19925921f112b6d318368df76697f39f4428c,a42531566e9b,d0504c7f0851,0,best,spectral-norm,fortran,official,5500,ok,0,,ok,0.089297,1.402713,0.000996,1.403709,15.719600,3640,12,f9d5b5e3eb7657cf1bbba4cc856651864df9cd9fd9a6be9b9bc5fcbb67150deb,,8d92a900417dd2f1cfda85c9f049ca075a069111f867721c100dbc597b69c670,rlimit,1800
2026-09-27T17:49:36Z,19e19925921f112b6d318368df76697f39f4428c,a42531566e9b,d0504c7f0851,1,best,spectral-norm,fortran,official,5500,ok,0,,ok,0.091336,1.440584,0.001989,1.442573,15.794200,3628,12,f9d5b5e3eb7657cf1bbba4cc856651864df9cd9fd9a6be9b9bc5fcbb67150deb,,8d92a900417dd2f1cfda85c9f049ca075a069111f867721c100dbc597b69c670,rlimit,1800
2026-09-27T17:49:36Z,19e19925921f112b6d318368df76697f39f4428c,a42531566e9b,d0504c7f0851,2,best,spectral-norm,fortran,official,5500,ok,0,,ok,0.091142,1.428210,0.012781,1.440991,15.810400,3816,12,f9d5b5e3eb7657cf1bbba4cc856651864df9cd9fd9a6be9b9bc5fcbb67150deb,,8d92a900417dd2f1cfda85c9f049ca075a069111f867721c100dbc597b69c670,rlimit,1800
2026-09-27T17:49:36Z,19e19925921f112b6d318368df76697f39f4428c,a42531566e9b,d0504c7f0851,3,best,spectral-norm,fortran,official,5500,ok,0,,ok,0.123583,1.917231,0.002010,1.919241,15.530000,3812,12,f9d5b5e3eb7657cf1bbba4cc856651864df9cd9fd9a6be9b9bc5fcbb67150deb,,8d92a900417dd2f1cfda85c9f049ca075a069111f867721c100dbc597b69c670,rlimit,1800
2026-09-27T17:49:36Z,19e19925921f112b6d318368df76697f39f4428c,a42531566e9b,d0504c7f0851,4,best,spectral-norm,fortran,official,5500,ok,0,,ok,0.133984,2.019072,0.001977,2.021049,15.084200,3700,12,f9d5b5e3eb7657cf1bbba4cc856651864df9cd9fd9a6be9b9bc5fcbb67150deb,,8d92a900417dd2f1cfda85c9f049ca075a069111f867721c100dbc597b69c670,rlimit,1800
2026-09-27T17:49:37Z,19e19925921f112b6d318368df76697f39f4428c,a42531566e9b,64b864029190,0,best,spectral-norm,pascal,official,5500,ok,0,,ok,0.189769,2.918067,0.004031,2.922098,15.398200,2904,12,f9d5b5e3eb7657cf1bbba4cc856651864df9cd9fd9a6be9b9bc5fcbb67150deb,,620b4da2c8a31f70bb38ef844034e91e0a46c236645bc4d0dcf87651ca7495d7,rlimit,1800
2026-09-27T17:49:37Z,19e19925921f112b6d318368df76697f39f4428c,a42531566e9b,64b864029190,1,best,spectral-norm,pascal,official,5500,ok,0,,ok,0.185885,2.832941,0.001992,2.834933,15.251000,2916,12,f9d5b5e3eb7657cf1bbba4cc856651864df9cd9fd9a6be9b9bc5fcbb67150deb,,620b4da2c8a31f70bb38ef844034e91e0a46c236645bc4d0dcf87651ca7495d7,rlimit,1800
2026-09-27T17:49:37Z,19e19925921f112b6d318368df76697f39f4428c,a42531566e9b,64b864029190,2,best,spectral-norm,pascal,official,5500,ok,0,,ok,0.186807,2.927762,0.001991,2.929753,15.683300,2808,12,f9d5b5e3eb7657cf1bbba4cc856651864df9cd9fd9a6be9b9bc5fcbb67150deb,,620b4da2c8a31f70bb38ef844034e91e0a46c236645bc4d0dcf87651ca7495d7,rlimit,1800
2026-09-27T17:49:37Z,19e19925921f112b6d318368df76697f39f4428c,a42531566e9b,64b864029190,3,best,spectral-norm,pascal,official,5500,ok,0,,ok,0.186621,2.914034,0.001985,2.916019,15.625400,2940,12,f9d5b5e3eb7657cf1bbba4cc856651864df9cd9fd9a6be9b9bc5fcbb67150deb,,620b4da2c8a31f70bb38ef844034e91e0a46c236645bc4d0dcf87651ca7495d7,rlimit,1800
2026-09-27T17:49:37Z,19e19925921f112b6d318368df76697f39f4428c,a42531566e9b,64b864029190,4,best,spectral-norm,pascal,official,5500,ok,0,,ok,0.186533,2.911481,0.002998,2.914479,15.624500,2944,12,f9d5b5e3eb7657cf1bbba4cc856651864df9cd9fd9a6be9b9bc5fcbb67150deb,,620b4da2c8a31f70bb38ef844034e91e0a46c236645bc4d0dcf87651ca7495d7,rlimit,1800
2026-09-27T17:49:48Z,19e19925921f112b6d318368df76697f39f4428c,a42531566e9b,3b985226b640,0,st,mandelbrot,c,official,16000,ok,0,,reference,11.069672,11.027584,0.020407,11.047991,0.998000,1952,32000015,609262469ee6a0262ccd03932e557f745c9e7b997ad17835a02a0232a64807be,,9fc0f236eabe8e76f32fbc9ff2670193fa2b0244772cda6a49633adafddc4b4d,rlimit,1800
2026-09-27T17:49:59Z,19e19925921f112b6d318368df76697f39f4428c,a42531566e9b,3b985226b640,1,st,mandelbrot,c,official,16000,ok,0,,reference,11.008093,10.968304,0.018476,10.986780,0.998100,1952,32000015,609262469ee6a0262ccd03932e557f745c9e7b997ad17835a02a0232a64807be,,9fc0f236eabe8e76f32fbc9ff2670193fa2b0244772cda6a49633adafddc4b4d,rlimit,1800
2026-09-27T17:50:10Z,19e19925921f112b6d318368df76697f39f4428c,a42531566e9b,3b985226b640,2,st,mandelbrot,c,official,16000,ok,0,,reference,10.973761,10.946769,0.009508,10.956277,0.998400,1952,32000015,609262469ee6a0262ccd03932e557f745c9e7b997ad17835a02a0232a64807be,,9fc0f236eabe8e76f32fbc9ff2670193fa2b0244772cda6a49633adafddc4b4d,rlimit,1800
2026-09-27T17:50:21Z,19e19925921f112b6d318368df76697f39f4428c,a42531566e9b,3b985226b640,3,st,mandelbrot,c,official,16000,ok,0,,reference,10.978291,10.947194,0.011676,10.958870,0.998200,1952,32000015,609262469ee6a0262ccd03932e557f745c9e7b997ad17835a02a0232a64807be,,9fc0f236eabe8e76f32fbc9ff2670193fa2b0244772cda6a49633adafddc4b4d,rlimit,1800
2026-09-27T17:50:32Z,19e19925921f112b6d318368df76697f39f4428c,a42531566e9b,3b985226b640,4,st,mandelbrot,c,official,16000,ok,0,,reference,10.964377,10.938852,0.008990,10.947842,0.998500,1952,32000015,609262469ee6a0262ccd03932e557f745c9e7b997ad17835a02a0232a64807be,,9fc0f236eabe8e76f32fbc9ff2670193fa2b0244772cda6a49633adafddc4b4d,rlimit,1800
2026-09-27T17:50:44Z,19e19925921f112b6d318368df76697f39f4428c,a42531566e9b,27ba17d9250e,0,st,mandelbrot,resid,official,16000,ok,0,,ok,11.169893,11.130106,0.019709,11.149815,0.998200,2088,32000015,609262469ee6a0262ccd03932e557f745c9e7b997ad17835a02a0232a64807be,,1808dd7a5fa7c2cdc4e45ae1ae8bc87d7f373747a6321e5a8f4f881ad16d9cb5,rlimit,1800
2026-09-27T17:50:55Z,19e19925921f112b6d318368df76697f39f4428c,a42531566e9b,27ba17d9250e,1,st,mandelbrot,resid,official,16000,ok,0,,ok,11.177615,11.140222,0.019607,11.159829,0.998400,2084,32000015,609262469ee6a0262ccd03932e557f745c9e7b997ad17835a02a0232a64807be,,1808dd7a5fa7c2cdc4e45ae1ae8bc87d7f373747a6321e5a8f4f881ad16d9cb5,rlimit,1800
2026-09-27T17:51:06Z,19e19925921f112b6d318368df76697f39f4428c,a42531566e9b,27ba17d9250e,2,st,mandelbrot,resid,official,16000,ok,0,,ok,11.174368,11.137821,0.019492,11.157313,0.998500,2084,32000015,609262469ee6a0262ccd03932e557f745c9e7b997ad17835a02a0232a64807be,,1808dd7a5fa7c2cdc4e45ae1ae8bc87d7f373747a6321e5a8f4f881ad16d9cb5,rlimit,1800
2026-09-27T17:51:17Z,19e19925921f112b6d318368df76697f39f4428c,a42531566e9b,27ba17d9250e,3,st,mandelbrot,resid,official,16000,ok,0,,ok,11.181183,11.137249,0.024300,11.161549,0.998200,2084,32000015,609262469ee6a0262ccd03932e557f745c9e7b997ad17835a02a0232a64807be,,1808dd7a5fa7c2cdc4e45ae1ae8bc87d7f373747a6321e5a8f4f881ad16d9cb5,rlimit,1800
2026-09-27T17:51:28Z,19e19925921f112b6d318368df76697f39f4428c,a42531566e9b,27ba17d9250e,4,st,mandelbrot,resid,official,16000,ok,0,,ok,11.168974,11.126896,0.023510,11.150406,0.998300,2084,32000015,609262469ee6a0262ccd03932e557f745c9e7b997ad17835a02a0232a64807be,,1808dd7a5fa7c2cdc4e45ae1ae8bc87d7f373747a6321e5a8f4f881ad16d9cb5,rlimit,1800
2026-09-27T17:51:39Z,19e19925921f112b6d318368df76697f39f4428c,a42531566e9b,20e6e0a57b90,0,st,mandelbrot,cpp,official,16000,ok,0,,ok,10.944369,10.915570,0.011412,10.926982,0.998400,35332,32000015,609262469ee6a0262ccd03932e557f745c9e7b997ad17835a02a0232a64807be,,8f54598a4b3e8750ee33cfe3a21bf640b3f53dc7da5d56abe36220a444267ab8,rlimit,1800
2026-09-27T17:51:50Z,19e19925921f112b6d318368df76697f39f4428c,a42531566e9b,20e6e0a57b90,1,st,mandelbrot,cpp,official,16000,ok,0,,ok,10.948357,10.911074,0.016342,10.927416,0.998100,35352,32000015,609262469ee6a0262ccd03932e557f745c9e7b997ad17835a02a0232a64807be,,8f54598a4b3e8750ee33cfe3a21bf640b3f53dc7da5d56abe36220a444267ab8,rlimit,1800
2026-09-27T17:52:01Z,19e19925921f112b6d318368df76697f39f4428c,a42531566e9b,20e6e0a57b90,2,st,mandelbrot,cpp,official,16000,ok,0,,ok,10.950146,10.909951,0.020141,10.930092,0.998200,35336,32000015,609262469ee6a0262ccd03932e557f745c9e7b997ad17835a02a0232a64807be,,8f54598a4b3e8750ee33cfe3a21bf640b3f53dc7da5d56abe36220a444267ab8,rlimit,1800
2026-09-27T17:52:12Z,19e19925921f112b6d318368df76697f39f4428c,a42531566e9b,20e6e0a57b90,3,st,mandelbrot,cpp,official,16000,ok,0,,ok,10.947645,10.915490,0.015586,10.931076,0.998500,35248,32000015,609262469ee6a0262ccd03932e557f745c9e7b997ad17835a02a0232a64807be,,8f54598a4b3e8750ee33cfe3a21bf640b3f53dc7da5d56abe36220a444267ab8,rlimit,1800
2026-09-27T17:52:23Z,19e19925921f112b6d318368df76697f39f4428c,a42531566e9b,20e6e0a57b90,4,st,mandelbrot,cpp,official,16000,ok,0,,ok,10.948407,10.915409,0.015800,10.931209,0.998400,35288,32000015,609262469ee6a0262ccd03932e557f745c9e7b997ad17835a02a0232a64807be,,8f54598a4b3e8750ee33cfe3a21bf640b3f53dc7da5d56abe36220a444267ab8,rlimit,1800
2026-09-27T17:52:35Z,19e19925921f112b6d318368df76697f39f4428c,a42531566e9b,2eae5efb63b0,0,st,mandelbrot,rust,official,16000,ok,0,,ok,11.477282,11.441683,0.016512,11.458195,0.998300,33612,32000015,609262469ee6a0262ccd03932e557f745c9e7b997ad17835a02a0232a64807be,,eedb5836bd5a52fee793a22a03d5e341745747d4dbb54be4c2719105a8efd145,rlimit,1800
2026-09-27T17:52:46Z,19e19925921f112b6d318368df76697f39f4428c,a42531566e9b,2eae5efb63b0,1,st,mandelbrot,rust,official,16000,ok,0,,ok,11.473677,11.441786,0.013801,11.455587,0.998400,33608,32000015,609262469ee6a0262ccd03932e557f745c9e7b997ad17835a02a0232a64807be,,eedb5836bd5a52fee793a22a03d5e341745747d4dbb54be4c2719105a8efd145,rlimit,1800
2026-09-27T17:52:58Z,19e19925921f112b6d318368df76697f39f4428c,a42531566e9b,2eae5efb63b0,2,st,mandelbrot,rust,official,16000,ok,0,,ok,11.477982,11.446871,0.012834,11.459705,0.998400,33608,32000015,609262469ee6a0262ccd03932e557f745c9e7b997ad17835a02a0232a64807be,,eedb5836bd5a52fee793a22a03d5e341745747d4dbb54be4c2719105a8efd145,rlimit,1800
2026-09-27T17:53:09Z,19e19925921f112b6d318368df76697f39f4428c,a42531566e9b,2eae5efb63b0,3,st,mandelbrot,rust,official,16000,ok,0,,ok,11.482476,11.448193,0.015245,11.463438,0.998300,33516,32000015,609262469ee6a0262ccd03932e557f745c9e7b997ad17835a02a0232a64807be,,eedb5836bd5a52fee793a22a03d5e341745747d4dbb54be4c2719105a8efd145,rlimit,1800
2026-09-27T17:53:21Z,19e19925921f112b6d318368df76697f39f4428c,a42531566e9b,2eae5efb63b0,4,st,mandelbrot,rust,official,16000,ok,0,,ok,11.480400,11.442919,0.019129,11.462048,0.998400,33492,32000015,609262469ee6a0262ccd03932e557f745c9e7b997ad17835a02a0232a64807be,,eedb5836bd5a52fee793a22a03d5e341745747d4dbb54be4c2719105a8efd145,rlimit,1800
2026-09-27T17:53:32Z,19e19925921f112b6d318368df76697f39f4428c,a42531566e9b,13f33855fdab,0,st,mandelbrot,go,official,16000,ok,0,,ok,11.324502,11.284932,0.016068,11.301000,0.997900,3588,32000015,609262469ee6a0262ccd03932e557f745c9e7b997ad17835a02a0232a64807be,,69ebb840efdde0682a549de4300dfb824e7e64ddcfe08d268002303315d8d815,rlimit,1800
2026-09-27T17:53:43Z,19e19925921f112b6d318368df76697f39f4428c,a42531566e9b,13f33855fdab,1,st,mandelbrot,go,official,16000,ok,0,,ok,11.265987,11.236291,0.009399,11.245690,0.998200,3588,32000015,609262469ee6a0262ccd03932e557f745c9e7b997ad17835a02a0232a64807be,,69ebb840efdde0682a549de4300dfb824e7e64ddcfe08d268002303315d8d815,rlimit,1800
2026-09-27T17:53:55Z,19e19925921f112b6d318368df76697f39f4428c,a42531566e9b,13f33855fdab,2,st,mandelbrot,go,official,16000,ok,0,,ok,11.265246,11.228211,0.015563,11.243774,0.998100,3588,32000015,609262469ee6a0262ccd03932e557f745c9e7b997ad17835a02a0232a64807be,,69ebb840efdde0682a549de4300dfb824e7e64ddcfe08d268002303315d8d815,rlimit,1800
2026-09-27T17:54:06Z,19e19925921f112b6d318368df76697f39f4428c,a42531566e9b,13f33855fdab,3,st,mandelbrot,go,official,16000,ok,0,,ok,11.264522,11.226003,0.017769,11.243772,0.998200,5636,32000015,609262469ee6a0262ccd03932e557f745c9e7b997ad17835a02a0232a64807be,,69ebb840efdde0682a549de4300dfb824e7e64ddcfe08d268002303315d8d815,rlimit,1800
2026-09-27T17:54:17Z,19e19925921f112b6d318368df76697f39f4428c,a42531566e9b,13f33855fdab,4,st,mandelbrot,go,official,16000,ok,0,,ok,11.261161,11.227208,0.014518,11.241726,0.998300,3588,32000015,609262469ee6a0262ccd03932e557f745c9e7b997ad17835a02a0232a64807be,,69ebb840efdde0682a549de4300dfb824e7e64ddcfe08d268002303315d8d815,rlimit,1800
2026-09-27T17:54:29Z,19e19925921f112b6d318368df76697f39f4428c,a42531566e9b,dc77fbb80f4d,0,st,mandelbrot,java,official,16000,ok,0,,ok,11.473623,11.428555,0.025566,11.454121,0.998300,46148,32000015,609262469ee6a0262ccd03932e557f745c9e7b997ad17835a02a0232a64807be,,7eef2e334f55d978a9a19285facb390dd672d90a60e67c8cacb2c1fa11482e1f,poll,1800
2026-09-27T17:54:40Z,19e19925921f112b6d318368df76697f39f4428c,a42531566e9b,dc77fbb80f4d,1,st,mandelbrot,java,official,16000,ok,0,,ok,11.478472,11.435351,0.024864,11.460215,0.998400,46248,32000015,609262469ee6a0262ccd03932e557f745c9e7b997ad17835a02a0232a64807be,,7eef2e334f55d978a9a19285facb390dd672d90a60e67c8cacb2c1fa11482e1f,poll,1800
2026-09-27T17:54:52Z,19e19925921f112b6d318368df76697f39f4428c,a42531566e9b,dc77fbb80f4d,2,st,mandelbrot,java,official,16000,ok,0,,ok,11.473657,11.433894,0.020955,11.454849,0.998400,46152,32000015,609262469ee6a0262ccd03932e557f745c9e7b997ad17835a02a0232a64807be,,7eef2e334f55d978a9a19285facb390dd672d90a60e67c8cacb2c1fa11482e1f,poll,1800
2026-09-27T17:55:03Z,19e19925921f112b6d318368df76697f39f4428c,a42531566e9b,dc77fbb80f4d,3,st,mandelbrot,java,official,16000,ok,0,,ok,11.479746,11.437082,0.022101,11.459183,0.998200,46140,32000015,609262469ee6a0262ccd03932e557f745c9e7b997ad17835a02a0232a64807be,,7eef2e334f55d978a9a19285facb390dd672d90a60e67c8cacb2c1fa11482e1f,poll,1800
2026-09-27T17:55:15Z,19e19925921f112b6d318368df76697f39f4428c,a42531566e9b,dc77fbb80f4d,4,st,mandelbrot,java,official,16000,ok,0,,ok,11.481966,11.441078,0.020614,11.461692,0.998200,46280,32000015,609262469ee6a0262ccd03932e557f745c9e7b997ad17835a02a0232a64807be,,7eef2e334f55d978a9a19285facb390dd672d90a60e67c8cacb2c1fa11482e1f,poll,1800
2026-09-27T17:55:26Z,19e19925921f112b6d318368df76697f39f4428c,a42531566e9b,367a175a2c5e,0,st,mandelbrot,csharp,official,16000,ok,0,,ok,11.179328,11.130641,0.019172,11.149813,0.997400,31916,32000015,609262469ee6a0262ccd03932e557f745c9e7b997ad17835a02a0232a64807be,,e471b50c707a889cfaffabb0a91a98a8d47bf9a5ffd262f81517150592ec7f7b,poll,1800
2026-09-27T17:55:37Z,19e19925921f112b6d318368df76697f39f4428c,a42531566e9b,367a175a2c5e,1,st,mandelbrot,csharp,official,16000,ok,0,,ok,11.171535,11.125454,0.026372,11.151826,0.998200,31912,32000015,609262469ee6a0262ccd03932e557f745c9e7b997ad17835a02a0232a64807be,,e471b50c707a889cfaffabb0a91a98a8d47bf9a5ffd262f81517150592ec7f7b,poll,1800
2026-09-27T17:55:48Z,19e19925921f112b6d318368df76697f39f4428c,a42531566e9b,367a175a2c5e,2,st,mandelbrot,csharp,official,16000,ok,0,,ok,11.178197,11.123152,0.032657,11.155809,0.998000,31900,32000015,609262469ee6a0262ccd03932e557f745c9e7b997ad17835a02a0232a64807be,,e471b50c707a889cfaffabb0a91a98a8d47bf9a5ffd262f81517150592ec7f7b,poll,1800
2026-09-27T17:56:00Z,19e19925921f112b6d318368df76697f39f4428c,a42531566e9b,367a175a2c5e,3,st,mandelbrot,csharp,official,16000,ok,0,,ok,11.190427,11.146271,0.022983,11.169254,0.998100,31920,32000015,609262469ee6a0262ccd03932e557f745c9e7b997ad17835a02a0232a64807be,,e471b50c707a889cfaffabb0a91a98a8d47bf9a5ffd262f81517150592ec7f7b,poll,1800
2026-09-27T17:56:11Z,19e19925921f112b6d318368df76697f39f4428c,a42531566e9b,367a175a2c5e,4,st,mandelbrot,csharp,official,16000,ok,0,,ok,11.172173,11.131301,0.020217,11.151518,0.998200,31912,32000015,609262469ee6a0262ccd03932e557f745c9e7b997ad17835a02a0232a64807be,,e471b50c707a889cfaffabb0a91a98a8d47bf9a5ffd262f81517150592ec7f7b,poll,1800
2026-09-27T17:56:22Z,19e19925921f112b6d318368df76697f39f4428c,a42531566e9b,9c261a4e5f7b,0,st,mandelbrot,javascript,official,16000,ok,0,,ok,10.996083,10.949758,0.024805,10.974563,0.998000,91944,32000015,609262469ee6a0262ccd03932e557f745c9e7b997ad17835a02a0232a64807be,,95f7c6fff5b6a0ccf98caf918ed3ff83c75388775b3ea37a225c5350c8278801,poll,1800
2026-09-27T17:56:33Z,19e19925921f112b6d318368df76697f39f4428c,a42531566e9b,9c261a4e5f7b,1,st,mandelbrot,javascript,official,16000,ok,0,,ok,10.991730,10.955540,0.016888,10.972428,0.998200,91944,32000015,609262469ee6a0262ccd03932e557f745c9e7b997ad17835a02a0232a64807be,,95f7c6fff5b6a0ccf98caf918ed3ff83c75388775b3ea37a225c5350c8278801,poll,1800
2026-09-27T17:56:44Z,19e19925921f112b6d318368df76697f39f4428c,a42531566e9b,9c261a4e5f7b,2,st,mandelbrot,javascript,official,16000,ok,0,,ok,10.996882,10.950721,0.027813,10.978534,0.998300,92340,32000015,609262469ee6a0262ccd03932e557f745c9e7b997ad17835a02a0232a64807be,,95f7c6fff5b6a0ccf98caf918ed3ff83c75388775b3ea37a225c5350c8278801,poll,1800
2026-09-27T17:56:55Z,19e19925921f112b6d318368df76697f39f4428c,a42531566e9b,9c261a4e5f7b,3,st,mandelbrot,javascript,official,16000,ok,0,,ok,11.006009,10.967715,0.018822,10.986537,0.998200,92868,32000015,609262469ee6a0262ccd03932e557f745c9e7b997ad17835a02a0232a64807be,,95f7c6fff5b6a0ccf98caf918ed3ff83c75388775b3ea37a225c5350c8278801,poll,1800
2026-09-27T17:57:06Z,19e19925921f112b6d318368df76697f39f4428c,a42531566e9b,9c261a4e5f7b,4,st,mandelbrot,javascript,official,16000,ok,0,,ok,10.995186,10.961172,0.015810,10.976982,0.998300,91860,32000015,609262469ee6a0262ccd03932e557f745c9e7b997ad17835a02a0232a64807be,,95f7c6fff5b6a0ccf98caf918ed3ff83c75388775b3ea37a225c5350c8278801,poll,1800
2026-09-27T18:04:55Z,19e19925921f112b6d318368df76697f39f4428c,a42531566e9b,95dff959d836,0,st,mandelbrot,python,official,16000,ok,0,,ok,469.136667,468.117372,0.187154,468.304526,0.998200,41660,32000015,609262469ee6a0262ccd03932e557f745c9e7b997ad17835a02a0232a64807be,,44a28ba38ba97ede50bf86727e968ee0f6f70d75f6274d2f3a0b82e79a4e36c7,rlimit,1800
2026-09-27T18:05:06Z,19e19925921f112b6d318368df76697f39f4428c,a42531566e9b,a694ae92ff6d,0,st,mandelbrot,fortran,official,16000,ok,0,,ok,11.017283,10.982305,0.015794,10.998099,0.998300,34396,32000015,609262469ee6a0262ccd03932e557f745c9e7b997ad17835a02a0232a64807be,,59897f5b7b5544bc325ecfe62a79093fc0e30153a713a60e79ab8330942dab5c,rlimit,1800
2026-09-27T18:05:17Z,19e19925921f112b6d318368df76697f39f4428c,a42531566e9b,a694ae92ff6d,1,st,mandelbrot,fortran,official,16000,ok,0,,ok,10.992108,10.960137,0.012968,10.973105,0.998300,34376,32000015,609262469ee6a0262ccd03932e557f745c9e7b997ad17835a02a0232a64807be,,59897f5b7b5544bc325ecfe62a79093fc0e30153a713a60e79ab8330942dab5c,rlimit,1800
2026-09-27T18:05:28Z,19e19925921f112b6d318368df76697f39f4428c,a42531566e9b,a694ae92ff6d,2,st,mandelbrot,fortran,official,16000,ok,0,,ok,10.985336,10.946544,0.019647,10.966191,0.998300,34380,32000015,609262469ee6a0262ccd03932e557f745c9e7b997ad17835a02a0232a64807be,,59897f5b7b5544bc325ecfe62a79093fc0e30153a713a60e79ab8330942dab5c,rlimit,1800
2026-09-27T18:05:39Z,19e19925921f112b6d318368df76697f39f4428c,a42531566e9b,a694ae92ff6d,3,st,mandelbrot,fortran,official,16000,ok,0,,ok,10.985857,10.951678,0.016563,10.968241,0.998400,34392,32000015,609262469ee6a0262ccd03932e557f745c9e7b997ad17835a02a0232a64807be,,59897f5b7b5544bc325ecfe62a79093fc0e30153a713a60e79ab8330942dab5c,rlimit,1800
2026-09-27T18:05:50Z,19e19925921f112b6d318368df76697f39f4428c,a42531566e9b,a694ae92ff6d,4,st,mandelbrot,fortran,official,16000,ok,0,,ok,10.986183,10.941864,0.023437,10.965301,0.998100,34380,32000015,609262469ee6a0262ccd03932e557f745c9e7b997ad17835a02a0232a64807be,,59897f5b7b5544bc325ecfe62a79093fc0e30153a713a60e79ab8330942dab5c,rlimit,1800
2026-09-27T18:06:17Z,19e19925921f112b6d318368df76697f39f4428c,a42531566e9b,8ea5ee260de5,0,st,mandelbrot,pascal,official,16000,ok,0,,ok,26.496824,26.421893,0.027972,26.449865,0.998200,31768,32000015,609262469ee6a0262ccd03932e557f745c9e7b997ad17835a02a0232a64807be,,757ae79c3c6be52559149016a709c61f40882f44b0e51e1fb6ebb011e6b4a381,rlimit,1800
2026-09-27T18:06:43Z,19e19925921f112b6d318368df76697f39f4428c,a42531566e9b,8ea5ee260de5,1,st,mandelbrot,pascal,official,16000,ok,0,,ok,26.582528,26.517436,0.018121,26.535557,0.998200,31776,32000015,609262469ee6a0262ccd03932e557f745c9e7b997ad17835a02a0232a64807be,,757ae79c3c6be52559149016a709c61f40882f44b0e51e1fb6ebb011e6b4a381,rlimit,1800
2026-09-27T18:07:10Z,19e19925921f112b6d318368df76697f39f4428c,a42531566e9b,8ea5ee260de5,2,st,mandelbrot,pascal,official,16000,ok,0,,ok,26.527971,26.461606,0.020079,26.481685,0.998300,31784,32000015,609262469ee6a0262ccd03932e557f745c9e7b997ad17835a02a0232a64807be,,757ae79c3c6be52559149016a709c61f40882f44b0e51e1fb6ebb011e6b4a381,rlimit,1800
2026-09-27T18:07:36Z,19e19925921f112b6d318368df76697f39f4428c,a42531566e9b,8ea5ee260de5,3,st,mandelbrot,pascal,official,16000,ok,0,,ok,26.548133,26.478238,0.021250,26.499488,0.998200,31752,32000015,609262469ee6a0262ccd03932e557f745c9e7b997ad17835a02a0232a64807be,,757ae79c3c6be52559149016a709c61f40882f44b0e51e1fb6ebb011e6b4a381,rlimit,1800
2026-09-27T18:08:03Z,19e19925921f112b6d318368df76697f39f4428c,a42531566e9b,8ea5ee260de5,4,st,mandelbrot,pascal,official,16000,ok,0,,ok,26.627685,26.538588,0.032838,26.571426,0.997900,31820,32000015,609262469ee6a0262ccd03932e557f745c9e7b997ad17835a02a0232a64807be,,757ae79c3c6be52559149016a709c61f40882f44b0e51e1fb6ebb011e6b4a381,rlimit,1800
2026-09-27T18:08:04Z,19e19925921f112b6d318368df76697f39f4428c,a42531566e9b,2db946eda22d,0,best,mandelbrot,resid,official,16000,ok,0,,ok,1.358435,15.982985,0.286059,16.269044,11.976300,553932,32000015,609262469ee6a0262ccd03932e557f745c9e7b997ad17835a02a0232a64807be,,9ccd1be2f2946ac90d9b7ad5ea47b0059f210497bd90b80bcad71664693e3cf2,rlimit,1800
2026-09-27T18:08:06Z,19e19925921f112b6d318368df76697f39f4428c,a42531566e9b,2db946eda22d,1,best,mandelbrot,resid,official,16000,ok,0,,ok,1.376828,16.118811,0.293869,16.412680,11.920600,552460,32000015,609262469ee6a0262ccd03932e557f745c9e7b997ad17835a02a0232a64807be,,9ccd1be2f2946ac90d9b7ad5ea47b0059f210497bd90b80bcad71664693e3cf2,rlimit,1800
2026-09-27T18:08:07Z,19e19925921f112b6d318368df76697f39f4428c,a42531566e9b,2db946eda22d,2,best,mandelbrot,resid,official,16000,ok,0,,ok,1.378622,16.356204,0.300999,16.657203,12.082500,553572,32000015,609262469ee6a0262ccd03932e557f745c9e7b997ad17835a02a0232a64807be,,9ccd1be2f2946ac90d9b7ad5ea47b0059f210497bd90b80bcad71664693e3cf2,rlimit,1800
2026-09-27T18:08:08Z,19e19925921f112b6d318368df76697f39f4428c,a42531566e9b,2db946eda22d,3,best,mandelbrot,resid,official,16000,ok,0,,ok,1.371756,16.197137,0.288905,16.486042,12.018200,553052,32000015,609262469ee6a0262ccd03932e557f745c9e7b997ad17835a02a0232a64807be,,9ccd1be2f2946ac90d9b7ad5ea47b0059f210497bd90b80bcad71664693e3cf2,rlimit,1800
2026-09-27T18:08:10Z,19e19925921f112b6d318368df76697f39f4428c,a42531566e9b,2db946eda22d,4,best,mandelbrot,resid,official,16000,ok,0,,ok,1.360210,16.245980,0.286465,16.532445,12.154300,553208,32000015,609262469ee6a0262ccd03932e557f745c9e7b997ad17835a02a0232a64807be,,9ccd1be2f2946ac90d9b7ad5ea47b0059f210497bd90b80bcad71664693e3cf2,rlimit,1800
2026-09-27T18:08:10Z,19e19925921f112b6d318368df76697f39f4428c,a42531566e9b,07054a9de1ac,0,best,mandelbrot,c,official,16000,ok,0,,ok,0.246280,3.599060,0.028885,3.627945,14.731000,33840,32000015,609262469ee6a0262ccd03932e557f745c9e7b997ad17835a02a0232a64807be,,f990aaf30c680d5db0bd3f24b40305ec51903772856e6f54c6ff1ef5861d064c,rlimit,1800
2026-09-27T18:08:10Z,19e19925921f112b6d318368df76697f39f4428c,a42531566e9b,07054a9de1ac,1,best,mandelbrot,c,official,16000,ok,0,,ok,0.245427,3.593687,0.030886,3.624573,14.768500,33916,32000015,609262469ee6a0262ccd03932e557f745c9e7b997ad17835a02a0232a64807be,,f990aaf30c680d5db0bd3f24b40305ec51903772856e6f54c6ff1ef5861d064c,rlimit,1800
2026-09-27T18:08:11Z,19e19925921f112b6d318368df76697f39f4428c,a42531566e9b,07054a9de1ac,2,best,mandelbrot,c,official,16000,ok,0,,ok,0.248639,3.621300,0.013938,3.635238,14.620500,33860,32000015,609262469ee6a0262ccd03932e557f745c9e7b997ad17835a02a0232a64807be,,f990aaf30c680d5db0bd3f24b40305ec51903772856e6f54c6ff1ef5861d064c,rlimit,1800
2026-09-27T18:08:11Z,19e19925921f112b6d318368df76697f39f4428c,a42531566e9b,07054a9de1ac,3,best,mandelbrot,c,official,16000,ok,0,,ok,0.243965,3.582386,0.026932,3.609318,14.794400,33840,32000015,609262469ee6a0262ccd03932e557f745c9e7b997ad17835a02a0232a64807be,,f990aaf30c680d5db0bd3f24b40305ec51903772856e6f54c6ff1ef5861d064c,rlimit,1800
2026-09-27T18:08:11Z,19e19925921f112b6d318368df76697f39f4428c,a42531566e9b,07054a9de1ac,4,best,mandelbrot,c,official,16000,ok,0,,ok,0.246642,3.585786,0.036822,3.622608,14.687700,33888,32000015,609262469ee6a0262ccd03932e557f745c9e7b997ad17835a02a0232a64807be,,f990aaf30c680d5db0bd3f24b40305ec51903772856e6f54c6ff1ef5861d064c,rlimit,1800
2026-09-27T18:08:11Z,19e19925921f112b6d318368df76697f39f4428c,a42531566e9b,72452ffa97fe,0,best,mandelbrot,cpp,official,16000,ok,0,,ok,0.176059,2.367531,0.038937,2.406468,13.668500,35868,32000015,609262469ee6a0262ccd03932e557f745c9e7b997ad17835a02a0232a64807be,,73d2f072be32306f7c0cba3f08b785760f67eb3b7297da6634ae900e91dcb2df,rlimit,1800
2026-09-27T18:08:12Z,19e19925921f112b6d318368df76697f39f4428c,a42531566e9b,72452ffa97fe,1,best,mandelbrot,cpp,official,16000,ok,0,,ok,0.183860,2.399426,0.027956,2.427382,13.202400,35844,32000015,609262469ee6a0262ccd03932e557f745c9e7b997ad17835a02a0232a64807be,,73d2f072be32306f7c0cba3f08b785760f67eb3b7297da6634ae900e91dcb2df,rlimit,1800
2026-09-27T18:08:12Z,19e19925921f112b6d318368df76697f39f4428c,a42531566e9b,72452ffa97fe,2,best,mandelbrot,cpp,official,16000,ok,0,,ok,0.170913,2.369729,0.024821,2.394550,14.010300,35828,32000015,609262469ee6a0262ccd03932e557f745c9e7b997ad17835a02a0232a64807be,,73d2f072be32306f7c0cba3f08b785760f67eb3b7297da6634ae900e91dcb2df,rlimit,1800
2026-09-27T18:08:12Z,19e19925921f112b6d318368df76697f39f4428c,a42531566e9b,72452ffa97fe,3,best,mandelbrot,cpp,official,16000,ok,0,,ok,0.172336,2.373917,0.027671,2.401588,13.935500,35800,32000015,609262469ee6a0262ccd03932e557f745c9e7b997ad17835a02a0232a64807be,,73d2f072be32306f7c0cba3f08b785760f67eb3b7297da6634ae900e91dcb2df,rlimit,1800
2026-09-27T18:08:12Z,19e19925921f112b6d318368df76697f39f4428c,a42531566e9b,72452ffa97fe,4,best,mandelbrot,cpp,official,16000,ok,0,,ok,0.173800,2.385586,0.028832,2.414418,13.891900,35828,32000015,609262469ee6a0262ccd03932e557f745c9e7b997ad17835a02a0232a64807be,,73d2f072be32306f7c0cba3f08b785760f67eb3b7297da6634ae900e91dcb2df,rlimit,1800
2026-09-27T18:08:12Z,19e19925921f112b6d318368df76697f39f4428c,a42531566e9b,614af3c624b7,0,best,mandelbrot,rust,official,16000,ok,0,,ok,0.197490,2.785968,0.023953,2.809921,14.228200,34116,32000015,609262469ee6a0262ccd03932e557f745c9e7b997ad17835a02a0232a64807be,,fc5e600209c6a2be843d6cc1093442219f9fd929fdb6335475896e91831ee05c,rlimit,1800
2026-09-27T18:08:13Z,19e19925921f112b6d318368df76697f39f4428c,a42531566e9b,614af3c624b7,1,best,mandelbrot,rust,official,16000,ok,0,,ok,0.192886,2.817452,0.025790,2.843242,14.740500,34196,32000015,609262469ee6a0262ccd03932e557f745c9e7b997ad17835a02a0232a64807be,,fc5e600209c6a2be843d6cc1093442219f9fd929fdb6335475896e91831ee05c,rlimit,1800
2026-09-27T18:08:13Z,19e19925921f112b6d318368df76697f39f4428c,a42531566e9b,614af3c624b7,2,best,mandelbrot,rust,official,16000,ok,0,,ok,0.192488,2.856160,0.028866,2.885026,14.988100,34208,32000015,609262469ee6a0262ccd03932e557f745c9e7b997ad17835a02a0232a64807be,,fc5e600209c6a2be843d6cc1093442219f9fd929fdb6335475896e91831ee05c,rlimit,1800
2026-09-27T18:08:13Z,19e19925921f112b6d318368df76697f39f4428c,a42531566e9b,614af3c624b7,3,best,mandelbrot,rust,official,16000,ok,0,,ok,0.191399,2.838831,0.020950,2.859781,14.941500,34172,32000015,609262469ee6a0262ccd03932e557f745c9e7b997ad17835a02a0232a64807be,,fc5e600209c6a2be843d6cc1093442219f9fd929fdb6335475896e91831ee05c,rlimit,1800
2026-09-27T18:08:13Z,19e19925921f112b6d318368df76697f39f4428c,a42531566e9b,614af3c624b7,4,best,mandelbrot,rust,official,16000,ok,0,,ok,0.191722,2.816274,0.016959,2.833233,14.777800,34152,32000015,609262469ee6a0262ccd03932e557f745c9e7b997ad17835a02a0232a64807be,,fc5e600209c6a2be843d6cc1093442219f9fd929fdb6335475896e91831ee05c,rlimit,1800
2026-09-27T18:08:14Z,19e19925921f112b6d318368df76697f39f4428c,a42531566e9b,46b696f601aa,0,best,mandelbrot,go,official,16000,ok,0,,ok,0.606093,9.274182,0.032516,9.306698,15.355200,49920,32000015,609262469ee6a0262ccd03932e557f745c9e7b997ad17835a02a0232a64807be,,5e80d3cb4945dc5801b1f23686d42304d5c0d811b75e3432c67cc934a4d3d6db,rlimit,1800
2026-09-27T18:08:14Z,19e19925921f112b6d318368df76697f39f4428c,a42531566e9b,46b696f601aa,1,best,mandelbrot,go,official,16000,ok,0,,ok,0.601209,9.291713,0.030030,9.321743,15.505000,47836,32000015,609262469ee6a0262ccd03932e557f745c9e7b997ad17835a02a0232a64807be,,5e80d3cb4945dc5801b1f23686d42304d5c0d811b75e3432c67cc934a4d3d6db,rlimit,1800
2026-09-27T18:08:15Z,19e19925921f112b6d318368df76697f39f4428c,a42531566e9b,46b696f601aa,2,best,mandelbrot,go,official,16000,ok,0,,ok,0.599800,9.295837,0.026933,9.322770,15.543100,47936,32000015,609262469ee6a0262ccd03932e557f745c9e7b997ad17835a02a0232a64807be,,5e80d3cb4945dc5801b1f23686d42304d5c0d811b75e3432c67cc934a4d3d6db,rlimit,1800
2026-09-27T18:08:16Z,19e19925921f112b6d318368df76697f39f4428c,a42531566e9b,46b696f601aa,3,best,mandelbrot,go,official,16000,ok,0,,ok,0.605085,9.306056,0.023654,9.329710,15.418800,50012,32000015,609262469ee6a0262ccd03932e557f745c9e7b997ad17835a02a0232a64807be,,5e80d3cb4945dc5801b1f23686d42304d5c0d811b75e3432c67cc934a4d3d6db,rlimit,1800
2026-09-27T18:08:16Z,19e19925921f112b6d318368df76697f39f4428c,a42531566e9b,46b696f601aa,4,best,mandelbrot,go,official,16000,ok,0,,ok,0.604523,9.283913,0.034941,9.318854,15.415200,50040,32000015,609262469ee6a0262ccd03932e557f745c9e7b997ad17835a02a0232a64807be,,5e80d3cb4945dc5801b1f23686d42304d5c0d811b75e3432c67cc934a4d3d6db,rlimit,1800
2026-09-27T18:08:17Z,19e19925921f112b6d318368df76697f39f4428c,a42531566e9b,feeb6313b436,0,best,mandelbrot,java,official,16000,ok,0,,ok,0.822889,12.454843,0.037642,12.492485,15.181200,99720,32000015,609262469ee6a0262ccd03932e557f745c9e7b997ad17835a02a0232a64807be,,0bf99345b41e61909cbc12466ac72a578e8ef1b9a7cac22b4d527534f36d43b4,poll,1800
2026-09-27T18:08:18Z,19e19925921f112b6d318368df76697f39f4428c,a42531566e9b,feeb6313b436,1,best,mandelbrot,java,official,16000,ok,0,,ok,0.784317,11.874498,0.019925,11.894423,15.165300,100028,32000015,609262469ee6a0262ccd03932e557f745c9e7b997ad17835a02a0232a64807be,,0bf99345b41e61909cbc12466ac72a578e8ef1b9a7cac22b4d527534f36d43b4,poll,1800
2026-09-27T18:08:19Z,19e19925921f112b6d318368df76697f39f4428c,a42531566e9b,feeb6313b436,2,best,mandelbrot,java,official,16000,ok,0,,ok,0.796293,12.077212,0.021704,12.098916,15.194000,99784,32000015,609262469ee6a0262ccd03932e557f745c9e7b997ad17835a02a0232a64807be,,0bf99345b41e61909cbc12466ac72a578e8ef1b9a7cac22b4d527534f36d43b4,poll,1800
2026-09-27T18:08:20Z,19e19925921f112b6d318368df76697f39f4428c,a42531566e9b,feeb6313b436,3,best,mandelbrot,java,official,16000,ok,0,,ok,0.808314,12.247975,0.032579,12.280554,15.192800,99624,32000015,609262469ee6a0262ccd03932e557f745c9e7b997ad17835a02a0232a64807be,,0bf99345b41e61909cbc12466ac72a578e8ef1b9a7cac22b4d527534f36d43b4,poll,1800
2026-09-27T18:08:20Z,19e19925921f112b6d318368df76697f39f4428c,a42531566e9b,feeb6313b436,4,best,mandelbrot,java,official,16000,ok,0,,ok,0.798766,12.106538,0.028652,12.135190,15.192400,99832,32000015,609262469ee6a0262ccd03932e557f745c9e7b997ad17835a02a0232a64807be,,0bf99345b41e61909cbc12466ac72a578e8ef1b9a7cac22b4d527534f36d43b4,poll,1800
2026-09-27T18:08:21Z,19e19925921f112b6d318368df76697f39f4428c,a42531566e9b,bdbb93e63a67,0,best,mandelbrot,csharp,official,16000,ok,0,,ok,0.367355,5.019469,0.030883,5.050352,13.747900,67008,32000015,609262469ee6a0262ccd03932e557f745c9e7b997ad17835a02a0232a64807be,,9687dab476d5d2042f52a5def4fe7c4d98a25b57508a8362f7e5c7fdb1fabf2b,poll,1800
2026-09-27T18:08:21Z,19e19925921f112b6d318368df76697f39f4428c,a42531566e9b,bdbb93e63a67,1,best,mandelbrot,csharp,official,16000,ok,0,,ok,0.293101,4.097571,0.025796,4.123367,14.068100,66920,32000015,609262469ee6a0262ccd03932e557f745c9e7b997ad17835a02a0232a64807be,,9687dab476d5d2042f52a5def4fe7c4d98a25b57508a8362f7e5c7fdb1fabf2b,poll,1800
2026-09-27T18:08:22Z,19e19925921f112b6d318368df76697f39f4428c,a42531566e9b,bdbb93e63a67,2,best,mandelbrot,csharp,official,16000,ok,0,,ok,0.357174,5.027968,0.028836,5.056804,14.157800,66956,32000015,609262469ee6a0262ccd03932e557f745c9e7b997ad17835a02a0232a64807be,,9687dab476d5d2042f52a5def4fe7c4d98a25b57508a8362f7e5c7fdb1fabf2b,poll,1800
2026-09-27T18:08:22Z,19e19925921f112b6d318368df76697f39f4428c,a42531566e9b,bdbb93e63a67,3,best,mandelbrot,csharp,official,16000,ok,0,,ok,0.398725,5.736682,0.031861,5.768543,14.467500,67004,32000015,609262469ee6a0262ccd03932e557f745c9e7b997ad17835a02a0232a64807be,,9687dab476d5d2042f52a5def4fe7c4d98a25b57508a8362f7e5c7fdb1fabf2b,poll,1800
2026-09-27T18:08:22Z,19e19925921f112b6d318368df76697f39f4428c,a42531566e9b,bdbb93e63a67,4,best,mandelbrot,csharp,official,16000,ok,0,,ok,0.389393,4.672762,0.032686,4.705448,12.084100,66948,32000015,609262469ee6a0262ccd03932e557f745c9e7b997ad17835a02a0232a64807be,,9687dab476d5d2042f52a5def4fe7c4d98a25b57508a8362f7e5c7fdb1fabf2b,poll,1800
2026-09-27T18:08:23Z,19e19925921f112b6d318368df76697f39f4428c,a42531566e9b,82fe616446ac,0,best,mandelbrot,javascript,official,16000,ok,0,,ok,0.851978,11.602653,0.222041,11.824694,13.879100,358676,32000015,609262469ee6a0262ccd03932e557f745c9e7b997ad17835a02a0232a64807be,,efeff7ec9ac7fdaa45ba67ec670e34a47804d3719be44b02bfdbff2fc30a0715,poll,1800
2026-09-27T18:08:24Z,19e19925921f112b6d318368df76697f39f4428c,a42531566e9b,82fe616446ac,1,best,mandelbrot,javascript,official,16000,ok,0,,ok,0.848713,11.591758,0.185490,11.777248,13.876600,358548,32000015,609262469ee6a0262ccd03932e557f745c9e7b997ad17835a02a0232a64807be,,efeff7ec9ac7fdaa45ba67ec670e34a47804d3719be44b02bfdbff2fc30a0715,poll,1800
2026-09-27T18:08:25Z,19e19925921f112b6d318368df76697f39f4428c,a42531566e9b,82fe616446ac,2,best,mandelbrot,javascript,official,16000,ok,0,,ok,0.847096,11.474983,0.206337,11.681320,13.789800,350364,32000015,609262469ee6a0262ccd03932e557f745c9e7b997ad17835a02a0232a64807be,,efeff7ec9ac7fdaa45ba67ec670e34a47804d3719be44b02bfdbff2fc30a0715,poll,1800
2026-09-27T18:08:26Z,19e19925921f112b6d318368df76697f39f4428c,a42531566e9b,82fe616446ac,3,best,mandelbrot,javascript,official,16000,ok,0,,ok,0.856446,11.633689,0.209027,11.842716,13.827700,357892,32000015,609262469ee6a0262ccd03932e557f745c9e7b997ad17835a02a0232a64807be,,efeff7ec9ac7fdaa45ba67ec670e34a47804d3719be44b02bfdbff2fc30a0715,poll,1800
2026-09-27T18:08:27Z,19e19925921f112b6d318368df76697f39f4428c,a42531566e9b,82fe616446ac,4,best,mandelbrot,javascript,official,16000,ok,0,,ok,0.832265,11.496991,0.218936,11.715927,14.077200,341784,32000015,609262469ee6a0262ccd03932e557f745c9e7b997ad17835a02a0232a64807be,,efeff7ec9ac7fdaa45ba67ec670e34a47804d3719be44b02bfdbff2fc30a0715,poll,1800
2026-09-27T18:09:18Z,19e19925921f112b6d318368df76697f39f4428c,a42531566e9b,23e7ce937062,0,best,mandelbrot,python,official,16000,ok,0,,ok,51.047561,805.038316,0.888914,805.927230,15.787800,18584,32000015,609262469ee6a0262ccd03932e557f745c9e7b997ad17835a02a0232a64807be,,b778ef7922c39fa097bd8a773ac951c329e902fcf1afd698cb4cb2c01e4c8768,rlimit,1800
2026-09-27T18:10:11Z,19e19925921f112b6d318368df76697f39f4428c,a42531566e9b,23e7ce937062,1,best,mandelbrot,python,official,16000,ok,0,,ok,53.626373,845.344773,0.910180,846.254953,15.780600,18536,32000015,609262469ee6a0262ccd03932e557f745c9e7b997ad17835a02a0232a64807be,,b778ef7922c39fa097bd8a773ac951c329e902fcf1afd698cb4cb2c01e4c8768,rlimit,1800
2026-09-27T18:11:07Z,19e19925921f112b6d318368df76697f39f4428c,a42531566e9b,23e7ce937062,2,best,mandelbrot,python,official,16000,ok,0,,ok,55.282370,871.483340,0.949707,872.433047,15.781400,18660,32000015,609262469ee6a0262ccd03932e557f745c9e7b997ad17835a02a0232a64807be,,b778ef7922c39fa097bd8a773ac951c329e902fcf1afd698cb4cb2c01e4c8768,rlimit,1800
2026-09-27T18:12:03Z,19e19925921f112b6d318368df76697f39f4428c,a42531566e9b,23e7ce937062,3,best,mandelbrot,python,official,16000,ok,0,,ok,55.991488,882.626777,0.966888,883.593665,15.780900,18816,32000015,609262469ee6a0262ccd03932e557f745c9e7b997ad17835a02a0232a64807be,,b778ef7922c39fa097bd8a773ac951c329e902fcf1afd698cb4cb2c01e4c8768,rlimit,1800
2026-09-27T18:12:59Z,19e19925921f112b6d318368df76697f39f4428c,a42531566e9b,23e7ce937062,4,best,mandelbrot,python,official,16000,ok,0,,ok,56.054891,883.765514,0.986013,884.751527,15.783700,18816,32000015,609262469ee6a0262ccd03932e557f745c9e7b997ad17835a02a0232a64807be,,b778ef7922c39fa097bd8a773ac951c329e902fcf1afd698cb4cb2c01e4c8768,rlimit,1800
2026-09-27T18:12:59Z,19e19925921f112b6d318368df76697f39f4428c,a42531566e9b,78e1a39a867a,0,best,mandelbrot,fortran,official,16000,ok,0,,ok,0.644659,3.493356,0.020961,3.514317,5.451400,34828,32000015,609262469ee6a0262ccd03932e557f745c9e7b997ad17835a02a0232a64807be,,7d645b7a0d4a74338fd6daed81619ab274dc5a45eb02b1c484356c253666f6fa,rlimit,1800
2026-09-27T18:13:00Z,19e19925921f112b6d318368df76697f39f4428c,a42531566e9b,78e1a39a867a,1,best,mandelbrot,fortran,official,16000,ok,0,,ok,0.608409,3.091804,0.007993,3.099797,5.094900,34768,32000015,609262469ee6a0262ccd03932e557f745c9e7b997ad17835a02a0232a64807be,,7d645b7a0d4a74338fd6daed81619ab274dc5a45eb02b1c484356c253666f6fa,rlimit,1800
2026-09-27T18:13:01Z,19e19925921f112b6d318368df76697f39f4428c,a42531566e9b,78e1a39a867a,2,best,mandelbrot,fortran,official,16000,ok,0,,ok,0.573160,2.991320,0.011987,3.003307,5.239900,34832,32000015,609262469ee6a0262ccd03932e557f745c9e7b997ad17835a02a0232a64807be,,7d645b7a0d4a74338fd6daed81619ab274dc5a45eb02b1c484356c253666f6fa,rlimit,1800
2026-09-27T18:13:01Z,19e19925921f112b6d318368df76697f39f4428c,a42531566e9b,78e1a39a867a,3,best,mandelbrot,fortran,official,16000,ok,0,,ok,0.558245,3.065921,0.013992,3.079913,5.517100,34860,32000015,609262469ee6a0262ccd03932e557f745c9e7b997ad17835a02a0232a64807be,,7d645b7a0d4a74338fd6daed81619ab274dc5a45eb02b1c484356c253666f6fa,rlimit,1800
2026-09-27T18:13:02Z,19e19925921f112b6d318368df76697f39f4428c,a42531566e9b,78e1a39a867a,4,best,mandelbrot,fortran,official,16000,ok,0,,ok,0.572350,3.054453,0.012880,3.067333,5.359200,34868,32000015,609262469ee6a0262ccd03932e557f745c9e7b997ad17835a02a0232a64807be,,7d645b7a0d4a74338fd6daed81619ab274dc5a45eb02b1c484356c253666f6fa,rlimit,1800
2026-09-27T18:13:03Z,19e19925921f112b6d318368df76697f39f4428c,a42531566e9b,f5abc2dc3e4a,0,best,mandelbrot,pascal,official,16000,ok,0,,ok,0.903534,12.280662,0.178874,12.459536,13.789800,33612,32000015,609262469ee6a0262ccd03932e557f745c9e7b997ad17835a02a0232a64807be,,de137b3a487017410890b9ad0804b923abdbb7ad9acf4c44d43aefb566859960,rlimit,1800
2026-09-27T18:13:04Z,19e19925921f112b6d318368df76697f39f4428c,a42531566e9b,f5abc2dc3e4a,1,best,mandelbrot,pascal,official,16000,ok,0,,ok,0.802901,12.397729,0.147490,12.545219,15.624900,33756,32000015,609262469ee6a0262ccd03932e557f745c9e7b997ad17835a02a0232a64807be,,de137b3a487017410890b9ad0804b923abdbb7ad9acf4c44d43aefb566859960,rlimit,1800
2026-09-27T18:13:04Z,19e19925921f112b6d318368df76697f39f4428c,a42531566e9b,f5abc2dc3e4a,2,best,mandelbrot,pascal,official,16000,ok,0,,ok,0.814683,12.661325,0.133849,12.795174,15.705700,33728,32000015,609262469ee6a0262ccd03932e557f745c9e7b997ad17835a02a0232a64807be,,de137b3a487017410890b9ad0804b923abdbb7ad9acf4c44d43aefb566859960,rlimit,1800
2026-09-27T18:13:05Z,19e19925921f112b6d318368df76697f39f4428c,a42531566e9b,f5abc2dc3e4a,3,best,mandelbrot,pascal,official,16000,ok,0,,ok,0.918809,12.660577,0.115769,12.776346,13.905300,33660,32000015,609262469ee6a0262ccd03932e557f745c9e7b997ad17835a02a0232a64807be,,de137b3a487017410890b9ad0804b923abdbb7ad9acf4c44d43aefb566859960,rlimit,1800
2026-09-27T18:13:06Z,19e19925921f112b6d318368df76697f39f4428c,a42531566e9b,f5abc2dc3e4a,4,best,mandelbrot,pascal,official,16000,ok,0,,ok,0.901956,12.422366,0.137207,12.559573,13.924800,33704,32000015,609262469ee6a0262ccd03932e557f745c9e7b997ad17835a02a0232a64807be,,de137b3a487017410890b9ad0804b923abdbb7ad9acf4c44d43aefb566859960,rlimit,1800
2026-09-27T18:13:13Z,19e19925921f112b6d318368df76697f39f4428c,a42531566e9b,de3e2b3717cb,0,st,binary-trees,c,official,21,ok,0,,reference,6.566804,6.512091,0.041917,6.554008,0.998100,264036,455,341de11a51feab3d8122b4b5d6a68b038a2d14434aa9bc2372f39300bf5f48e1,,d3baf81107ef2c3b5660d785e93924c8bc6aa540107a33864d83cdcc3231d47a,rlimit,1800
2026-09-27T18:13:20Z,19e19925921f112b6d318368df76697f39f4428c,a42531566e9b,de3e2b3717cb,1,st,binary-trees,c,official,21,ok,0,,reference,6.645640,6.576841,0.055019,6.631860,0.997900,264100,455,341de11a51feab3d8122b4b5d6a68b038a2d14434aa9bc2372f39300bf5f48e1,,d3baf81107ef2c3b5660d785e93924c8bc6aa540107a33864d83cdcc3231d47a,rlimit,1800
2026-09-27T18:13:26Z,19e19925921f112b6d318368df76697f39f4428c,a42531566e9b,de3e2b3717cb,2,st,binary-trees,c,official,21,ok,0,,reference,6.794872,6.727173,0.054679,6.781852,0.998100,264036,455,341de11a51feab3d8122b4b5d6a68b038a2d14434aa9bc2372f39300bf5f48e1,,d3baf81107ef2c3b5660d785e93924c8bc6aa540107a33864d83cdcc3231d47a,rlimit,1800
2026-09-27T18:13:33Z,19e19925921f112b6d318368df76697f39f4428c,a42531566e9b,de3e2b3717cb,3,st,binary-trees,c,official,21,ok,0,,reference,6.596522,6.526680,0.057651,6.584331,0.998200,264100,455,341de11a51feab3d8122b4b5d6a68b038a2d14434aa9bc2372f39300bf5f48e1,,d3baf81107ef2c3b5660d785e93924c8bc6aa540107a33864d83cdcc3231d47a,rlimit,1800
2026-09-27T18:13:40Z,19e19925921f112b6d318368df76697f39f4428c,a42531566e9b,de3e2b3717cb,4,st,binary-trees,c,official,21,ok,0,,reference,6.680815,6.608929,0.056336,6.665265,0.997700,264036,455,341de11a51feab3d8122b4b5d6a68b038a2d14434aa9bc2372f39300bf5f48e1,,d3baf81107ef2c3b5660d785e93924c8bc6aa540107a33864d83cdcc3231d47a,rlimit,1800
2026-09-27T18:13:42Z,19e19925921f112b6d318368df76697f39f4428c,a42531566e9b,a02f709eb016,0,st,binary-trees,resid,official,21,ok,0,,ok,2.089280,1.991135,0.092592,2.083727,0.997300,265256,455,341de11a51feab3d8122b4b5d6a68b038a2d14434aa9bc2372f39300bf5f48e1,,74efc01603c206f7c432648598fffafe84aaaf3027eb92e2394daf680f91ded4,rlimit,1800
2026-09-27T18:13:44Z,19e19925921f112b6d318368df76697f39f4428c,a42531566e9b,a02f709eb016,1,st,binary-trees,resid,official,21,ok,0,,ok,2.096264,2.012178,0.078161,2.090339,0.997200,265252,455,341de11a51feab3d8122b4b5d6a68b038a2d14434aa9bc2372f39300bf5f48e1,,74efc01603c206f7c432648598fffafe84aaaf3027eb92e2394daf680f91ded4,rlimit,1800
2026-09-27T18:13:46Z,19e19925921f112b6d318368df76697f39f4428c,a42531566e9b,a02f709eb016,2,st,binary-trees,resid,official,21,ok,0,,ok,2.139531,2.059611,0.074241,2.133852,0.997300,265256,455,341de11a51feab3d8122b4b5d6a68b038a2d14434aa9bc2372f39300bf5f48e1,,74efc01603c206f7c432648598fffafe84aaaf3027eb92e2394daf680f91ded4,rlimit,1800
2026-09-27T18:13:48Z,19e19925921f112b6d318368df76697f39f4428c,a42531566e9b,a02f709eb016,3,st,binary-trees,resid,official,21,ok,0,,ok,2.157210,2.073817,0.077059,2.150876,0.997100,265256,455,341de11a51feab3d8122b4b5d6a68b038a2d14434aa9bc2372f39300bf5f48e1,,74efc01603c206f7c432648598fffafe84aaaf3027eb92e2394daf680f91ded4,rlimit,1800
2026-09-27T18:13:50Z,19e19925921f112b6d318368df76697f39f4428c,a42531566e9b,a02f709eb016,4,st,binary-trees,resid,official,21,ok,0,,ok,2.133256,2.049294,0.078150,2.127444,0.997300,265256,455,341de11a51feab3d8122b4b5d6a68b038a2d14434aa9bc2372f39300bf5f48e1,,74efc01603c206f7c432648598fffafe84aaaf3027eb92e2394daf680f91ded4,rlimit,1800
2026-09-27T18:13:59Z,19e19925921f112b6d318368df76697f39f4428c,a42531566e9b,d216ab88c3ed,0,st,binary-trees,cpp,official,21,ok,0,,ok,8.297716,8.223535,0.052134,8.275669,0.997300,266408,455,341de11a51feab3d8122b4b5d6a68b038a2d14434aa9bc2372f39300bf5f48e1,,2eb154449429e36bd47d9da7c0dac41e7350c3ecbb2f7e8bde5f4eec3d0b7be6,rlimit,1800
2026-09-27T18:14:07Z,19e19925921f112b6d318368df76697f39f4428c,a42531566e9b,d216ab88c3ed,1,st,binary-trees,cpp,official,21,ok,0,,ok,8.113765,8.041833,0.053390,8.095223,0.997700,266448,455,341de11a51feab3d8122b4b5d6a68b038a2d14434aa9bc2372f39300bf5f48e1,,2eb154449429e36bd47d9da7c0dac41e7350c3ecbb2f7e8bde5f4eec3d0b7be6,rlimit,1800
2026-09-27T18:14:15Z,19e19925921f112b6d318368df76697f39f4428c,a42531566e9b,d216ab88c3ed,2,st,binary-trees,cpp,official,21,ok,0,,ok,8.215609,8.151503,0.047751,8.199254,0.998000,266348,455,341de11a51feab3d8122b4b5d6a68b038a2d14434aa9bc2372f39300bf5f48e1,,2eb154449429e36bd47d9da7c0dac41e7350c3ecbb2f7e8bde5f4eec3d0b7be6,rlimit,1800
2026-09-27T18:14:23Z,19e19925921f112b6d318368df76697f39f4428c,a42531566e9b,d216ab88c3ed,3,st,binary-trees,cpp,official,21,ok,0,,ok,8.164184,8.103355,0.044626,8.147981,0.998000,266408,455,341de11a51feab3d8122b4b5d6a68b038a2d14434aa9bc2372f39300bf5f48e1,,2eb154449429e36bd47d9da7c0dac41e7350c3ecbb2f7e8bde5f4eec3d0b7be6,rlimit,1800
2026-09-27T18:14:31Z,19e19925921f112b6d318368df76697f39f4428c,a42531566e9b,d216ab88c3ed,4,st,binary-trees,cpp,official,21,ok,0,,ok,8.221729,8.151910,0.054060,8.205970,0.998100,266452,455,341de11a51feab3d8122b4b5d6a68b038a2d14434aa9bc2372f39300bf5f48e1,,2eb154449429e36bd47d9da7c0dac41e7350c3ecbb2f7e8bde5f4eec3d0b7be6,rlimit,1800
2026-09-27T18:14:42Z,19e19925921f112b6d318368df76697f39f4428c,a42531566e9b,4654bb8d5e5f,0,st,binary-trees,rust,official,21,ok,0,,ok,10.286272,9.033237,1.229596,10.262833,0.997700,264416,455,341de11a51feab3d8122b4b5d6a68b038a2d14434aa9bc2372f39300bf5f48e1,,f6515e61bb6b28d5ffdc83e6b7ac3eda14343521b0b49565881d10cefdd62510,rlimit,1800
2026-09-27T18:14:52Z,19e19925921f112b6d318368df76697f39f4428c,a42531566e9b,4654bb8d5e5f,1,st,binary-trees,rust,official,21,ok,0,,ok,10.297322,9.091589,1.180720,10.272309,0.997600,264412,455,341de11a51feab3d8122b4b5d6a68b038a2d14434aa9bc2372f39300bf5f48e1,,f6515e61bb6b28d5ffdc83e6b7ac3eda14343521b0b49565881d10cefdd62510,rlimit,1800
2026-09-27T18:15:02Z,19e19925921f112b6d318368df76697f39f4428c,a42531566e9b,4654bb8d5e5f,2,st,binary-trees,rust,official,21,ok,0,,ok,10.149311,8.953692,1.172515,10.126207,0.997700,264388,455,341de11a51feab3d8122b4b5d6a68b038a2d14434aa9bc2372f39300bf5f48e1,,f6515e61bb6b28d5ffdc83e6b7ac3eda14343521b0b49565881d10cefdd62510,rlimit,1800
2026-09-27T18:15:12Z,19e19925921f112b6d318368df76697f39f4428c,a42531566e9b,4654bb8d5e5f,3,st,binary-trees,rust,official,21,ok,0,,ok,10.251630,8.986099,1.242638,10.228737,0.997800,264452,455,341de11a51feab3d8122b4b5d6a68b038a2d14434aa9bc2372f39300bf5f48e1,,f6515e61bb6b28d5ffdc83e6b7ac3eda14343521b0b49565881d10cefdd62510,rlimit,1800
2026-09-27T18:15:23Z,19e19925921f112b6d318368df76697f39f4428c,a42531566e9b,4654bb8d5e5f,4,st,binary-trees,rust,official,21,ok,0,,ok,10.282539,9.058366,1.199439,10.257805,0.997600,264432,455,341de11a51feab3d8122b4b5d6a68b038a2d14434aa9bc2372f39300bf5f48e1,,f6515e61bb6b28d5ffdc83e6b7ac3eda14343521b0b49565881d10cefdd62510,rlimit,1800
2026-09-27T18:15:35Z,19e19925921f112b6d318368df76697f39f4428c,a42531566e9b,967344c417dc,0,st,binary-trees,go,official,21,ok,0,,ok,12.167603,12.095030,0.045426,12.140456,0.997800,284300,455,341de11a51feab3d8122b4b5d6a68b038a2d14434aa9bc2372f39300bf5f48e1,,f9d1db66aaf4092184fa3695940b360c8732de346dc847d67f9d143afcd315f0,rlimit,1800
2026-09-27T18:15:47Z,19e19925921f112b6d318368df76697f39f4428c,a42531566e9b,967344c417dc,1,st,binary-trees,go,official,21,ok,0,,ok,12.184910,12.117745,0.038126,12.155871,0.997600,278708,455,341de11a51feab3d8122b4b5d6a68b038a2d14434aa9bc2372f39300bf5f48e1,,f9d1db66aaf4092184fa3695940b360c8732de346dc847d67f9d143afcd315f0,rlimit,1800
2026-09-27T18:15:59Z,19e19925921f112b6d318368df76697f39f4428c,a42531566e9b,967344c417dc,2,st,binary-trees,go,official,21,ok,0,,ok,12.322400,12.227848,0.053580,12.281428,0.996700,276060,455,341de11a51feab3d8122b4b5d6a68b038a2d14434aa9bc2372f39300bf5f48e1,,f9d1db66aaf4092184fa3695940b360c8732de346dc847d67f9d143afcd315f0,rlimit,1800
2026-09-27T18:16:11Z,19e19925921f112b6d318368df76697f39f4428c,a42531566e9b,967344c417dc,3,st,binary-trees,go,official,21,ok,0,,ok,12.112196,12.030729,0.051148,12.081877,0.997500,341932,455,341de11a51feab3d8122b4b5d6a68b038a2d14434aa9bc2372f39300bf5f48e1,,f9d1db66aaf4092184fa3695940b360c8732de346dc847d67f9d143afcd315f0,rlimit,1800
2026-09-27T18:16:24Z,19e19925921f112b6d318368df76697f39f4428c,a42531566e9b,967344c417dc,4,st,binary-trees,go,official,21,ok,0,,ok,12.154840,12.083620,0.040466,12.124086,0.997500,284928,455,341de11a51feab3d8122b4b5d6a68b038a2d14434aa9bc2372f39300bf5f48e1,,f9d1db66aaf4092184fa3695940b360c8732de346dc847d67f9d143afcd315f0,rlimit,1800
2026-09-27T18:16:25Z,19e19925921f112b6d318368df76697f39f4428c,a42531566e9b,7d954e148816,0,st,binary-trees,java,official,21,ok,0,,ok,1.597186,1.497058,0.094703,1.591761,0.996600,601264,455,341de11a51feab3d8122b4b5d6a68b038a2d14434aa9bc2372f39300bf5f48e1,,e6646226d7378e5497f9c19ad1263ba6a275a164205aa9fb52c10c2327600258,poll,1800
2026-09-27T18:16:27Z,19e19925921f112b6d318368df76697f39f4428c,a42531566e9b,7d954e148816,1,st,binary-trees,java,official,21,ok,0,,ok,1.597441,1.513240,0.078766,1.592006,0.996600,601320,455,341de11a51feab3d8122b4b5d6a68b038a2d14434aa9bc2372f39300bf5f48e1,,e6646226d7378e5497f9c19ad1263ba6a275a164205aa9fb52c10c2327600258,poll,1800
2026-09-27T18:16:28Z,19e19925921f112b6d318368df76697f39f4428c,a42531566e9b,7d954e148816,2,st,binary-trees,java,official,21,ok,0,,ok,1.597519,1.498177,0.092283,1.590460,0.995600,601276,455,341de11a51feab3d8122b4b5d6a68b038a2d14434aa9bc2372f39300bf5f48e1,,e6646226d7378e5497f9c19ad1263ba6a275a164205aa9fb52c10c2327600258,poll,1800
2026-09-27T18:16:30Z,19e19925921f112b6d318368df76697f39f4428c,a42531566e9b,7d954e148816,3,st,binary-trees,java,official,21,ok,0,,ok,1.599341,1.498879,0.094576,1.593455,0.996300,601316,455,341de11a51feab3d8122b4b5d6a68b038a2d14434aa9bc2372f39300bf5f48e1,,e6646226d7378e5497f9c19ad1263ba6a275a164205aa9fb52c10c2327600258,poll,1800
2026-09-27T18:16:32Z,19e19925921f112b6d318368df76697f39f4428c,a42531566e9b,7d954e148816,4,st,binary-trees,java,official,21,ok,0,,ok,1.600995,1.502884,0.092432,1.595316,0.996500,601292,455,341de11a51feab3d8122b4b5d6a68b038a2d14434aa9bc2372f39300bf5f48e1,,e6646226d7378e5497f9c19ad1263ba6a275a164205aa9fb52c10c2327600258,poll,1800
2026-09-27T18:16:41Z,19e19925921f112b6d318368df76697f39f4428c,a42531566e9b,aa515bdc53b1,0,st,binary-trees,csharp,official,21,ok,0,,ok,9.372380,8.994579,0.301706,9.296285,0.991900,565476,455,341de11a51feab3d8122b4b5d6a68b038a2d14434aa9bc2372f39300bf5f48e1,,6b73c6b0d001f919eb1181ab4252c97d41ef003e59c49d60324c27291c2c5ab2,poll,1800
2026-09-27T18:16:50Z,19e19925921f112b6d318368df76697f39f4428c,a42531566e9b,aa515bdc53b1,1,st,binary-trees,csharp,official,21,ok,0,,ok,9.479611,9.104545,0.314339,9.418884,0.993600,540048,455,341de11a51feab3d8122b4b5d6a68b038a2d14434aa9bc2372f39300bf5f48e1,,6b73c6b0d001f919eb1181ab4252c97d41ef003e59c49d60324c27291c2c5ab2,poll,1800
2026-09-27T18:17:00Z,19e19925921f112b6d318368df76697f39f4428c,a42531566e9b,aa515bdc53b1,2,st,binary-trees,csharp,official,21,ok,0,,ok,9.322658,8.943214,0.322678,9.265892,0.993900,539948,455,341de11a51feab3d8122b4b5d6a68b038a2d14434aa9bc2372f39300bf5f48e1,,6b73c6b0d001f919eb1181ab4252c97d41ef003e59c49d60324c27291c2c5ab2,poll,1800
2026-09-27T18:17:09Z,19e19925921f112b6d318368df76697f39f4428c,a42531566e9b,aa515bdc53b1,3,st,binary-trees,csharp,official,21,ok,0,,ok,9.267164,8.864729,0.345418,9.210147,0.993800,557348,455,341de11a51feab3d8122b4b5d6a68b038a2d14434aa9bc2372f39300bf5f48e1,,6b73c6b0d001f919eb1181ab4252c97d41ef003e59c49d60324c27291c2c5ab2,poll,1800
2026-09-27T18:17:18Z,19e19925921f112b6d318368df76697f39f4428c,a42531566e9b,aa515bdc53b1,4,st,binary-trees,csharp,official,21,ok,0,,ok,9.238345,8.839807,0.340807,9.180614,0.993800,592624,455,341de11a51feab3d8122b4b5d6a68b038a2d14434aa9bc2372f39300bf5f48e1,,6b73c6b0d001f919eb1181ab4252c97d41ef003e59c49d60324c27291c2c5ab2,poll,1800
2026-09-27T18:17:27Z,19e19925921f112b6d318368df76697f39f4428c,a42531566e9b,05a7ed792439,0,st,binary-trees,javascript,official,21,ok,0,,ok,9.202361,8.837146,0.333369,9.170515,0.996500,1513848,455,341de11a51feab3d8122b4b5d6a68b038a2d14434aa9bc2372f39300bf5f48e1,,32210592250c4154dea3c73772069e0540019df656195a7f54cefa3a4838ecde,poll,1800
2026-09-27T18:17:37Z,19e19925921f112b6d318368df76697f39f4428c,a42531566e9b,05a7ed792439,1,st,binary-trees,javascript,official,21,ok,0,,ok,9.379641,8.981532,0.364248,9.345780,0.996400,1514192,455,341de11a51feab3d8122b4b5d6a68b038a2d14434aa9bc2372f39300bf5f48e1,,32210592250c4154dea3c73772069e0540019df656195a7f54cefa3a4838ecde,poll,1800
2026-09-27T18:17:46Z,19e19925921f112b6d318368df76697f39f4428c,a42531566e9b,05a7ed792439,2,st,binary-trees,javascript,official,21,ok,0,,ok,9.248798,8.873111,0.344724,9.217835,0.996700,1513580,455,341de11a51feab3d8122b4b5d6a68b038a2d14434aa9bc2372f39300bf5f48e1,,32210592250c4154dea3c73772069e0540019df656195a7f54cefa3a4838ecde,poll,1800
2026-09-27T18:17:55Z,19e19925921f112b6d318368df76697f39f4428c,a42531566e9b,05a7ed792439,3,st,binary-trees,javascript,official,21,ok,0,,ok,9.346225,8.962747,0.348817,9.311564,0.996300,1513848,455,341de11a51feab3d8122b4b5d6a68b038a2d14434aa9bc2372f39300bf5f48e1,,32210592250c4154dea3c73772069e0540019df656195a7f54cefa3a4838ecde,poll,1800
2026-09-27T18:18:05Z,19e19925921f112b6d318368df76697f39f4428c,a42531566e9b,05a7ed792439,4,st,binary-trees,javascript,official,21,ok,0,,ok,9.208346,8.830875,0.345580,9.176455,0.996500,1513604,455,341de11a51feab3d8122b4b5d6a68b038a2d14434aa9bc2372f39300bf5f48e1,,32210592250c4154dea3c73772069e0540019df656195a7f54cefa3a4838ecde,poll,1800
2026-09-27T18:22:40Z,19e19925921f112b6d318368df76697f39f4428c,a42531566e9b,6ef93a91687a,0,st,binary-trees,python,official,21,ok,0,,ok,275.338971,272.904331,1.872722,274.777053,0.998000,404996,455,341de11a51feab3d8122b4b5d6a68b038a2d14434aa9bc2372f39300bf5f48e1,,31952640eb7627670e04c43d27e8da69e1bbe7e7d4cc4db958002a43577770b5,rlimit,1800
2026-09-27T18:27:15Z,19e19925921f112b6d318368df76697f39f4428c,a42531566e9b,6ef93a91687a,1,st,binary-trees,python,official,21,ok,0,,ok,275.420344,272.908383,1.940312,274.848695,0.997900,404996,455,341de11a51feab3d8122b4b5d6a68b038a2d14434aa9bc2372f39300bf5f48e1,,31952640eb7627670e04c43d27e8da69e1bbe7e7d4cc4db958002a43577770b5,rlimit,1800
2026-09-27T18:31:51Z,19e19925921f112b6d318368df76697f39f4428c,a42531566e9b,6ef93a91687a,2,st,binary-trees,python,official,21,ok,0,,ok,275.292418,272.773504,1.916529,274.690033,0.997800,404980,455,341de11a51feab3d8122b4b5d6a68b038a2d14434aa9bc2372f39300bf5f48e1,,31952640eb7627670e04c43d27e8da69e1bbe7e7d4cc4db958002a43577770b5,rlimit,1800
2026-09-27T18:31:58Z,19e19925921f112b6d318368df76697f39f4428c,a42531566e9b,e8c69168be69,0,st,binary-trees,fortran,official,21,ok,0,,ok,7.098853,7.016543,0.065644,7.082187,0.997700,265096,455,341de11a51feab3d8122b4b5d6a68b038a2d14434aa9bc2372f39300bf5f48e1,,7913e43fefddfbda6e726052cb89fae073937918f3227923ffbd400b4b5ff1e1,rlimit,1800
2026-09-27T18:32:05Z,19e19925921f112b6d318368df76697f39f4428c,a42531566e9b,e8c69168be69,1,st,binary-trees,fortran,official,21,ok,0,,ok,7.117080,7.056454,0.046483,7.102937,0.998000,265096,455,341de11a51feab3d8122b4b5d6a68b038a2d14434aa9bc2372f39300bf5f48e1,,7913e43fefddfbda6e726052cb89fae073937918f3227923ffbd400b4b5ff1e1,rlimit,1800
2026-09-27T18:32:12Z,19e19925921f112b6d318368df76697f39f4428c,a42531566e9b,e8c69168be69,2,st,binary-trees,fortran,official,21,ok,0,,ok,7.015747,6.951939,0.049880,7.001819,0.998000,265096,455,341de11a51feab3d8122b4b5d6a68b038a2d14434aa9bc2372f39300bf5f48e1,,7913e43fefddfbda6e726052cb89fae073937918f3227923ffbd400b4b5ff1e1,rlimit,1800
2026-09-27T18:32:19Z,19e19925921f112b6d318368df76697f39f4428c,a42531566e9b,e8c69168be69,3,st,binary-trees,fortran,official,21,ok,0,,ok,7.070588,7.004129,0.050767,7.054896,0.997800,265160,455,341de11a51feab3d8122b4b5d6a68b038a2d14434aa9bc2372f39300bf5f48e1,,7913e43fefddfbda6e726052cb89fae073937918f3227923ffbd400b4b5ff1e1,rlimit,1800
2026-09-27T18:32:26Z,19e19925921f112b6d318368df76697f39f4428c,a42531566e9b,e8c69168be69,4,st,binary-trees,fortran,official,21,ok,0,,ok,7.058912,6.989566,0.054490,7.044056,0.997900,265092,455,341de11a51feab3d8122b4b5d6a68b038a2d14434aa9bc2372f39300bf5f48e1,,7913e43fefddfbda6e726052cb89fae073937918f3227923ffbd400b4b5ff1e1,rlimit,1800
2026-09-27T18:32:34Z,19e19925921f112b6d318368df76697f39f4428c,a42531566e9b,3cfbba35324f,0,st,binary-trees,pascal,official,21,ok,0,,ok,7.709657,6.778246,0.912576,7.690822,0.997600,262544,455,341de11a51feab3d8122b4b5d6a68b038a2d14434aa9bc2372f39300bf5f48e1,,8bf93df82e252e50b93256446eb67d0cb354d9eecd5b7be5355cdebf1335a83c,rlimit,1800
2026-09-27T18:32:41Z,19e19925921f112b6d318368df76697f39f4428c,a42531566e9b,3cfbba35324f,1,st,binary-trees,pascal,official,21,ok,0,,ok,7.684580,6.815167,0.849854,7.665021,0.997500,262544,455,341de11a51feab3d8122b4b5d6a68b038a2d14434aa9bc2372f39300bf5f48e1,,8bf93df82e252e50b93256446eb67d0cb354d9eecd5b7be5355cdebf1335a83c,rlimit,1800
2026-09-27T18:32:49Z,19e19925921f112b6d318368df76697f39f4428c,a42531566e9b,3cfbba35324f,2,st,binary-trees,pascal,official,21,ok,0,,ok,7.687590,6.802262,0.866270,7.668532,0.997500,262544,455,341de11a51feab3d8122b4b5d6a68b038a2d14434aa9bc2372f39300bf5f48e1,,8bf93df82e252e50b93256446eb67d0cb354d9eecd5b7be5355cdebf1335a83c,rlimit,1800
2026-09-27T18:32:57Z,19e19925921f112b6d318368df76697f39f4428c,a42531566e9b,3cfbba35324f,3,st,binary-trees,pascal,official,21,ok,0,,ok,7.742189,6.848890,0.873876,7.722766,0.997500,262544,455,341de11a51feab3d8122b4b5d6a68b038a2d14434aa9bc2372f39300bf5f48e1,,8bf93df82e252e50b93256446eb67d0cb354d9eecd5b7be5355cdebf1335a83c,rlimit,1800
2026-09-27T18:33:05Z,19e19925921f112b6d318368df76697f39f4428c,a42531566e9b,3cfbba35324f,4,st,binary-trees,pascal,official,21,ok,0,,ok,7.687927,6.786328,0.881022,7.667350,0.997300,262544,455,341de11a51feab3d8122b4b5d6a68b038a2d14434aa9bc2372f39300bf5f48e1,,8bf93df82e252e50b93256446eb67d0cb354d9eecd5b7be5355cdebf1335a83c,rlimit,1800
2026-09-27T18:33:05Z,19e19925921f112b6d318368df76697f39f4428c,a42531566e9b,6036207ce15c,0,best,binary-trees,resid,official,21,ok,0,,ok,0.527274,2.694457,0.100728,2.795185,5.301200,321128,455,341de11a51feab3d8122b4b5d6a68b038a2d14434aa9bc2372f39300bf5f48e1,,f54efb380066d97443ba33372703d2a9287ec0c351329a9141f1a5080c39588e,rlimit,1800
2026-09-27T18:33:06Z,19e19925921f112b6d318368df76697f39f4428c,a42531566e9b,6036207ce15c,1,best,binary-trees,resid,official,21,ok,0,,ok,0.548017,3.182094,0.085956,3.268050,5.963400,320860,455,341de11a51feab3d8122b4b5d6a68b038a2d14434aa9bc2372f39300bf5f48e1,,f54efb380066d97443ba33372703d2a9287ec0c351329a9141f1a5080c39588e,rlimit,1800
2026-09-27T18:33:06Z,19e19925921f112b6d318368df76697f39f4428c,a42531566e9b,6036207ce15c,2,best,binary-trees,resid,official,21,ok,0,,ok,0.554386,3.173786,0.096768,3.270554,5.899400,321180,455,341de11a51feab3d8122b4b5d6a68b038a2d14434aa9bc2372f39300bf5f48e1,,f54efb380066d97443ba33372703d2a9287ec0c351329a9141f1a5080c39588e,rlimit,1800
2026-09-27T18:33:07Z,19e19925921f112b6d318368df76697f39f4428c,a42531566e9b,6036207ce15c,3,best,binary-trees,resid,official,21,ok,0,,ok,0.581033,3.181258,0.094667,3.275925,5.638100,320924,455,341de11a51feab3d8122b4b5d6a68b038a2d14434aa9bc2372f39300bf5f48e1,,f54efb380066d97443ba33372703d2a9287ec0c351329a9141f1a5080c39588e,rlimit,1800
2026-09-27T18:33:07Z,19e19925921f112b6d318368df76697f39f4428c,a42531566e9b,6036207ce15c,4,best,binary-trees,resid,official,21,ok,0,,ok,0.587304,3.169520,0.097709,3.267229,5.563100,321092,455,341de11a51feab3d8122b4b5d6a68b038a2d14434aa9bc2372f39300bf5f48e1,,f54efb380066d97443ba33372703d2a9287ec0c351329a9141f1a5080c39588e,rlimit,1800
2026-09-27T18:33:10Z,19e19925921f112b6d318368df76697f39f4428c,a42531566e9b,c52fab330208,0,best,binary-trees,c,official,21,ok,0,,ok,2.787846,19.656112,0.087686,19.743798,7.082100,351400,455,341de11a51feab3d8122b4b5d6a68b038a2d14434aa9bc2372f39300bf5f48e1,,e74d0ba6f3413b6d95888b887dacad33355974b397c52e6a49c01c86a5b18401,rlimit,1800
2026-09-27T18:33:13Z,19e19925921f112b6d318368df76697f39f4428c,a42531566e9b,c52fab330208,1,best,binary-trees,c,official,21,ok,0,,ok,2.983046,19.424324,0.091745,19.516069,6.542300,351528,455,341de11a51feab3d8122b4b5d6a68b038a2d14434aa9bc2372f39300bf5f48e1,,e74d0ba6f3413b6d95888b887dacad33355974b397c52e6a49c01c86a5b18401,rlimit,1800
2026-09-27T18:33:16Z,19e19925921f112b6d318368df76697f39f4428c,a42531566e9b,c52fab330208,2,best,binary-trees,c,official,21,ok,0,,ok,2.795102,19.450145,0.082657,19.532802,6.988200,351464,455,341de11a51feab3d8122b4b5d6a68b038a2d14434aa9bc2372f39300bf5f48e1,,e74d0ba6f3413b6d95888b887dacad33355974b397c52e6a49c01c86a5b18401,rlimit,1800
2026-09-27T18:33:19Z,19e19925921f112b6d318368df76697f39f4428c,a42531566e9b,c52fab330208,3,best,binary-trees,c,official,21,ok,0,,ok,2.802255,19.245431,0.090961,19.336392,6.900300,351400,455,341de11a51feab3d8122b4b5d6a68b038a2d14434aa9bc2372f39300bf5f48e1,,e74d0ba6f3413b6d95888b887dacad33355974b397c52e6a49c01c86a5b18401,rlimit,1800
2026-09-27T18:33:22Z,19e19925921f112b6d318368df76697f39f4428c,a42531566e9b,c52fab330208,4,best,binary-trees,c,official,21,ok,0,,ok,2.849486,19.407058,0.100635,19.507693,6.846000,351528,455,341de11a51feab3d8122b4b5d6a68b038a2d14434aa9bc2372f39300bf5f48e1,,e74d0ba6f3413b6d95888b887dacad33355974b397c52e6a49c01c86a5b18401,rlimit,1800
2026-09-27T18:33:22Z,19e19925921f112b6d318368df76697f39f4428c,a42531566e9b,a3c81ab9f3a0,0,best,binary-trees,cpp,official,21,ok,0,,ok,0.317911,3.938036,0.310941,4.248977,13.365300,596752,455,341de11a51feab3d8122b4b5d6a68b038a2d14434aa9bc2372f39300bf5f48e1,,b48a9fa25d1cb1e51d7377c15a3909aac9327b72f7af893e64323f687234fdb3,rlimit,1800
2026-09-27T18:33:22Z,19e19925921f112b6d318368df76697f39f4428c,a42531566e9b,a3c81ab9f3a0,1,best,binary-trees,cpp,official,21,ok,0,,ok,0.335220,4.032301,0.292547,4.324848,12.901500,594692,455,341de11a51feab3d8122b4b5d6a68b038a2d14434aa9bc2372f39300bf5f48e1,,b48a9fa25d1cb1e51d7377c15a3909aac9327b72f7af893e64323f687234fdb3,rlimit,1800
2026-09-27T18:33:23Z,19e19925921f112b6d318368df76697f39f4428c,a42531566e9b,a3c81ab9f3a0,2,best,binary-trees,cpp,official,21,ok,0,,ok,0.333834,4.119422,0.298276,4.417698,13.233200,601964,455,341de11a51feab3d8122b4b5d6a68b038a2d14434aa9bc2372f39300bf5f48e1,,b48a9fa25d1cb1e51d7377c15a3909aac9327b72f7af893e64323f687234fdb3,rlimit,1800
2026-09-27T18:33:23Z,19e19925921f112b6d318368df76697f39f4428c,a42531566e9b,a3c81ab9f3a0,3,best,binary-trees,cpp,official,21,ok,0,,ok,0.338639,4.168076,0.331494,4.499570,13.287200,596364,455,341de11a51feab3d8122b4b5d6a68b038a2d14434aa9bc2372f39300bf5f48e1,,b48a9fa25d1cb1e51d7377c15a3909aac9327b72f7af893e64323f687234fdb3,rlimit,1800
2026-09-27T18:33:23Z,19e19925921f112b6d318368df76697f39f4428c,a42531566e9b,a3c81ab9f3a0,4,best,binary-trees,cpp,official,21,ok,0,,ok,0.333514,4.201632,0.315392,4.517024,13.543700,603008,455,341de11a51feab3d8122b4b5d6a68b038a2d14434aa9bc2372f39300bf5f48e1,,b48a9fa25d1cb1e51d7377c15a3909aac9327b72f7af893e64323f687234fdb3,rlimit,1800
2026-09-27T18:33:24Z,19e19925921f112b6d318368df76697f39f4428c,a42531566e9b,01c7b29cfef3,0,best,binary-trees,rust,official,21,ok,0,,ok,0.245314,2.956099,0.088850,3.044949,12.412500,336356,455,341de11a51feab3d8122b4b5d6a68b038a2d14434aa9bc2372f39300bf5f48e1,,b26b5ca00913871f2b44c425bd1e6efda5536798bf7d0e2d2d8d3533ba298aed,rlimit,1800
2026-09-27T18:33:24Z,19e19925921f112b6d318368df76697f39f4428c,a42531566e9b,01c7b29cfef3,1,best,binary-trees,rust,official,21,ok,0,,ok,0.271468,3.397929,0.194105,3.592034,13.231900,500192,455,341de11a51feab3d8122b4b5d6a68b038a2d14434aa9bc2372f39300bf5f48e1,,b26b5ca00913871f2b44c425bd1e6efda5536798bf7d0e2d2d8d3533ba298aed,rlimit,1800
2026-09-27T18:33:24Z,19e19925921f112b6d318368df76697f39f4428c,a42531566e9b,01c7b29cfef3,2,best,binary-trees,rust,official,21,ok,0,,ok,0.243466,3.028603,0.164047,3.192650,13.113300,484688,455,341de11a51feab3d8122b4b5d6a68b038a2d14434aa9bc2372f39300bf5f48e1,,b26b5ca00913871f2b44c425bd1e6efda5536798bf7d0e2d2d8d3533ba298aed,rlimit,1800
2026-09-27T18:33:24Z,19e19925921f112b6d318368df76697f39f4428c,a42531566e9b,01c7b29cfef3,3,best,binary-trees,rust,official,21,ok,0,,ok,0.270790,3.478938,0.172669,3.651607,13.485000,461316,455,341de11a51feab3d8122b4b5d6a68b038a2d14434aa9bc2372f39300bf5f48e1,,b26b5ca00913871f2b44c425bd1e6efda5536798bf7d0e2d2d8d3533ba298aed,rlimit,1800
2026-09-27T18:33:25Z,19e19925921f112b6d318368df76697f39f4428c,a42531566e9b,01c7b29cfef3,4,best,binary-trees,rust,official,21,ok,0,,ok,0.260536,3.210696,0.161864,3.372560,12.944700,462012,455,341de11a51feab3d8122b4b5d6a68b038a2d14434aa9bc2372f39300bf5f48e1,,b26b5ca00913871f2b44c425bd1e6efda5536798bf7d0e2d2d8d3533ba298aed,rlimit,1800
2026-09-27T18:33:27Z,19e19925921f112b6d318368df76697f39f4428c,a42531566e9b,c1bc3ee5e856,0,best,binary-trees,go,official,21,ok,0,,ok,2.226433,26.809649,0.330897,27.140546,12.190100,634460,455,341de11a51feab3d8122b4b5d6a68b038a2d14434aa9bc2372f39300bf5f48e1,,e9f53db8f43b57ca867198f961bce5b97bc37b814a1c5e0a3e64e9780d246ed1,rlimit,1800
2026-09-27T18:33:29Z,19e19925921f112b6d318368df76697f39f4428c,a42531566e9b,c1bc3ee5e856,1,best,binary-trees,go,official,21,ok,0,,ok,2.218101,26.404161,0.339702,26.743863,12.057100,593352,455,341de11a51feab3d8122b4b5d6a68b038a2d14434aa9bc2372f39300bf5f48e1,,e9f53db8f43b57ca867198f961bce5b97bc37b814a1c5e0a3e64e9780d246ed1,rlimit,1800
2026-09-27T18:33:31Z,19e19925921f112b6d318368df76697f39f4428c,a42531566e9b,c1bc3ee5e856,2,best,binary-trees,go,official,21,ok,0,,ok,2.220873,26.643652,0.357094,27.000746,12.157700,657616,455,341de11a51feab3d8122b4b5d6a68b038a2d14434aa9bc2372f39300bf5f48e1,,e9f53db8f43b57ca867198f961bce5b97bc37b814a1c5e0a3e64e9780d246ed1,rlimit,1800
2026-09-27T18:33:33Z,19e19925921f112b6d318368df76697f39f4428c,a42531566e9b,c1bc3ee5e856,3,best,binary-trees,go,official,21,ok,0,,ok,2.191231,26.453962,0.390136,26.844098,12.250700,613692,455,341de11a51feab3d8122b4b5d6a68b038a2d14434aa9bc2372f39300bf5f48e1,,e9f53db8f43b57ca867198f961bce5b97bc37b814a1c5e0a3e64e9780d246ed1,rlimit,1800
2026-09-27T18:33:36Z,19e19925921f112b6d318368df76697f39f4428c,a42531566e9b,c1bc3ee5e856,4,best,binary-trees,go,official,21,ok,0,,ok,2.199532,26.482117,0.326294,26.808411,12.188200,647988,455,341de11a51feab3d8122b4b5d6a68b038a2d14434aa9bc2372f39300bf5f48e1,,e9f53db8f43b57ca867198f961bce5b97bc37b814a1c5e0a3e64e9780d246ed1,rlimit,1800
2026-09-27T18:33:37Z,19e19925921f112b6d318368df76697f39f4428c,a42531566e9b,0e45d280edad,0,best,binary-trees,java,official,21,ok,0,,ok,0.861161,5.561027,1.279378,6.840405,7.943200,6641548,455,341de11a51feab3d8122b4b5d6a68b038a2d14434aa9bc2372f39300bf5f48e1,,4e5b637be9af5a01e4562584d9b7850ae4c231447e0d91bc018b90503c521ebc,poll,1800
2026-09-27T18:33:37Z,19e19925921f112b6d318368df76697f39f4428c,a42531566e9b,0e45d280edad,1,best,binary-trees,java,official,21,ok,0,,ok,0.884554,5.569913,1.251975,6.821888,7.712200,6609352,455,341de11a51feab3d8122b4b5d6a68b038a2d14434aa9bc2372f39300bf5f48e1,,4e5b637be9af5a01e4562584d9b7850ae4c231447e0d91bc018b90503c521ebc,poll,1800
2026-09-27T18:33:38Z,19e19925921f112b6d318368df76697f39f4428c,a42531566e9b,0e45d280edad,2,best,binary-trees,java,official,21,ok,0,,ok,0.824058,5.147741,1.245577,6.393318,7.758300,5494260,455,341de11a51feab3d8122b4b5d6a68b038a2d14434aa9bc2372f39300bf5f48e1,,4e5b637be9af5a01e4562584d9b7850ae4c231447e0d91bc018b90503c521ebc,poll,1800
2026-09-27T18:33:39Z,19e19925921f112b6d318368df76697f39f4428c,a42531566e9b,0e45d280edad,3,best,binary-trees,java,official,21,ok,0,,ok,0.837114,5.719445,1.095203,6.814648,8.140600,5588976,455,341de11a51feab3d8122b4b5d6a68b038a2d14434aa9bc2372f39300bf5f48e1,,4e5b637be9af5a01e4562584d9b7850ae4c231447e0d91bc018b90503c521ebc,poll,1800
2026-09-27T18:33:40Z,19e19925921f112b6d318368df76697f39f4428c,a42531566e9b,0e45d280edad,4,best,binary-trees,java,official,21,ok,0,,ok,0.870526,5.846431,1.174869,7.021300,8.065600,6116312,455,341de11a51feab3d8122b4b5d6a68b038a2d14434aa9bc2372f39300bf5f48e1,,4e5b637be9af5a01e4562584d9b7850ae4c231447e0d91bc018b90503c521ebc,poll,1800
2026-09-27T18:33:43Z,19e19925921f112b6d318368df76697f39f4428c,a42531566e9b,c1bfa7404593,0,best,binary-trees,csharp,official,21,ok,0,,ok,3.119670,14.528506,1.017297,15.545803,4.983200,1135292,455,341de11a51feab3d8122b4b5d6a68b038a2d14434aa9bc2372f39300bf5f48e1,,4aa7f2c77c91e21f040e49099aab3cad27c880a07e14e91d0f03f5df59ce2a30,poll,1800
2026-09-27T18:33:46Z,19e19925921f112b6d318368df76697f39f4428c,a42531566e9b,c1bfa7404593,1,best,binary-trees,csharp,official,21,ok,0,,ok,3.008786,14.155053,0.840283,14.995336,4.983800,1053172,455,341de11a51feab3d8122b4b5d6a68b038a2d14434aa9bc2372f39300bf5f48e1,,4aa7f2c77c91e21f040e49099aab3cad27c880a07e14e91d0f03f5df59ce2a30,poll,1800
2026-09-27T18:33:49Z,19e19925921f112b6d318368df76697f39f4428c,a42531566e9b,c1bfa7404593,2,best,binary-trees,csharp,official,21,ok,0,,ok,3.026592,17.265073,1.156400,18.421473,6.086500,1121960,455,341de11a51feab3d8122b4b5d6a68b038a2d14434aa9bc2372f39300bf5f48e1,,4aa7f2c77c91e21f040e49099aab3cad27c880a07e14e91d0f03f5df59ce2a30,poll,1800
2026-09-27T18:33:52Z,19e19925921f112b6d318368df76697f39f4428c,a42531566e9b,c1bfa7404593,3,best,binary-trees,csharp,official,21,ok,0,,ok,3.122556,16.054412,1.035843,17.090255,5.473200,1316672,455,341de11a51feab3d8122b4b5d6a68b038a2d14434aa9bc2372f39300bf5f48e1,,4aa7f2c77c91e21f040e49099aab3cad27c880a07e14e91d0f03f5df59ce2a30,poll,1800
2026-09-27T18:33:55Z,19e19925921f112b6d318368df76697f39f4428c,a42531566e9b,c1bfa7404593,4,best,binary-trees,csharp,official,21,ok,0,,ok,2.940553,14.806217,0.995294,15.801511,5.373700,1054296,455,341de11a51feab3d8122b4b5d6a68b038a2d14434aa9bc2372f39300bf5f48e1,,4aa7f2c77c91e21f040e49099aab3cad27c880a07e14e91d0f03f5df59ce2a30,poll,1800
2026-09-27T18:33:58Z,19e19925921f112b6d318368df76697f39f4428c,a42531566e9b,e797131ee247,0,best,binary-trees,javascript,official,21,ok,0,,ok,2.420761,10.309489,0.354927,10.664416,4.405400,1149052,455,341de11a51feab3d8122b4b5d6a68b038a2d14434aa9bc2372f39300bf5f48e1,,2eee22b7afd9bf6fa01bba410e0ddc40ea450607932099ffd303bb14be3505e8,poll,1800
2026-09-27T18:34:00Z,19e19925921f112b6d318368df76697f39f4428c,a42531566e9b,e797131ee247,1,best,binary-trees,javascript,official,21,ok,0,,ok,2.377890,10.576364,0.355435,10.931799,4.597300,1181412,455,341de11a51feab3d8122b4b5d6a68b038a2d14434aa9bc2372f39300bf5f48e1,,2eee22b7afd9bf6fa01bba410e0ddc40ea450607932099ffd303bb14be3505e8,poll,1800
2026-09-27T18:34:02Z,19e19925921f112b6d318368df76697f39f4428c,a42531566e9b,e797131ee247,2,best,binary-trees,javascript,official,21,ok,0,,ok,2.423060,10.563631,0.394647,10.958278,4.522500,1243224,455,341de11a51feab3d8122b4b5d6a68b038a2d14434aa9bc2372f39300bf5f48e1,,2eee22b7afd9bf6fa01bba410e0ddc40ea450607932099ffd303bb14be3505e8,poll,1800
2026-09-27T18:34:05Z,19e19925921f112b6d318368df76697f39f4428c,a42531566e9b,e797131ee247,3,best,binary-trees,javascript,official,21,ok,0,,ok,2.509357,11.810910,0.395271,12.206181,4.864300,1191300,455,341de11a51feab3d8122b4b5d6a68b038a2d14434aa9bc2372f39300bf5f48e1,,2eee22b7afd9bf6fa01bba410e0ddc40ea450607932099ffd303bb14be3505e8,poll,1800
2026-09-27T18:34:07Z,19e19925921f112b6d318368df76697f39f4428c,a42531566e9b,e797131ee247,4,best,binary-trees,javascript,official,21,ok,0,,ok,2.450145,10.681132,0.369709,11.050841,4.510300,1209604,455,341de11a51feab3d8122b4b5d6a68b038a2d14434aa9bc2372f39300bf5f48e1,,2eee22b7afd9bf6fa01bba410e0ddc40ea450607932099ffd303bb14be3505e8,poll,1800
2026-09-27T18:34:17Z,19e19925921f112b6d318368df76697f39f4428c,a42531566e9b,2a2d268918df,0,best,binary-trees,python,official,21,ok,0,,ok,9.159166,103.831429,2.296009,106.127438,11.587000,281180,455,341de11a51feab3d8122b4b5d6a68b038a2d14434aa9bc2372f39300bf5f48e1,,05fe540661bdefe4219284e84ab2e4f9827d68e1d852eea0f49223bbfe385165,rlimit,1800
2026-09-27T18:34:26Z,19e19925921f112b6d318368df76697f39f4428c,a42531566e9b,2a2d268918df,1,best,binary-trees,python,official,21,ok,0,,ok,9.270126,103.131999,2.225224,105.357223,11.365200,281416,455,341de11a51feab3d8122b4b5d6a68b038a2d14434aa9bc2372f39300bf5f48e1,,05fe540661bdefe4219284e84ab2e4f9827d68e1d852eea0f49223bbfe385165,rlimit,1800
2026-09-27T18:34:35Z,19e19925921f112b6d318368df76697f39f4428c,a42531566e9b,2a2d268918df,2,best,binary-trees,python,official,21,ok,0,,ok,9.161489,104.069907,2.235289,106.305196,11.603500,281364,455,341de11a51feab3d8122b4b5d6a68b038a2d14434aa9bc2372f39300bf5f48e1,,05fe540661bdefe4219284e84ab2e4f9827d68e1d852eea0f49223bbfe385165,rlimit,1800
2026-09-27T18:34:44Z,19e19925921f112b6d318368df76697f39f4428c,a42531566e9b,2a2d268918df,3,best,binary-trees,python,official,21,ok,0,,ok,9.219217,104.016092,2.337863,106.353955,11.536100,281572,455,341de11a51feab3d8122b4b5d6a68b038a2d14434aa9bc2372f39300bf5f48e1,,05fe540661bdefe4219284e84ab2e4f9827d68e1d852eea0f49223bbfe385165,rlimit,1800
2026-09-27T18:34:53Z,19e19925921f112b6d318368df76697f39f4428c,a42531566e9b,2a2d268918df,4,best,binary-trees,python,official,21,ok,0,,ok,9.265760,103.398453,2.360493,105.758946,11.414000,281204,455,341de11a51feab3d8122b4b5d6a68b038a2d14434aa9bc2372f39300bf5f48e1,,05fe540661bdefe4219284e84ab2e4f9827d68e1d852eea0f49223bbfe385165,rlimit,1800
2026-09-27T18:34:54Z,19e19925921f112b6d318368df76697f39f4428c,a42531566e9b,290f7899b880,0,best,binary-trees,fortran,official,21,ok,0,,ok,0.310778,1.711142,0.058737,1.769879,5.695000,135004,455,341de11a51feab3d8122b4b5d6a68b038a2d14434aa9bc2372f39300bf5f48e1,,8936c5e78b638753644a0901f1255efd716419673a9ddf5bae0275f3c8512161,rlimit,1800
2026-09-27T18:34:54Z,19e19925921f112b6d318368df76697f39f4428c,a42531566e9b,290f7899b880,1,best,binary-trees,fortran,official,21,ok,0,,ok,0.282818,1.777989,0.067690,1.845679,6.526000,134756,455,341de11a51feab3d8122b4b5d6a68b038a2d14434aa9bc2372f39300bf5f48e1,,8936c5e78b638753644a0901f1255efd716419673a9ddf5bae0275f3c8512161,rlimit,1800
2026-09-27T18:34:54Z,19e19925921f112b6d318368df76697f39f4428c,a42531566e9b,290f7899b880,2,best,binary-trees,fortran,official,21,ok,0,,ok,0.309653,1.720010,0.052647,1.772657,5.724700,134804,455,341de11a51feab3d8122b4b5d6a68b038a2d14434aa9bc2372f39300bf5f48e1,,8936c5e78b638753644a0901f1255efd716419673a9ddf5bae0275f3c8512161,rlimit,1800
2026-09-27T18:34:55Z,19e19925921f112b6d318368df76697f39f4428c,a42531566e9b,290f7899b880,3,best,binary-trees,fortran,official,21,ok,0,,ok,0.289792,1.787804,0.048691,1.836495,6.337300,134788,455,341de11a51feab3d8122b4b5d6a68b038a2d14434aa9bc2372f39300bf5f48e1,,8936c5e78b638753644a0901f1255efd716419673a9ddf5bae0275f3c8512161,rlimit,1800
2026-09-27T18:34:55Z,19e19925921f112b6d318368df76697f39f4428c,a42531566e9b,290f7899b880,4,best,binary-trees,fortran,official,21,ok,0,,ok,0.289003,1.836910,0.042539,1.879449,6.503200,134876,455,341de11a51feab3d8122b4b5d6a68b038a2d14434aa9bc2372f39300bf5f48e1,,8936c5e78b638753644a0901f1255efd716419673a9ddf5bae0275f3c8512161,rlimit,1800
2026-09-27T18:34:55Z,19e19925921f112b6d318368df76697f39f4428c,a42531566e9b,a0cb1d8543d2,0,best,binary-trees,pascal,official,21,ok,0,,ok,0.398850,1.959280,0.074719,2.033999,5.099700,133112,455,341de11a51feab3d8122b4b5d6a68b038a2d14434aa9bc2372f39300bf5f48e1,,3dc0b1ae370c8aa7b7a144934600ce9c5f9aeae21ea9aca7ba6fe9b5578c2bf0,rlimit,1800
2026-09-27T18:34:56Z,19e19925921f112b6d318368df76697f39f4428c,a42531566e9b,a0cb1d8543d2,1,best,binary-trees,pascal,official,21,ok,0,,ok,0.392384,1.790960,0.080837,1.871797,4.770300,133108,455,341de11a51feab3d8122b4b5d6a68b038a2d14434aa9bc2372f39300bf5f48e1,,3dc0b1ae370c8aa7b7a144934600ce9c5f9aeae21ea9aca7ba6fe9b5578c2bf0,rlimit,1800
2026-09-27T18:34:56Z,19e19925921f112b6d318368df76697f39f4428c,a42531566e9b,a0cb1d8543d2,2,best,binary-trees,pascal,official,21,ok,0,,ok,0.319766,1.804469,0.064704,1.869173,5.845400,133144,455,341de11a51feab3d8122b4b5d6a68b038a2d14434aa9bc2372f39300bf5f48e1,,3dc0b1ae370c8aa7b7a144934600ce9c5f9aeae21ea9aca7ba6fe9b5578c2bf0,rlimit,1800
2026-09-27T18:34:56Z,19e19925921f112b6d318368df76697f39f4428c,a42531566e9b,a0cb1d8543d2,3,best,binary-trees,pascal,official,21,ok,0,,ok,0.384765,1.858146,0.079035,1.937181,5.034700,133180,455,341de11a51feab3d8122b4b5d6a68b038a2d14434aa9bc2372f39300bf5f48e1,,3dc0b1ae370c8aa7b7a144934600ce9c5f9aeae21ea9aca7ba6fe9b5578c2bf0,rlimit,1800
2026-09-27T18:34:57Z,19e19925921f112b6d318368df76697f39f4428c,a42531566e9b,a0cb1d8543d2,4,best,binary-trees,pascal,official,21,ok,0,,ok,0.404136,1.800638,0.082759,1.883397,4.660300,133052,455,341de11a51feab3d8122b4b5d6a68b038a2d14434aa9bc2372f39300bf5f48e1,,3dc0b1ae370c8aa7b7a144934600ce9c5f9aeae21ea9aca7ba6fe9b5578c2bf0,rlimit,1800
2026-09-27T18:34:59Z,19e19925921f112b6d318368df76697f39f4428c,a42531566e9b,78e505391330,0,st,fasta,c,official,25000000,ok,0,,reference,2.425095,2.339631,0.079647,2.419278,0.997600,1824,254166745,3fcf4f78104c8a65ef210fe1d469f4e473456c791225f2f1f9114f4986aa09fa,,42498795f97df3694b2de230112c1cb0de22149a4398cd76b7b2410e2a1cdeba,rlimit,1800
2026-09-27T18:35:02Z,19e19925921f112b6d318368df76697f39f4428c,a42531566e9b,78e505391330,1,st,fasta,c,official,25000000,ok,0,,reference,2.414485,2.317495,0.092716,2.410211,0.998200,1760,254166745,3fcf4f78104c8a65ef210fe1d469f4e473456c791225f2f1f9114f4986aa09fa,,42498795f97df3694b2de230112c1cb0de22149a4398cd76b7b2410e2a1cdeba,rlimit,1800
2026-09-27T18:35:05Z,19e19925921f112b6d318368df76697f39f4428c,a42531566e9b,78e505391330,2,st,fasta,c,official,25000000,ok,0,,reference,2.421836,2.353478,0.063919,2.417397,0.998200,1824,254166745,3fcf4f78104c8a65ef210fe1d469f4e473456c791225f2f1f9114f4986aa09fa,,42498795f97df3694b2de230112c1cb0de22149a4398cd76b7b2410e2a1cdeba,rlimit,1800
2026-09-27T18:35:07Z,19e19925921f112b6d318368df76697f39f4428c,a42531566e9b,78e505391330,3,st,fasta,c,official,25000000,ok,0,,reference,2.412254,2.348980,0.058705,2.407685,0.998100,1820,254166745,3fcf4f78104c8a65ef210fe1d469f4e473456c791225f2f1f9114f4986aa09fa,,42498795f97df3694b2de230112c1cb0de22149a4398cd76b7b2410e2a1cdeba,rlimit,1800
2026-09-27T18:35:10Z,19e19925921f112b6d318368df76697f39f4428c,a42531566e9b,78e505391330,4,st,fasta,c,official,25000000,ok,0,,reference,2.420585,2.346214,0.069766,2.415980,0.998100,1824,254166745,3fcf4f78104c8a65ef210fe1d469f4e473456c791225f2f1f9114f4986aa09fa,,42498795f97df3694b2de230112c1cb0de22149a4398cd76b7b2410e2a1cdeba,rlimit,1800
2026-09-27T18:35:12Z,19e19925921f112b6d318368df76697f39f4428c,a42531566e9b,0ec733517060,0,st,fasta,resid,official,25000000,ok,0,,ok,2.292963,2.187773,0.100726,2.288499,0.998100,3136,254166745,3fcf4f78104c8a65ef210fe1d469f4e473456c791225f2f1f9114f4986aa09fa,,0026fb19fcf675dfdbc7c50ffe42311dc18f492c11ff119ab81f72436908d848,rlimit,1800
2026-09-27T18:35:14Z,19e19925921f112b6d318368df76697f39f4428c,a42531566e9b,0ec733517060,1,st,fasta,resid,official,25000000,ok,0,,ok,2.283662,2.175192,0.103717,2.278909,0.997900,3136,254166745,3fcf4f78104c8a65ef210fe1d469f4e473456c791225f2f1f9114f4986aa09fa,,0026fb19fcf675dfdbc7c50ffe42311dc18f492c11ff119ab81f72436908d848,rlimit,1800
2026-09-27T18:35:17Z,19e19925921f112b6d318368df76697f39f4428c,a42531566e9b,0ec733517060,2,st,fasta,resid,official,25000000,ok,0,,ok,2.284948,2.185496,0.094791,2.280287,0.998000,3136,254166745,3fcf4f78104c8a65ef210fe1d469f4e473456c791225f2f1f9114f4986aa09fa,,0026fb19fcf675dfdbc7c50ffe42311dc18f492c11ff119ab81f72436908d848,rlimit,1800
2026-09-27T18:35:19Z,19e19925921f112b6d318368df76697f39f4428c,a42531566e9b,0ec733517060,3,st,fasta,resid,official,25000000,ok,0,,ok,2.294269,2.193626,0.095710,2.289336,0.997900,3136,254166745,3fcf4f78104c8a65ef210fe1d469f4e473456c791225f2f1f9114f4986aa09fa,,0026fb19fcf675dfdbc7c50ffe42311dc18f492c11ff119ab81f72436908d848,rlimit,1800
2026-09-27T18:35:22Z,19e19925921f112b6d318368df76697f39f4428c,a42531566e9b,0ec733517060,4,st,fasta,resid,official,25000000,ok,0,,ok,2.290102,2.190582,0.094575,2.285157,0.997800,3136,254166745,3fcf4f78104c8a65ef210fe1d469f4e473456c791225f2f1f9114f4986aa09fa,,0026fb19fcf675dfdbc7c50ffe42311dc18f492c11ff119ab81f72436908d848,rlimit,1800
2026-09-27T18:35:24Z,19e19925921f112b6d318368df76697f39f4428c,a42531566e9b,6b890d6f5867,0,st,fasta,cpp,official,25000000,ok,0,,ok,2.384131,2.277386,0.102363,2.379749,0.998200,4136,254166745,3fcf4f78104c8a65ef210fe1d469f4e473456c791225f2f1f9114f4986aa09fa,,1d80b2b7cd5ff9ad2f31de69ae99167d957de6d89d85c9c4cc116d2d3cddca46,rlimit,1800
2026-09-27T18:35:27Z,19e19925921f112b6d318368df76697f39f4428c,a42531566e9b,6b890d6f5867,1,st,fasta,cpp,official,25000000,ok,0,,ok,2.379207,2.312275,0.062893,2.375168,0.998300,4136,254166745,3fcf4f78104c8a65ef210fe1d469f4e473456c791225f2f1f9114f4986aa09fa,,1d80b2b7cd5ff9ad2f31de69ae99167d957de6d89d85c9c4cc116d2d3cddca46,rlimit,1800
2026-09-27T18:35:29Z,19e19925921f112b6d318368df76697f39f4428c,a42531566e9b,6b890d6f5867,2,st,fasta,cpp,official,25000000,ok,0,,ok,2.386578,2.303350,0.078666,2.382016,0.998100,4252,254166745,3fcf4f78104c8a65ef210fe1d469f4e473456c791225f2f1f9114f4986aa09fa,,1d80b2b7cd5ff9ad2f31de69ae99167d957de6d89d85c9c4cc116d2d3cddca46,rlimit,1800
2026-09-27T18:35:32Z,19e19925921f112b6d318368df76697f39f4428c,a42531566e9b,6b890d6f5867,3,st,fasta,cpp,official,25000000,ok,0,,ok,2.390943,2.304102,0.082874,2.386976,0.998300,4136,254166745,3fcf4f78104c8a65ef210fe1d469f4e473456c791225f2f1f9114f4986aa09fa,,1d80b2b7cd5ff9ad2f31de69ae99167d957de6d89d85c9c4cc116d2d3cddca46,rlimit,1800
2026-09-27T18:35:34Z,19e19925921f112b6d318368df76697f39f4428c,a42531566e9b,6b890d6f5867,4,st,fasta,cpp,official,25000000,ok,0,,ok,2.375719,2.298299,0.072824,2.371123,0.998100,4132,254166745,3fcf4f78104c8a65ef210fe1d469f4e473456c791225f2f1f9114f4986aa09fa,,1d80b2b7cd5ff9ad2f31de69ae99167d957de6d89d85c9c4cc116d2d3cddca46,rlimit,1800
2026-09-27T18:35:37Z,19e19925921f112b6d318368df76697f39f4428c,a42531566e9b,e410ffdbee8d,0,st,fasta,rust,official,25000000,ok,0,,ok,2.211673,2.139912,0.067854,2.207766,0.998200,2324,254166745,3fcf4f78104c8a65ef210fe1d469f4e473456c791225f2f1f9114f4986aa09fa,,7f62d5a2d356b17fa27660f2b730fac1cb07e90708ee9cf08552dfd57d769310,rlimit,1800
2026-09-27T18:35:39Z,19e19925921f112b6d318368df76697f39f4428c,a42531566e9b,e410ffdbee8d,1,st,fasta,rust,official,25000000,ok,0,,ok,2.210194,2.143019,0.062782,2.205801,0.998000,2476,254166745,3fcf4f78104c8a65ef210fe1d469f4e473456c791225f2f1f9114f4986aa09fa,,7f62d5a2d356b17fa27660f2b730fac1cb07e90708ee9cf08552dfd57d769310,rlimit,1800
2026-09-27T18:35:41Z,19e19925921f112b6d318368df76697f39f4428c,a42531566e9b,e410ffdbee8d,2,st,fasta,rust,official,25000000,ok,0,,ok,2.207379,2.135862,0.066587,2.202449,0.997800,2356,254166745,3fcf4f78104c8a65ef210fe1d469f4e473456c791225f2f1f9114f4986aa09fa,,7f62d5a2d356b17fa27660f2b730fac1cb07e90708ee9cf08552dfd57d769310,rlimit,1800
2026-09-27T18:35:44Z,19e19925921f112b6d318368df76697f39f4428c,a42531566e9b,e410ffdbee8d,3,st,fasta,rust,official,25000000,ok,0,,ok,2.214878,2.146344,0.063867,2.210211,0.997900,2392,254166745,3fcf4f78104c8a65ef210fe1d469f4e473456c791225f2f1f9114f4986aa09fa,,7f62d5a2d356b17fa27660f2b730fac1cb07e90708ee9cf08552dfd57d769310,rlimit,1800
2026-09-27T18:35:46Z,19e19925921f112b6d318368df76697f39f4428c,a42531566e9b,e410ffdbee8d,4,st,fasta,rust,official,25000000,ok,0,,ok,2.206122,2.144683,0.056878,2.201561,0.997900,2416,254166745,3fcf4f78104c8a65ef210fe1d469f4e473456c791225f2f1f9114f4986aa09fa,,7f62d5a2d356b17fa27660f2b730fac1cb07e90708ee9cf08552dfd57d769310,rlimit,1800
2026-09-27T18:35:49Z,19e19925921f112b6d318368df76697f39f4428c,a42531566e9b,de019faa8609,0,st,fasta,go,official,25000000,ok,0,,ok,2.350686,2.271442,0.073722,2.345164,0.997700,5576,254166745,3fcf4f78104c8a65ef210fe1d469f4e473456c791225f2f1f9114f4986aa09fa,,f1d49d1011be2df92cc6f7746e3e2002337b65cd8d7db9bd529165fb4723c07b,rlimit,1800
2026-09-27T18:35:51Z,19e19925921f112b6d318368df76697f39f4428c,a42531566e9b,de019faa8609,1,st,fasta,go,official,25000000,ok,0,,ok,2.339112,2.289760,0.043748,2.333508,0.997600,5560,254166745,3fcf4f78104c8a65ef210fe1d469f4e473456c791225f2f1f9114f4986aa09fa,,f1d49d1011be2df92cc6f7746e3e2002337b65cd8d7db9bd529165fb4723c07b,rlimit,1800
2026-09-27T18:35:54Z,19e19925921f112b6d318368df76697f39f4428c,a42531566e9b,de019faa8609,2,st,fasta,go,official,25000000,ok,0,,ok,2.326732,2.259670,0.061712,2.321382,0.997700,5584,254166745,3fcf4f78104c8a65ef210fe1d469f4e473456c791225f2f1f9114f4986aa09fa,,f1d49d1011be2df92cc6f7746e3e2002337b65cd8d7db9bd529165fb4723c07b,rlimit,1800
2026-09-27T18:35:56Z,19e19925921f112b6d318368df76697f39f4428c,a42531566e9b,de019faa8609,3,st,fasta,go,official,25000000,ok,0,,ok,2.339313,2.290916,0.042725,2.333641,0.997600,3492,254166745,3fcf4f78104c8a65ef210fe1d469f4e473456c791225f2f1f9114f4986aa09fa,,f1d49d1011be2df92cc6f7746e3e2002337b65cd8d7db9bd529165fb4723c07b,rlimit,1800
2026-09-27T18:35:58Z,19e19925921f112b6d318368df76697f39f4428c,a42531566e9b,de019faa8609,4,st,fasta,go,official,25000000,ok,0,,ok,2.336402,2.272089,0.058671,2.330760,0.997600,3492,254166745,3fcf4f78104c8a65ef210fe1d469f4e473456c791225f2f1f9114f4986aa09fa,,f1d49d1011be2df92cc6f7746e3e2002337b65cd8d7db9bd529165fb4723c07b,rlimit,1800
2026-09-27T18:36:01Z,19e19925921f112b6d318368df76697f39f4428c,a42531566e9b,5c0115840496,0,st,fasta,java,official,25000000,ok,0,,ok,2.857601,2.770946,0.079590,2.850536,0.997500,47172,254166745,3fcf4f78104c8a65ef210fe1d469f4e473456c791225f2f1f9114f4986aa09fa,,2cf3c7c157c3d10a093da3ea489428a07802f6ef63f49ac007d47a2f74eff303,poll,1800
2026-09-27T18:36:04Z,19e19925921f112b6d318368df76697f39f4428c,a42531566e9b,5c0115840496,1,st,fasta,java,official,25000000,ok,0,,ok,2.655367,2.581820,0.065679,2.647499,0.997000,46900,254166745,3fcf4f78104c8a65ef210fe1d469f4e473456c791225f2f1f9114f4986aa09fa,,2cf3c7c157c3d10a093da3ea489428a07802f6ef63f49ac007d47a2f74eff303,poll,1800
2026-09-27T18:36:07Z,19e19925921f112b6d318368df76697f39f4428c,a42531566e9b,5c0115840496,2,st,fasta,java,official,25000000,ok,0,,ok,2.599787,2.525802,0.068804,2.594606,0.998000,46928,254166745,3fcf4f78104c8a65ef210fe1d469f4e473456c791225f2f1f9114f4986aa09fa,,2cf3c7c157c3d10a093da3ea489428a07802f6ef63f49ac007d47a2f74eff303,poll,1800
2026-09-27T18:36:10Z,19e19925921f112b6d318368df76697f39f4428c,a42531566e9b,5c0115840496,3,st,fasta,java,official,25000000,ok,0,,ok,2.855298,2.784219,0.063971,2.848190,0.997500,46944,254166745,3fcf4f78104c8a65ef210fe1d469f4e473456c791225f2f1f9114f4986aa09fa,,2cf3c7c157c3d10a093da3ea489428a07802f6ef63f49ac007d47a2f74eff303,poll,1800
2026-09-27T18:36:13Z,19e19925921f112b6d318368df76697f39f4428c,a42531566e9b,5c0115840496,4,st,fasta,java,official,25000000,ok,0,,ok,2.855628,2.771728,0.077722,2.849450,0.997800,46928,254166745,3fcf4f78104c8a65ef210fe1d469f4e473456c791225f2f1f9114f4986aa09fa,,2cf3c7c157c3d10a093da3ea489428a07802f6ef63f49ac007d47a2f74eff303,poll,1800
2026-09-27T18:36:16Z,19e19925921f112b6d318368df76697f39f4428c,a42531566e9b,fe93011e41fd,0,st,fasta,csharp,official,25000000,ok,0,,ok,2.550469,2.470416,0.063837,2.534253,0.993600,29248,254166745,3fcf4f78104c8a65ef210fe1d469f4e473456c791225f2f1f9114f4986aa09fa,,ab6ea0e8b830ab736a1868496ecfe564b44b48be92b2f0b88a84861f4c622621,poll,1800
2026-09-27T18:36:18Z,19e19925921f112b6d318368df76697f39f4428c,a42531566e9b,fe93011e41fd,1,st,fasta,csharp,official,25000000,ok,0,,ok,2.560789,2.497639,0.057898,2.555537,0.997900,29348,254166745,3fcf4f78104c8a65ef210fe1d469f4e473456c791225f2f1f9114f4986aa09fa,,ab6ea0e8b830ab736a1868496ecfe564b44b48be92b2f0b88a84861f4c622621,poll,1800
2026-09-27T18:36:21Z,19e19925921f112b6d318368df76697f39f4428c,a42531566e9b,fe93011e41fd,2,st,fasta,csharp,official,25000000,ok,0,,ok,2.540701,2.473888,0.060606,2.534494,0.997600,29308,254166745,3fcf4f78104c8a65ef210fe1d469f4e473456c791225f2f1f9114f4986aa09fa,,ab6ea0e8b830ab736a1868496ecfe564b44b48be92b2f0b88a84861f4c622621,poll,1800
2026-09-27T18:36:24Z,19e19925921f112b6d318368df76697f39f4428c,a42531566e9b,fe93011e41fd,3,st,fasta,csharp,official,25000000,ok,0,,ok,2.539694,2.471064,0.062786,2.533850,0.997700,29352,254166745,3fcf4f78104c8a65ef210fe1d469f4e473456c791225f2f1f9114f4986aa09fa,,ab6ea0e8b830ab736a1868496ecfe564b44b48be92b2f0b88a84861f4c622621,poll,1800
2026-09-27T18:36:26Z,19e19925921f112b6d318368df76697f39f4428c,a42531566e9b,fe93011e41fd,4,st,fasta,csharp,official,25000000,ok,0,,ok,2.539142,2.467000,0.066847,2.533847,0.997900,29268,254166745,3fcf4f78104c8a65ef210fe1d469f4e473456c791225f2f1f9114f4986aa09fa,,ab6ea0e8b830ab736a1868496ecfe564b44b48be92b2f0b88a84861f4c622621,poll,1800
2026-09-27T18:36:30Z,19e19925921f112b6d318368df76697f39f4428c,a42531566e9b,5d1c3d3bf6e6,0,st,fasta,javascript,official,25000000,ok,0,,ok,3.205939,3.135379,0.063497,3.198876,0.997800,60380,254166745,3fcf4f78104c8a65ef210fe1d469f4e473456c791225f2f1f9114f4986aa09fa,,71410af3b500e29d134806032dd385fb901423be5846a38cadddd88299a1d0d8,poll,1800
2026-09-27T18:36:33Z,19e19925921f112b6d318368df76697f39f4428c,a42531566e9b,5d1c3d3bf6e6,1,st,fasta,javascript,official,25000000,ok,0,,ok,3.254658,3.182906,0.064762,3.247668,0.997900,60760,254166745,3fcf4f78104c8a65ef210fe1d469f4e473456c791225f2f1f9114f4986aa09fa,,71410af3b500e29d134806032dd385fb901423be5846a38cadddd88299a1d0d8,poll,1800
2026-09-27T18:36:36Z,19e19925921f112b6d318368df76697f39f4428c,a42531566e9b,5d1c3d3bf6e6,2,st,fasta,javascript,official,25000000,ok,0,,ok,3.216987,3.140794,0.069696,3.210490,0.998000,59644,254166745,3fcf4f78104c8a65ef210fe1d469f4e473456c791225f2f1f9114f4986aa09fa,,71410af3b500e29d134806032dd385fb901423be5846a38cadddd88299a1d0d8,poll,1800
2026-09-27T18:36:40Z,19e19925921f112b6d318368df76697f39f4428c,a42531566e9b,5d1c3d3bf6e6,3,st,fasta,javascript,official,25000000,ok,0,,ok,3.216213,3.132487,0.076252,3.208739,0.997700,59972,254166745,3fcf4f78104c8a65ef210fe1d469f4e473456c791225f2f1f9114f4986aa09fa,,71410af3b500e29d134806032dd385fb901423be5846a38cadddd88299a1d0d8,poll,1800
2026-09-27T18:36:43Z,19e19925921f112b6d318368df76697f39f4428c,a42531566e9b,5d1c3d3bf6e6,4,st,fasta,javascript,official,25000000,ok,0,,ok,3.213930,3.132608,0.074577,3.207185,0.997900,59848,254166745,3fcf4f78104c8a65ef210fe1d469f4e473456c791225f2f1f9114f4986aa09fa,,71410af3b500e29d134806032dd385fb901423be5846a38cadddd88299a1d0d8,poll,1800
2026-09-27T18:37:05Z,19e19925921f112b6d318368df76697f39f4428c,a42531566e9b,10676ec99ba2,0,st,fasta,python,official,25000000,ok,0,,ok,21.835949,21.708435,0.085478,21.793913,0.998100,10756,254166745,3fcf4f78104c8a65ef210fe1d469f4e473456c791225f2f1f9114f4986aa09fa,,7f9e9f0fabce626f628088895c1e43c5cb8966a8f51705e1cc4e63fe218365c5,rlimit,1800
2026-09-27T18:37:27Z,19e19925921f112b6d318368df76697f39f4428c,a42531566e9b,10676ec99ba2,1,st,fasta,python,official,25000000,ok,0,,ok,21.757816,21.623465,0.092063,21.715528,0.998100,10756,254166745,3fcf4f78104c8a65ef210fe1d469f4e473456c791225f2f1f9114f4986aa09fa,,7f9e9f0fabce626f628088895c1e43c5cb8966a8f51705e1cc4e63fe218365c5,rlimit,1800
2026-09-27T18:37:49Z,19e19925921f112b6d318368df76697f39f4428c,a42531566e9b,10676ec99ba2,2,st,fasta,python,official,25000000,ok,0,,ok,21.957110,21.822386,0.092988,21.915374,0.998100,10740,254166745,3fcf4f78104c8a65ef210fe1d469f4e473456c791225f2f1f9114f4986aa09fa,,7f9e9f0fabce626f628088895c1e43c5cb8966a8f51705e1cc4e63fe218365c5,rlimit,1800
2026-09-27T18:38:11Z,19e19925921f112b6d318368df76697f39f4428c,a42531566e9b,10676ec99ba2,3,st,fasta,python,official,25000000,ok,0,,ok,21.412644,21.262013,0.106460,21.368473,0.997900,10724,254166745,3fcf4f78104c8a65ef210fe1d469f4e473456c791225f2f1f9114f4986aa09fa,,7f9e9f0fabce626f628088895c1e43c5cb8966a8f51705e1cc4e63fe218365c5,rlimit,1800
2026-09-27T18:38:32Z,19e19925921f112b6d318368df76697f39f4428c,a42531566e9b,10676ec99ba2,4,st,fasta,python,official,25000000,ok,0,,ok,21.522881,21.397648,0.080823,21.478471,0.997900,10756,254166745,3fcf4f78104c8a65ef210fe1d469f4e473456c791225f2f1f9114f4986aa09fa,,7f9e9f0fabce626f628088895c1e43c5cb8966a8f51705e1cc4e63fe218365c5,rlimit,1800
2026-09-27T18:38:35Z,19e19925921f112b6d318368df76697f39f4428c,a42531566e9b,0a0a2a801007,0,st,fasta,fortran,official,25000000,ok,0,,ok,2.528669,2.460887,0.062902,2.523789,0.998100,2884,254166745,3fcf4f78104c8a65ef210fe1d469f4e473456c791225f2f1f9114f4986aa09fa,,489d09ac5f1dcf906bc41ac98a2c59ae2a9f312d1e3c20bdd74b5f6fb833abbe,rlimit,1800
2026-09-27T18:38:38Z,19e19925921f112b6d318368df76697f39f4428c,a42531566e9b,0a0a2a801007,1,st,fasta,fortran,official,25000000,ok,0,,ok,2.520185,2.462600,0.052867,2.515467,0.998100,2984,254166745,3fcf4f78104c8a65ef210fe1d469f4e473456c791225f2f1f9114f4986aa09fa,,489d09ac5f1dcf906bc41ac98a2c59ae2a9f312d1e3c20bdd74b5f6fb833abbe,rlimit,1800
2026-09-27T18:38:40Z,19e19925921f112b6d318368df76697f39f4428c,a42531566e9b,0a0a2a801007,2,st,fasta,fortran,official,25000000,ok,0,,ok,2.525020,2.457492,0.061783,2.519275,0.997700,2976,254166745,3fcf4f78104c8a65ef210fe1d469f4e473456c791225f2f1f9114f4986aa09fa,,489d09ac5f1dcf906bc41ac98a2c59ae2a9f312d1e3c20bdd74b5f6fb833abbe,rlimit,1800
2026-09-27T18:38:43Z,19e19925921f112b6d318368df76697f39f4428c,a42531566e9b,0a0a2a801007,3,st,fasta,fortran,official,25000000,ok,0,,ok,2.520100,2.456949,0.057910,2.514859,0.997900,2912,254166745,3fcf4f78104c8a65ef210fe1d469f4e473456c791225f2f1f9114f4986aa09fa,,489d09ac5f1dcf906bc41ac98a2c59ae2a9f312d1e3c20bdd74b5f6fb833abbe,rlimit,1800
2026-09-27T18:38:46Z,19e19925921f112b6d318368df76697f39f4428c,a42531566e9b,0a0a2a801007,4,st,fasta,fortran,official,25000000,ok,0,,ok,2.523972,2.443087,0.075720,2.518807,0.998000,2992,254166745,3fcf4f78104c8a65ef210fe1d469f4e473456c791225f2f1f9114f4986aa09fa,,489d09ac5f1dcf906bc41ac98a2c59ae2a9f312d1e3c20bdd74b5f6fb833abbe,rlimit,1800
2026-09-27T18:38:49Z,19e19925921f112b6d318368df76697f39f4428c,a42531566e9b,fbae4dfd0dcf,0,st,fasta,pascal,official,25000000,ok,0,,ok,3.064245,2.980117,0.077675,3.057792,0.997900,652,254166745,3fcf4f78104c8a65ef210fe1d469f4e473456c791225f2f1f9114f4986aa09fa,,47139906be0a8b81d7857cab637071844021161f51a104828cbfed63040932b7,rlimit,1800
2026-09-27T18:38:52Z,19e19925921f112b6d318368df76697f39f4428c,a42531566e9b,fbae4dfd0dcf,1,st,fasta,pascal,official,25000000,ok,0,,ok,3.058945,3.000483,0.051883,3.052366,0.997800,696,254166745,3fcf4f78104c8a65ef210fe1d469f4e473456c791225f2f1f9114f4986aa09fa,,47139906be0a8b81d7857cab637071844021161f51a104828cbfed63040932b7,rlimit,1800
2026-09-27T18:38:55Z,19e19925921f112b6d318368df76697f39f4428c,a42531566e9b,fbae4dfd0dcf,2,st,fasta,pascal,official,25000000,ok,0,,ok,3.058986,3.001149,0.050794,3.051943,0.997700,680,254166745,3fcf4f78104c8a65ef210fe1d469f4e473456c791225f2f1f9114f4986aa09fa,,47139906be0a8b81d7857cab637071844021161f51a104828cbfed63040932b7,rlimit,1800
2026-09-27T18:38:58Z,19e19925921f112b6d318368df76697f39f4428c,a42531566e9b,fbae4dfd0dcf,3,st,fasta,pascal,official,25000000,ok,0,,ok,3.061388,2.996213,0.058602,3.054815,0.997900,688,254166745,3fcf4f78104c8a65ef210fe1d469f4e473456c791225f2f1f9114f4986aa09fa,,47139906be0a8b81d7857cab637071844021161f51a104828cbfed63040932b7,rlimit,1800
2026-09-27T18:39:02Z,19e19925921f112b6d318368df76697f39f4428c,a42531566e9b,fbae4dfd0dcf,4,st,fasta,pascal,official,25000000,ok,0,,ok,3.064888,2.990263,0.068488,3.058751,0.998000,672,254166745,3fcf4f78104c8a65ef210fe1d469f4e473456c791225f2f1f9114f4986aa09fa,,47139906be0a8b81d7857cab637071844021161f51a104828cbfed63040932b7,rlimit,1800
2026-09-27T18:39:04Z,19e19925921f112b6d318368df76697f39f4428c,a42531566e9b,133e4e8948b9,0,best,fasta,resid,official,25000000,ok,0,,ok,2.317204,2.229804,0.082805,2.312609,0.998000,3136,254166745,3fcf4f78104c8a65ef210fe1d469f4e473456c791225f2f1f9114f4986aa09fa,,94506c05bcc27f878b60f3be51f255def0c51aeecc2718405e23f4e202cffa39,rlimit,1800
2026-09-27T18:39:07Z,19e19925921f112b6d318368df76697f39f4428c,a42531566e9b,133e4e8948b9,1,best,fasta,resid,official,25000000,ok,0,,ok,2.324233,2.241467,0.077900,2.319367,0.997900,3112,254166745,3fcf4f78104c8a65ef210fe1d469f4e473456c791225f2f1f9114f4986aa09fa,,94506c05bcc27f878b60f3be51f255def0c51aeecc2718405e23f4e202cffa39,rlimit,1800
2026-09-27T18:39:09Z,19e19925921f112b6d318368df76697f39f4428c,a42531566e9b,133e4e8948b9,2,best,fasta,resid,official,25000000,ok,0,,ok,2.319974,2.236668,0.078819,2.315487,0.998100,3120,254166745,3fcf4f78104c8a65ef210fe1d469f4e473456c791225f2f1f9114f4986aa09fa,,94506c05bcc27f878b60f3be51f255def0c51aeecc2718405e23f4e202cffa39,rlimit,1800
2026-09-27T18:39:11Z,19e19925921f112b6d318368df76697f39f4428c,a42531566e9b,133e4e8948b9,3,best,fasta,resid,official,25000000,ok,0,,ok,2.315431,2.222868,0.087857,2.310725,0.998000,3128,254166745,3fcf4f78104c8a65ef210fe1d469f4e473456c791225f2f1f9114f4986aa09fa,,94506c05bcc27f878b60f3be51f255def0c51aeecc2718405e23f4e202cffa39,rlimit,1800
2026-09-27T18:39:14Z,19e19925921f112b6d318368df76697f39f4428c,a42531566e9b,133e4e8948b9,4,best,fasta,resid,official,25000000,ok,0,,ok,2.315378,2.221144,0.088814,2.309958,0.997700,3124,254166745,3fcf4f78104c8a65ef210fe1d469f4e473456c791225f2f1f9114f4986aa09fa,,94506c05bcc27f878b60f3be51f255def0c51aeecc2718405e23f4e202cffa39,rlimit,1800
2026-09-27T18:39:15Z,19e19925921f112b6d318368df76697f39f4428c,a42531566e9b,203b3c2d6268,0,best,fasta,c,official,25000000,ok,0,,ok,0.523041,0.484178,0.037869,0.522047,0.998100,1824,254166745,3fcf4f78104c8a65ef210fe1d469f4e473456c791225f2f1f9114f4986aa09fa,,bf64909fac77cdaa89ec36424f2d4000c7e174c2855bc69529196c28c0705b39,rlimit,1800
2026-09-27T18:39:15Z,19e19925921f112b6d318368df76697f39f4428c,a42531566e9b,203b3c2d6268,1,best,fasta,c,official,25000000,ok,0,,ok,0.521196,0.466474,0.053854,0.520328,0.998300,1696,254166745,3fcf4f78104c8a65ef210fe1d469f4e473456c791225f2f1f9114f4986aa09fa,,bf64909fac77cdaa89ec36424f2d4000c7e174c2855bc69529196c28c0705b39,rlimit,1800
2026-09-27T18:39:16Z,19e19925921f112b6d318368df76697f39f4428c,a42531566e9b,203b3c2d6268,2,best,fasta,c,official,25000000,ok,0,,ok,0.525980,0.488159,0.036919,0.525078,0.998300,1760,254166745,3fcf4f78104c8a65ef210fe1d469f4e473456c791225f2f1f9114f4986aa09fa,,bf64909fac77cdaa89ec36424f2d4000c7e174c2855bc69529196c28c0705b39,rlimit,1800
2026-09-27T18:39:17Z,19e19925921f112b6d318368df76697f39f4428c,a42531566e9b,203b3c2d6268,3,best,fasta,c,official,25000000,ok,0,,ok,0.523824,0.477787,0.044911,0.522698,0.997800,1888,254166745,3fcf4f78104c8a65ef210fe1d469f4e473456c791225f2f1f9114f4986aa09fa,,bf64909fac77cdaa89ec36424f2d4000c7e174c2855bc69529196c28c0705b39,rlimit,1800
2026-09-27T18:39:17Z,19e19925921f112b6d318368df76697f39f4428c,a42531566e9b,203b3c2d6268,4,best,fasta,c,official,25000000,ok,0,,ok,0.519167,0.474440,0.043779,0.518219,0.998200,1948,254166745,3fcf4f78104c8a65ef210fe1d469f4e473456c791225f2f1f9114f4986aa09fa,,bf64909fac77cdaa89ec36424f2d4000c7e174c2855bc69529196c28c0705b39,rlimit,1800
2026-09-27T18:39:18Z,19e19925921f112b6d318368df76697f39f4428c,a42531566e9b,bbf77cf3207a,0,best,fasta,cpp,official,25000000,ok,0,,ok,0.577229,2.303662,0.059268,2.362930,4.093600,5280,254166745,3fcf4f78104c8a65ef210fe1d469f4e473456c791225f2f1f9114f4986aa09fa,,6576d915f7c2098db48d1d16a225938beae9d8491f82c43f062b5bbadd0ced9f,rlimit,1800
2026-09-27T18:39:19Z,19e19925921f112b6d318368df76697f39f4428c,a42531566e9b,bbf77cf3207a,1,best,fasta,cpp,official,25000000,ok,0,,ok,0.597072,2.353147,0.072444,2.425591,4.062500,5484,254166745,3fcf4f78104c8a65ef210fe1d469f4e473456c791225f2f1f9114f4986aa09fa,,6576d915f7c2098db48d1d16a225938beae9d8491f82c43f062b5bbadd0ced9f,rlimit,1800
2026-09-27T18:39:19Z,19e19925921f112b6d318368df76697f39f4428c,a42531566e9b,bbf77cf3207a,2,best,fasta,cpp,official,25000000,ok,0,,ok,0.599685,2.371368,0.069001,2.440369,4.069400,5384,254166745,3fcf4f78104c8a65ef210fe1d469f4e473456c791225f2f1f9114f4986aa09fa,,6576d915f7c2098db48d1d16a225938beae9d8491f82c43f062b5bbadd0ced9f,rlimit,1800
2026-09-27T18:39:20Z,19e19925921f112b6d318368df76697f39f4428c,a42531566e9b,bbf77cf3207a,3,best,fasta,cpp,official,25000000,ok,0,,ok,0.589452,2.344997,0.070048,2.415045,4.097100,5420,254166745,3fcf4f78104c8a65ef210fe1d469f4e473456c791225f2f1f9114f4986aa09fa,,6576d915f7c2098db48d1d16a225938beae9d8491f82c43f062b5bbadd0ced9f,rlimit,1800
2026-09-27T18:39:21Z,19e19925921f112b6d318368df76697f39f4428c,a42531566e9b,bbf77cf3207a,4,best,fasta,cpp,official,25000000,ok,0,,ok,0.598501,2.382309,0.056840,2.439149,4.075400,5428,254166745,3fcf4f78104c8a65ef210fe1d469f4e473456c791225f2f1f9114f4986aa09fa,,6576d915f7c2098db48d1d16a225938beae9d8491f82c43f062b5bbadd0ced9f,rlimit,1800
2026-09-27T18:39:21Z,19e19925921f112b6d318368df76697f39f4428c,a42531566e9b,f4765642d6c5,0,best,fasta,rust,official,25000000,ok,0,,ok,0.545997,0.927199,0.053909,0.981108,1.796900,3088,254166745,3fcf4f78104c8a65ef210fe1d469f4e473456c791225f2f1f9114f4986aa09fa,,faa627005b41883a6df7c3c194bcd438c1c329a94fff80a8354534ebc60e0467,rlimit,1800
2026-09-27T18:39:22Z,19e19925921f112b6d318368df76697f39f4428c,a42531566e9b,f4765642d6c5,1,best,fasta,rust,official,25000000,ok,0,,ok,0.494525,0.928047,0.049943,0.977990,1.977600,3044,254166745,3fcf4f78104c8a65ef210fe1d469f4e473456c791225f2f1f9114f4986aa09fa,,faa627005b41883a6df7c3c194bcd438c1c329a94fff80a8354534ebc60e0467,rlimit,1800
2026-09-27T18:39:23Z,19e19925921f112b6d318368df76697f39f4428c,a42531566e9b,f4765642d6c5,2,best,fasta,rust,official,25000000,ok,0,,ok,0.493128,0.917208,0.055880,0.973088,1.973300,3068,254166745,3fcf4f78104c8a65ef210fe1d469f4e473456c791225f2f1f9114f4986aa09fa,,faa627005b41883a6df7c3c194bcd438c1c329a94fff80a8354534ebc60e0467,rlimit,1800
2026-09-27T18:39:23Z,19e19925921f112b6d318368df76697f39f4428c,a42531566e9b,f4765642d6c5,3,best,fasta,rust,official,25000000,ok,0,,ok,0.491801,0.906729,0.063874,0.970603,1.973600,3084,254166745,3fcf4f78104c8a65ef210fe1d469f4e473456c791225f2f1f9114f4986aa09fa,,faa627005b41883a6df7c3c194bcd438c1c329a94fff80a8354534ebc60e0467,rlimit,1800
2026-09-27T18:39:24Z,19e19925921f112b6d318368df76697f39f4428c,a42531566e9b,f4765642d6c5,4,best,fasta,rust,official,25000000,ok,0,,ok,0.496413,0.919638,0.059603,0.979241,1.972600,3048,254166745,3fcf4f78104c8a65ef210fe1d469f4e473456c791225f2f1f9114f4986aa09fa,,faa627005b41883a6df7c3c194bcd438c1c329a94fff80a8354534ebc60e0467,rlimit,1800
2026-09-27T18:39:25Z,19e19925921f112b6d318368df76697f39f4428c,a42531566e9b,b4ae808bd970,0,best,fasta,go,official,25000000,ok,0,,ok,0.606475,2.189545,0.070026,2.259571,3.725700,16472,254166745,3fcf4f78104c8a65ef210fe1d469f4e473456c791225f2f1f9114f4986aa09fa,,a84280561105e7481a935f55a828a000af8b99ec47979b99eec166748ef59594,rlimit,1800
2026-09-27T18:39:26Z,19e19925921f112b6d318368df76697f39f4428c,a42531566e9b,b4ae808bd970,1,best,fasta,go,official,25000000,ok,0,,ok,0.641559,2.188431,0.069420,2.257851,3.519300,16524,254166745,3fcf4f78104c8a65ef210fe1d469f4e473456c791225f2f1f9114f4986aa09fa,,a84280561105e7481a935f55a828a000af8b99ec47979b99eec166748ef59594,rlimit,1800
2026-09-27T18:39:26Z,19e19925921f112b6d318368df76697f39f4428c,a42531566e9b,b4ae808bd970,2,best,fasta,go,official,25000000,ok,0,,ok,0.612606,2.212993,0.066661,2.279654,3.721200,16400,254166745,3fcf4f78104c8a65ef210fe1d469f4e473456c791225f2f1f9114f4986aa09fa,,a84280561105e7481a935f55a828a000af8b99ec47979b99eec166748ef59594,rlimit,1800
2026-09-27T18:39:27Z,19e19925921f112b6d318368df76697f39f4428c,a42531566e9b,b4ae808bd970,3,best,fasta,go,official,25000000,ok,0,,ok,0.628275,2.228603,0.084455,2.313058,3.681600,16284,254166745,3fcf4f78104c8a65ef210fe1d469f4e473456c791225f2f1f9114f4986aa09fa,,a84280561105e7481a935f55a828a000af8b99ec47979b99eec166748ef59594,rlimit,1800
2026-09-27T18:39:28Z,19e19925921f112b6d318368df76697f39f4428c,a42531566e9b,b4ae808bd970,4,best,fasta,go,official,25000000,ok,0,,ok,0.635113,2.172005,0.065355,2.237360,3.522800,16504,254166745,3fcf4f78104c8a65ef210fe1d469f4e473456c791225f2f1f9114f4986aa09fa,,a84280561105e7481a935f55a828a000af8b99ec47979b99eec166748ef59594,rlimit,1800
2026-09-27T18:39:29Z,19e19925921f112b6d318368df76697f39f4428c,a42531566e9b,e00c24c95cfd,0,best,fasta,java,official,25000000,ok,0,,ok,0.788105,2.759217,0.069506,2.828723,3.589300,57896,254166745,3fcf4f78104c8a65ef210fe1d469f4e473456c791225f2f1f9114f4986aa09fa,,e8c5aaa4337ab3fb61dd3c9a3bedbc9ce37b7e1eef88e572605878e85cb4685f,poll,1800
2026-09-27T18:39:30Z,19e19925921f112b6d318368df76697f39f4428c,a42531566e9b,e00c24c95cfd,1,best,fasta,java,official,25000000,ok,0,,ok,0.748496,2.706437,0.054832,2.761269,3.689100,57952,254166745,3fcf4f78104c8a65ef210fe1d469f4e473456c791225f2f1f9114f4986aa09fa,,e8c5aaa4337ab3fb61dd3c9a3bedbc9ce37b7e1eef88e572605878e85cb4685f,poll,1800
2026-09-27T18:39:30Z,19e19925921f112b6d318368df76697f39f4428c,a42531566e9b,e00c24c95cfd,2,best,fasta,java,official,25000000,ok,0,,ok,0.736486,2.621755,0.076219,2.697974,3.663300,57976,254166745,3fcf4f78104c8a65ef210fe1d469f4e473456c791225f2f1f9114f4986aa09fa,,e8c5aaa4337ab3fb61dd3c9a3bedbc9ce37b7e1eef88e572605878e85cb4685f,poll,1800
2026-09-27T18:39:31Z,19e19925921f112b6d318368df76697f39f4428c,a42531566e9b,e00c24c95cfd,3,best,fasta,java,official,25000000,ok,0,,ok,0.726858,2.636387,0.068272,2.704659,3.721000,57928,254166745,3fcf4f78104c8a65ef210fe1d469f4e473456c791225f2f1f9114f4986aa09fa,,e8c5aaa4337ab3fb61dd3c9a3bedbc9ce37b7e1eef88e572605878e85cb4685f,poll,1800
2026-09-27T18:39:32Z,19e19925921f112b6d318368df76697f39f4428c,a42531566e9b,e00c24c95cfd,4,best,fasta,java,official,25000000,ok,0,,ok,0.727123,2.694657,0.063564,2.758221,3.793300,57968,254166745,3fcf4f78104c8a65ef210fe1d469f4e473456c791225f2f1f9114f4986aa09fa,,e8c5aaa4337ab3fb61dd3c9a3bedbc9ce37b7e1eef88e572605878e85cb4685f,poll,1800
2026-09-27T18:39:33Z,19e19925921f112b6d318368df76697f39f4428c,a42531566e9b,193d02169ac4,0,best,fasta,csharp,official,25000000,ok,0,,ok,0.571272,0.514900,0.054960,0.569860,0.997500,30036,254166745,3fcf4f78104c8a65ef210fe1d469f4e473456c791225f2f1f9114f4986aa09fa,,a11f36e5808f39a79636e4377b25cd7ff7dddddfc696dc6430a8eb30e4636785,poll,1800
2026-09-27T18:39:34Z,19e19925921f112b6d318368df76697f39f4428c,a42531566e9b,193d02169ac4,1,best,fasta,csharp,official,25000000,ok,0,,ok,0.550509,0.509252,0.050091,0.559343,1.016000,30032,254166745,3fcf4f78104c8a65ef210fe1d469f4e473456c791225f2f1f9114f4986aa09fa,,a11f36e5808f39a79636e4377b25cd7ff7dddddfc696dc6430a8eb30e4636785,poll,1800
2026-09-27T18:39:34Z,19e19925921f112b6d318368df76697f39f4428c,a42531566e9b,193d02169ac4,2,best,fasta,csharp,official,25000000,ok,0,,ok,0.555191,0.504450,0.059873,0.564323,1.016400,29996,254166745,3fcf4f78104c8a65ef210fe1d469f4e473456c791225f2f1f9114f4986aa09fa,,a11f36e5808f39a79636e4377b25cd7ff7dddddfc696dc6430a8eb30e4636785,poll,1800
2026-09-27T18:39:35Z,19e19925921f112b6d318368df76697f39f4428c,a42531566e9b,193d02169ac4,3,best,fasta,csharp,official,25000000,ok,0,,ok,0.554722,0.523457,0.043087,0.566544,1.021300,30064,254166745,3fcf4f78104c8a65ef210fe1d469f4e473456c791225f2f1f9114f4986aa09fa,,a11f36e5808f39a79636e4377b25cd7ff7dddddfc696dc6430a8eb30e4636785,poll,1800
2026-09-27T18:39:36Z,19e19925921f112b6d318368df76697f39f4428c,a42531566e9b,193d02169ac4,4,best,fasta,csharp,official,25000000,ok,0,,ok,0.554576,0.530746,0.033163,0.563909,1.016800,30032,254166745,3fcf4f78104c8a65ef210fe1d469f4e473456c791225f2f1f9114f4986aa09fa,,a11f36e5808f39a79636e4377b25cd7ff7dddddfc696dc6430a8eb30e4636785,poll,1800
2026-09-27T18:39:37Z,19e19925921f112b6d318368df76697f39f4428c,a42531566e9b,7d9658a0f5d7,0,best,fasta,javascript,official,25000000,ok,0,,ok,1.049618,3.312661,0.087172,3.399833,3.239100,185576,254166745,3fcf4f78104c8a65ef210fe1d469f4e473456c791225f2f1f9114f4986aa09fa,,d5ac5f32baed73304db5145f0252f19a3932d58d23767fa4b9292ed3b177c629,poll,1800
2026-09-27T18:39:38Z,19e19925921f112b6d318368df76697f39f4428c,a42531566e9b,7d9658a0f5d7,1,best,fasta,javascript,official,25000000,ok,0,,ok,1.078780,3.453097,0.080458,3.533555,3.275500,188480,254166745,3fcf4f78104c8a65ef210fe1d469f4e473456c791225f2f1f9114f4986aa09fa,,d5ac5f32baed73304db5145f0252f19a3932d58d23767fa4b9292ed3b177c629,poll,1800
2026-09-27T18:39:39Z,19e19925921f112b6d318368df76697f39f4428c,a42531566e9b,7d9658a0f5d7,2,best,fasta,javascript,official,25000000,ok,0,,ok,1.071476,3.444039,0.096548,3.540587,3.304400,188944,254166745,3fcf4f78104c8a65ef210fe1d469f4e473456c791225f2f1f9114f4986aa09fa,,d5ac5f32baed73304db5145f0252f19a3932d58d23767fa4b9292ed3b177c629,poll,1800
2026-09-27T18:39:40Z,19e19925921f112b6d318368df76697f39f4428c,a42531566e9b,7d9658a0f5d7,3,best,fasta,javascript,official,25000000,ok,0,,ok,1.071643,3.435896,0.098558,3.534454,3.298200,186808,254166745,3fcf4f78104c8a65ef210fe1d469f4e473456c791225f2f1f9114f4986aa09fa,,d5ac5f32baed73304db5145f0252f19a3932d58d23767fa4b9292ed3b177c629,poll,1800
2026-09-27T18:39:42Z,19e19925921f112b6d318368df76697f39f4428c,a42531566e9b,7d9658a0f5d7,4,best,fasta,javascript,official,25000000,ok,0,,ok,1.069824,3.415800,0.114637,3.530437,3.300000,188520,254166745,3fcf4f78104c8a65ef210fe1d469f4e473456c791225f2f1f9114f4986aa09fa,,d5ac5f32baed73304db5145f0252f19a3932d58d23767fa4b9292ed3b177c629,poll,1800
2026-09-27T18:39:53Z,19e19925921f112b6d318368df76697f39f4428c,a42531566e9b,8dc587b271e1,0,best,fasta,python,official,25000000,ok,0,,ok,11.386571,18.555528,4.630904,23.186432,2.036300,219888,254166745,3fcf4f78104c8a65ef210fe1d469f4e473456c791225f2f1f9114f4986aa09fa,,076fba92b7365ece61bce7b26810f2bd994ea9570ca3d1e1b09d068cec0f63cf,rlimit,1800
2026-09-27T18:40:05Z,19e19925921f112b6d318368df76697f39f4428c,a42531566e9b,8dc587b271e1,1,best,fasta,python,official,25000000,ok,0,,ok,11.385811,18.440255,4.662589,23.102844,2.029100,219320,254166745,3fcf4f78104c8a65ef210fe1d469f4e473456c791225f2f1f9114f4986aa09fa,,076fba92b7365ece61bce7b26810f2bd994ea9570ca3d1e1b09d068cec0f63cf,rlimit,1800
2026-09-27T18:40:16Z,19e19925921f112b6d318368df76697f39f4428c,a42531566e9b,8dc587b271e1,2,best,fasta,python,official,25000000,ok,0,,ok,11.391948,18.421296,4.762254,23.183550,2.035100,218404,254166745,3fcf4f78104c8a65ef210fe1d469f4e473456c791225f2f1f9114f4986aa09fa,,076fba92b7365ece61bce7b26810f2bd994ea9570ca3d1e1b09d068cec0f63cf,rlimit,1800
2026-09-27T18:40:28Z,19e19925921f112b6d318368df76697f39f4428c,a42531566e9b,8dc587b271e1,3,best,fasta,python,official,25000000,ok,0,,ok,11.442357,18.431297,4.834252,23.265549,2.033300,218876,254166745,3fcf4f78104c8a65ef210fe1d469f4e473456c791225f2f1f9114f4986aa09fa,,076fba92b7365ece61bce7b26810f2bd994ea9570ca3d1e1b09d068cec0f63cf,rlimit,1800
2026-09-27T18:40:39Z,19e19925921f112b6d318368df76697f39f4428c,a42531566e9b,8dc587b271e1,4,best,fasta,python,official,25000000,ok,0,,ok,11.476252,18.534032,4.742079,23.276111,2.028200,219576,254166745,3fcf4f78104c8a65ef210fe1d469f4e473456c791225f2f1f9114f4986aa09fa,,076fba92b7365ece61bce7b26810f2bd994ea9570ca3d1e1b09d068cec0f63cf,rlimit,1800
2026-09-27T18:40:40Z,19e19925921f112b6d318368df76697f39f4428c,a42531566e9b,246b7a1b00fe,0,best,fasta,fortran,official,25000000,ok,0,,ok,0.663805,0.618729,0.043879,0.662608,0.998200,3096,254166745,3fcf4f78104c8a65ef210fe1d469f4e473456c791225f2f1f9114f4986aa09fa,,cb99a4c2b993cd1bfda55d87f36eb90a2224a23d9ff955ed0bda6d8b9e7f1983,rlimit,1800
2026-09-27T18:40:41Z,19e19925921f112b6d318368df76697f39f4428c,a42531566e9b,246b7a1b00fe,1,best,fasta,fortran,official,25000000,ok,0,,ok,0.656531,0.616360,0.038963,0.655323,0.998200,3084,254166745,3fcf4f78104c8a65ef210fe1d469f4e473456c791225f2f1f9114f4986aa09fa,,cb99a4c2b993cd1bfda55d87f36eb90a2224a23d9ff955ed0bda6d8b9e7f1983,rlimit,1800
2026-09-27T18:40:42Z,19e19925921f112b6d318368df76697f39f4428c,a42531566e9b,246b7a1b00fe,2,best,fasta,fortran,official,25000000,ok,0,,ok,0.665607,0.612563,0.051876,0.664439,0.998200,3040,254166745,3fcf4f78104c8a65ef210fe1d469f4e473456c791225f2f1f9114f4986aa09fa,,cb99a4c2b993cd1bfda55d87f36eb90a2224a23d9ff955ed0bda6d8b9e7f1983,rlimit,1800
2026-09-27T18:40:43Z,19e19925921f112b6d318368df76697f39f4428c,a42531566e9b,246b7a1b00fe,3,best,fasta,fortran,official,25000000,ok,0,,ok,0.667634,0.624256,0.041706,0.665962,0.997500,3156,254166745,3fcf4f78104c8a65ef210fe1d469f4e473456c791225f2f1f9114f4986aa09fa,,cb99a4c2b993cd1bfda55d87f36eb90a2224a23d9ff955ed0bda6d8b9e7f1983,rlimit,1800
2026-09-27T18:40:43Z,19e19925921f112b6d318368df76697f39f4428c,a42531566e9b,246b7a1b00fe,4,best,fasta,fortran,official,25000000,ok,0,,ok,0.692280,0.645291,0.045950,0.691241,0.998500,3104,254166745,3fcf4f78104c8a65ef210fe1d469f4e473456c791225f2f1f9114f4986aa09fa,,cb99a4c2b993cd1bfda55d87f36eb90a2224a23d9ff955ed0bda6d8b9e7f1983,rlimit,1800
2026-09-27T18:40:46Z,19e19925921f112b6d318368df76697f39f4428c,a42531566e9b,65a63ba71d11,0,best,fasta,pascal,official,25000000,ok,0,,ok,2.384540,2.327597,0.052875,2.380472,0.998300,692,254166745,3fcf4f78104c8a65ef210fe1d469f4e473456c791225f2f1f9114f4986aa09fa,,d25f527785067a096544417a0b4b14e3d8c54a1d2fbc3081876d09b42209e939,rlimit,1800
2026-09-27T18:40:49Z,19e19925921f112b6d318368df76697f39f4428c,a42531566e9b,65a63ba71d11,1,best,fasta,pascal,official,25000000,ok,0,,ok,2.410375,2.366378,0.039915,2.406293,0.998300,648,254166745,3fcf4f78104c8a65ef210fe1d469f4e473456c791225f2f1f9114f4986aa09fa,,d25f527785067a096544417a0b4b14e3d8c54a1d2fbc3081876d09b42209e939,rlimit,1800
2026-09-27T18:40:51Z,19e19925921f112b6d318368df76697f39f4428c,a42531566e9b,65a63ba71d11,2,best,fasta,pascal,official,25000000,ok,0,,ok,2.383107,2.313826,0.064885,2.378711,0.998200,672,254166745,3fcf4f78104c8a65ef210fe1d469f4e473456c791225f2f1f9114f4986aa09fa,,d25f527785067a096544417a0b4b14e3d8c54a1d2fbc3081876d09b42209e939,rlimit,1800
2026-09-27T18:40:54Z,19e19925921f112b6d318368df76697f39f4428c,a42531566e9b,65a63ba71d11,3,best,fasta,pascal,official,25000000,ok,0,,ok,2.385335,2.324280,0.056653,2.380933,0.998200,648,254166745,3fcf4f78104c8a65ef210fe1d469f4e473456c791225f2f1f9114f4986aa09fa,,d25f527785067a096544417a0b4b14e3d8c54a1d2fbc3081876d09b42209e939,rlimit,1800
2026-09-27T18:40:56Z,19e19925921f112b6d318368df76697f39f4428c,a42531566e9b,65a63ba71d11,4,best,fasta,pascal,official,25000000,ok,0,,ok,2.382177,2.327406,0.049901,2.377307,0.998000,648,254166745,3fcf4f78104c8a65ef210fe1d469f4e473456c791225f2f1f9114f4986aa09fa,,d25f527785067a096544417a0b4b14e3d8c54a1d2fbc3081876d09b42209e939,rlimit,1800
2026-09-27T18:41:00Z,19e19925921f112b6d318368df76697f39f4428c,a42531566e9b,7b3af3a45754,0,st,k-nucleotide,c,official,0,ok,0,,reference,4.155008,4.109085,0.035196,4.144281,0.997400,135160,259,f8c042fe770dda8f870b967605ea40ca2e353f2bdf92e89a327209dd31d445c7,3fcf4f78104c8a65ef210fe1d469f4e473456c791225f2f1f9114f4986aa09fa,e360c7bdfa08c44b979786ad31cd2c74645c98e47b8e7bf04a922e74e1f7fb1e,rlimit,1800
2026-09-27T18:41:04Z,19e19925921f112b6d318368df76697f39f4428c,a42531566e9b,7b3af3a45754,1,st,k-nucleotide,c,official,0,ok,0,,reference,4.129939,4.094861,0.026758,4.121619,0.998000,136820,259,f8c042fe770dda8f870b967605ea40ca2e353f2bdf92e89a327209dd31d445c7,3fcf4f78104c8a65ef210fe1d469f4e473456c791225f2f1f9114f4986aa09fa,e360c7bdfa08c44b979786ad31cd2c74645c98e47b8e7bf04a922e74e1f7fb1e,rlimit,1800
2026-09-27T18:41:09Z,19e19925921f112b6d318368df76697f39f4428c,a42531566e9b,7b3af3a45754,2,st,k-nucleotide,c,official,0,ok,0,,reference,4.168650,4.125784,0.033935,4.159719,0.997900,135664,259,f8c042fe770dda8f870b967605ea40ca2e353f2bdf92e89a327209dd31d445c7,3fcf4f78104c8a65ef210fe1d469f4e473456c791225f2f1f9114f4986aa09fa,e360c7bdfa08c44b979786ad31cd2c74645c98e47b8e7bf04a922e74e1f7fb1e,rlimit,1800
2026-09-27T18:41:13Z,19e19925921f112b6d318368df76697f39f4428c,a42531566e9b,7b3af3a45754,3,st,k-nucleotide,c,official,0,ok,0,,reference,4.171743,4.130209,0.032597,4.162806,0.997900,136692,259,f8c042fe770dda8f870b967605ea40ca2e353f2bdf92e89a327209dd31d445c7,3fcf4f78104c8a65ef210fe1d469f4e473456c791225f2f1f9114f4986aa09fa,e360c7bdfa08c44b979786ad31cd2c74645c98e47b8e7bf04a922e74e1f7fb1e,rlimit,1800
2026-09-27T18:41:17Z,19e19925921f112b6d318368df76697f39f4428c,a42531566e9b,7b3af3a45754,4,st,k-nucleotide,c,official,0,ok,0,,reference,4.176770,4.136319,0.032739,4.169058,0.998200,135160,259,f8c042fe770dda8f870b967605ea40ca2e353f2bdf92e89a327209dd31d445c7,3fcf4f78104c8a65ef210fe1d469f4e473456c791225f2f1f9114f4986aa09fa,e360c7bdfa08c44b979786ad31cd2c74645c98e47b8e7bf04a922e74e1f7fb1e,rlimit,1800
2026-09-27T18:41:23Z,19e19925921f112b6d318368df76697f39f4428c,a42531566e9b,c597119f336b,0,st,k-nucleotide,resid,official,0,ok,0,,ok,5.794916,5.746063,0.037526,5.783589,0.998000,271464,259,f8c042fe770dda8f870b967605ea40ca2e353f2bdf92e89a327209dd31d445c7,3fcf4f78104c8a65ef210fe1d469f4e473456c791225f2f1f9114f4986aa09fa,ee7703f97fdc3580e95fdcc3a7622691f631d1d711b52b09db8ddd910be9595d,rlimit,1800
2026-09-27T18:41:28Z,19e19925921f112b6d318368df76697f39f4428c,a42531566e9b,c597119f336b,1,st,k-nucleotide,resid,official,0,ok,0,,ok,5.793179,5.742225,0.038337,5.780562,0.997800,271464,259,f8c042fe770dda8f870b967605ea40ca2e353f2bdf92e89a327209dd31d445c7,3fcf4f78104c8a65ef210fe1d469f4e473456c791225f2f1f9114f4986aa09fa,ee7703f97fdc3580e95fdcc3a7622691f631d1d711b52b09db8ddd910be9595d,rlimit,1800
2026-09-27T18:41:34Z,19e19925921f112b6d318368df76697f39f4428c,a42531566e9b,c597119f336b,2,st,k-nucleotide,resid,official,0,ok,0,,ok,5.785959,5.738555,0.035707,5.774262,0.998000,271464,259,f8c042fe770dda8f870b967605ea40ca2e353f2bdf92e89a327209dd31d445c7,3fcf4f78104c8a65ef210fe1d469f4e473456c791225f2f1f9114f4986aa09fa,ee7703f97fdc3580e95fdcc3a7622691f631d1d711b52b09db8ddd910be9595d,rlimit,1800
2026-09-27T18:41:40Z,19e19925921f112b6d318368df76697f39f4428c,a42531566e9b,c597119f336b,3,st,k-nucleotide,resid,official,0,ok,0,,ok,5.703101,5.658169,0.033749,5.691918,0.998000,271468,259,f8c042fe770dda8f870b967605ea40ca2e353f2bdf92e89a327209dd31d445c7,3fcf4f78104c8a65ef210fe1d469f4e473456c791225f2f1f9114f4986aa09fa,ee7703f97fdc3580e95fdcc3a7622691f631d1d711b52b09db8ddd910be9595d,rlimit,1800
2026-09-27T18:41:46Z,19e19925921f112b6d318368df76697f39f4428c,a42531566e9b,c597119f336b,4,st,k-nucleotide,resid,official,0,ok,0,,ok,5.809181,5.763812,0.033622,5.797434,0.998000,271464,259,f8c042fe770dda8f870b967605ea40ca2e353f2bdf92e89a327209dd31d445c7,3fcf4f78104c8a65ef210fe1d469f4e473456c791225f2f1f9114f4986aa09fa,ee7703f97fdc3580e95fdcc3a7622691f631d1d711b52b09db8ddd910be9595d,rlimit,1800
2026-09-27T18:41:51Z,19e19925921f112b6d318368df76697f39f4428c,a42531566e9b,283421165605,0,st,k-nucleotide,cpp,official,0,ok,0,,ok,4.879593,4.833633,0.035468,4.869101,0.997800,132332,259,f8c042fe770dda8f870b967605ea40ca2e353f2bdf92e89a327209dd31d445c7,3fcf4f78104c8a65ef210fe1d469f4e473456c791225f2f1f9114f4986aa09fa,146f8b0849905a13a963ac58d567568f0bceb3d936effabd44c9bfb0344124ff,rlimit,1800
2026-09-27T18:41:56Z,19e19925921f112b6d318368df76697f39f4428c,a42531566e9b,283421165605,1,st,k-nucleotide,cpp,official,0,ok,0,,ok,4.884582,4.838391,0.035685,4.874076,0.997800,131864,259,f8c042fe770dda8f870b967605ea40ca2e353f2bdf92e89a327209dd31d445c7,3fcf4f78104c8a65ef210fe1d469f4e473456c791225f2f1f9114f4986aa09fa,146f8b0849905a13a963ac58d567568f0bceb3d936effabd44c9bfb0344124ff,rlimit,1800
2026-09-27T18:42:00Z,19e19925921f112b6d318368df76697f39f4428c,a42531566e9b,283421165605,2,st,k-nucleotide,cpp,official,0,ok,0,,ok,4.862321,4.820809,0.029207,4.850016,0.997500,132036,259,f8c042fe770dda8f870b967605ea40ca2e353f2bdf92e89a327209dd31d445c7,3fcf4f78104c8a65ef210fe1d469f4e473456c791225f2f1f9114f4986aa09fa,146f8b0849905a13a963ac58d567568f0bceb3d936effabd44c9bfb0344124ff,rlimit,1800
2026-09-27T18:42:05Z,19e19925921f112b6d318368df76697f39f4428c,a42531566e9b,283421165605,3,st,k-nucleotide,cpp,official,0,ok,0,,ok,4.853084,4.819329,0.023571,4.842900,0.997900,132040,259,f8c042fe770dda8f870b967605ea40ca2e353f2bdf92e89a327209dd31d445c7,3fcf4f78104c8a65ef210fe1d469f4e473456c791225f2f1f9114f4986aa09fa,146f8b0849905a13a963ac58d567568f0bceb3d936effabd44c9bfb0344124ff,rlimit,1800
2026-09-27T18:42:10Z,19e19925921f112b6d318368df76697f39f4428c,a42531566e9b,283421165605,4,st,k-nucleotide,cpp,official,0,ok,0,,ok,4.842105,4.800662,0.031585,4.832247,0.998000,132032,259,f8c042fe770dda8f870b967605ea40ca2e353f2bdf92e89a327209dd31d445c7,3fcf4f78104c8a65ef210fe1d469f4e473456c791225f2f1f9114f4986aa09fa,146f8b0849905a13a963ac58d567568f0bceb3d936effabd44c9bfb0344124ff,rlimit,1800
2026-09-27T18:42:21Z,19e19925921f112b6d318368df76697f39f4428c,a42531566e9b,f2228fdc98b0,0,st,k-nucleotide,rust,official,0,ok,0,,ok,10.911021,10.852381,0.039640,10.892021,0.998300,137528,259,f8c042fe770dda8f870b967605ea40ca2e353f2bdf92e89a327209dd31d445c7,3fcf4f78104c8a65ef210fe1d469f4e473456c791225f2f1f9114f4986aa09fa,ba42d83f9afc04758826cbc3439028a6ce4707e0e1d1bbbe1b060bd26b5b0430,rlimit,1800
2026-09-27T18:42:32Z,19e19925921f112b6d318368df76697f39f4428c,a42531566e9b,f2228fdc98b0,1,st,k-nucleotide,rust,official,0,ok,0,,ok,10.989487,10.936328,0.032902,10.969230,0.998200,139112,259,f8c042fe770dda8f870b967605ea40ca2e353f2bdf92e89a327209dd31d445c7,3fcf4f78104c8a65ef210fe1d469f4e473456c791225f2f1f9114f4986aa09fa,ba42d83f9afc04758826cbc3439028a6ce4707e0e1d1bbbe1b060bd26b5b0430,rlimit,1800
2026-09-27T18:42:43Z,19e19925921f112b6d318368df76697f39f4428c,a42531566e9b,f2228fdc98b0,2,st,k-nucleotide,rust,official,0,ok,0,,ok,10.863877,10.811860,0.031876,10.843736,0.998100,137912,259,f8c042fe770dda8f870b967605ea40ca2e353f2bdf92e89a327209dd31d445c7,3fcf4f78104c8a65ef210fe1d469f4e473456c791225f2f1f9114f4986aa09fa,ba42d83f9afc04758826cbc3439028a6ce4707e0e1d1bbbe1b060bd26b5b0430,rlimit,1800
2026-09-27T18:42:54Z,19e19925921f112b6d318368df76697f39f4428c,a42531566e9b,f2228fdc98b0,3,st,k-nucleotide,rust,official,0,ok,0,,ok,10.892892,10.841375,0.031560,10.872935,0.998200,137876,259,f8c042fe770dda8f870b967605ea40ca2e353f2bdf92e89a327209dd31d445c7,3fcf4f78104c8a65ef210fe1d469f4e473456c791225f2f1f9114f4986aa09fa,ba42d83f9afc04758826cbc3439028a6ce4707e0e1d1bbbe1b060bd26b5b0430,rlimit,1800
2026-09-27T18:43:05Z,19e19925921f112b6d318368df76697f39f4428c,a42531566e9b,f2228fdc98b0,4,st,k-nucleotide,rust,official,0,ok,0,,ok,10.926858,10.874953,0.029314,10.904267,0.997900,139064,259,f8c042fe770dda8f870b967605ea40ca2e353f2bdf92e89a327209dd31d445c7,3fcf4f78104c8a65ef210fe1d469f4e473456c791225f2f1f9114f4986aa09fa,ba42d83f9afc04758826cbc3439028a6ce4707e0e1d1bbbe1b060bd26b5b0430,rlimit,1800
2026-09-27T18:43:27Z,19e19925921f112b6d318368df76697f39f4428c,a42531566e9b,ace7b2174337,0,st,k-nucleotide,go,official,0,ok,0,,ok,22.450907,22.353055,0.050453,22.403508,0.997900,352432,259,f8c042fe770dda8f870b967605ea40ca2e353f2bdf92e89a327209dd31d445c7,3fcf4f78104c8a65ef210fe1d469f4e473456c791225f2f1f9114f4986aa09fa,5a6be316aa05da98524352daa77a17e246c208c58cda165809cebd681688723a,rlimit,1800
2026-09-27T18:43:49Z,19e19925921f112b6d318368df76697f39f4428c,a42531566e9b,ace7b2174337,1,st,k-nucleotide,go,official,0,ok,0,,ok,22.280843,22.167117,0.066743,22.233860,0.997900,376652,259,f8c042fe770dda8f870b967605ea40ca2e353f2bdf92e89a327209dd31d445c7,3fcf4f78104c8a65ef210fe1d469f4e473456c791225f2f1f9114f4986aa09fa,5a6be316aa05da98524352daa77a17e246c208c58cda165809cebd681688723a,rlimit,1800
2026-09-27T18:44:12Z,19e19925921f112b6d318368df76697f39f4428c,a42531566e9b,ace7b2174337,2,st,k-nucleotide,go,official,0,ok,0,,ok,22.326771,22.222009,0.055450,22.277459,0.997800,376680,259,f8c042fe770dda8f870b967605ea40ca2e353f2bdf92e89a327209dd31d445c7,3fcf4f78104c8a65ef210fe1d469f4e473456c791225f2f1f9114f4986aa09fa,5a6be316aa05da98524352daa77a17e246c208c58cda165809cebd681688723a,rlimit,1800
2026-09-27T18:44:34Z,19e19925921f112b6d318368df76697f39f4428c,a42531566e9b,ace7b2174337,3,st,k-nucleotide,go,official,0,ok,0,,ok,22.446317,22.355291,0.044143,22.399434,0.997900,374672,259,f8c042fe770dda8f870b967605ea40ca2e353f2bdf92e89a327209dd31d445c7,3fcf4f78104c8a65ef210fe1d469f4e473456c791225f2f1f9114f4986aa09fa,5a6be316aa05da98524352daa77a17e246c208c58cda165809cebd681688723a,rlimit,1800
2026-09-27T18:44:57Z,19e19925921f112b6d318368df76697f39f4428c,a42531566e9b,ace7b2174337,4,st,k-nucleotide,go,official,0,ok,0,,ok,22.394241,22.299274,0.049081,22.348355,0.998000,376884,259,f8c042fe770dda8f870b967605ea40ca2e353f2bdf92e89a327209dd31d445c7,3fcf4f78104c8a65ef210fe1d469f4e473456c791225f2f1f9114f4986aa09fa,5a6be316aa05da98524352daa77a17e246c208c58cda165809cebd681688723a,rlimit,1800
2026-09-27T18:45:44Z,19e19925921f112b6d318368df76697f39f4428c,a42531566e9b,0f8dc5f98cdf,0,st,k-nucleotide,java,official,0,ok,0,,ok,47.183064,46.975504,0.098264,47.073768,0.997700,846348,259,f8c042fe770dda8f870b967605ea40ca2e353f2bdf92e89a327209dd31d445c7,3fcf4f78104c8a65ef210fe1d469f4e473456c791225f2f1f9114f4986aa09fa,dd6e77ecfb1002a7470edcabd9c2aefef29cf813435d119596d7077ee7f73fce,poll,1800
2026-09-27T18:46:33Z,19e19925921f112b6d318368df76697f39f4428c,a42531566e9b,0f8dc5f98cdf,1,st,k-nucleotide,java,official,0,ok,0,,ok,49.199865,48.965588,0.100624,49.066212,0.997300,846584,259,f8c042fe770dda8f870b967605ea40ca2e353f2bdf92e89a327209dd31d445c7,3fcf4f78104c8a65ef210fe1d469f4e473456c791225f2f1f9114f4986aa09fa,dd6e77ecfb1002a7470edcabd9c2aefef29cf813435d119596d7077ee7f73fce,poll,1800
2026-09-27T18:47:20Z,19e19925921f112b6d318368df76697f39f4428c,a42531566e9b,0f8dc5f98cdf,2,st,k-nucleotide,java,official,0,ok,0,,ok,46.903590,46.714428,0.080175,46.794603,0.997700,846456,259,f8c042fe770dda8f870b967605ea40ca2e353f2bdf92e89a327209dd31d445c7,3fcf4f78104c8a65ef210fe1d469f4e473456c791225f2f1f9114f4986aa09fa,dd6e77ecfb1002a7470edcabd9c2aefef29cf813435d119596d7077ee7f73fce,poll,1800
2026-09-27T18:48:07Z,19e19925921f112b6d318368df76697f39f4428c,a42531566e9b,0f8dc5f98cdf,3,st,k-nucleotide,java,official,0,ok,0,,ok,47.116017,46.907090,0.093274,47.000364,0.997500,846504,259,f8c042fe770dda8f870b967605ea40ca2e353f2bdf92e89a327209dd31d445c7,3fcf4f78104c8a65ef210fe1d469f4e473456c791225f2f1f9114f4986aa09fa,dd6e77ecfb1002a7470edcabd9c2aefef29cf813435d119596d7077ee7f73fce,poll,1800
2026-09-27T18:48:53Z,19e19925921f112b6d318368df76697f39f4428c,a42531566e9b,0f8dc5f98cdf,4,st,k-nucleotide,java,official,0,ok,0,,ok,46.394524,46.187466,0.090733,46.278199,0.997500,846204,259,f8c042fe770dda8f870b967605ea40ca2e353f2bdf92e89a327209dd31d445c7,3fcf4f78104c8a65ef210fe1d469f4e473456c791225f2f1f9114f4986aa09fa,dd6e77ecfb1002a7470edcabd9c2aefef29cf813435d119596d7077ee7f73fce,poll,1800
2026-09-27T18:49:11Z,19e19925921f112b6d318368df76697f39f4428c,a42531566e9b,b90acb70b4c3,0,st,k-nucleotide,csharp,official,0,ok,0,,ok,17.560493,17.308871,0.151034,17.459905,0.994300,774828,259,f8c042fe770dda8f870b967605ea40ca2e353f2bdf92e89a327209dd31d445c7,3fcf4f78104c8a65ef210fe1d469f4e473456c791225f2f1f9114f4986aa09fa,547dc10847c30fd3fafa4af64019a33af206151924ada2e73746598d696a907b,poll,1800
2026-09-27T18:49:28Z,19e19925921f112b6d318368df76697f39f4428c,a42531566e9b,b90acb70b4c3,1,st,k-nucleotide,csharp,official,0,ok,0,,ok,17.467785,17.218247,0.195849,17.414096,0.996900,774920,259,f8c042fe770dda8f870b967605ea40ca2e353f2bdf92e89a327209dd31d445c7,3fcf4f78104c8a65ef210fe1d469f4e473456c791225f2f1f9114f4986aa09fa,547dc10847c30fd3fafa4af64019a33af206151924ada2e73746598d696a907b,poll,1800
2026-09-27T18:49:46Z,19e19925921f112b6d318368df76697f39f4428c,a42531566e9b,b90acb70b4c3,2,st,k-nucleotide,csharp,official,0,ok,0,,ok,17.561178,17.328910,0.176170,17.505080,0.996800,774676,259,f8c042fe770dda8f870b967605ea40ca2e353f2bdf92e89a327209dd31d445c7,3fcf4f78104c8a65ef210fe1d469f4e473456c791225f2f1f9114f4986aa09fa,547dc10847c30fd3fafa4af64019a33af206151924ada2e73746598d696a907b,poll,1800
2026-09-27T18:50:04Z,19e19925921f112b6d318368df76697f39f4428c,a42531566e9b,b90acb70b4c3,3,st,k-nucleotide,csharp,official,0,ok,0,,ok,17.567803,17.322611,0.184927,17.507538,0.996600,774712,259,f8c042fe770dda8f870b967605ea40ca2e353f2bdf92e89a327209dd31d445c7,3fcf4f78104c8a65ef210fe1d469f4e473456c791225f2f1f9114f4986aa09fa,547dc10847c30fd3fafa4af64019a33af206151924ada2e73746598d696a907b,poll,1800
2026-09-27T18:50:21Z,19e19925921f112b6d318368df76697f39f4428c,a42531566e9b,b90acb70b4c3,4,st,k-nucleotide,csharp,official,0,ok,0,,ok,17.607224,17.391130,0.159400,17.550530,0.996800,774708,259,f8c042fe770dda8f870b967605ea40ca2e353f2bdf92e89a327209dd31d445c7,3fcf4f78104c8a65ef210fe1d469f4e473456c791225f2f1f9114f4986aa09fa,547dc10847c30fd3fafa4af64019a33af206151924ada2e73746598d696a907b,poll,1800
2026-09-27T18:51:12Z,19e19925921f112b6d318368df76697f39f4428c,a42531566e9b,b5de9f348f51,0,st,k-nucleotide,javascript,official,0,ok,0,,ok,50.875976,50.654401,0.113917,50.768318,0.997900,724448,259,f8c042fe770dda8f870b967605ea40ca2e353f2bdf92e89a327209dd31d445c7,3fcf4f78104c8a65ef210fe1d469f4e473456c791225f2f1f9114f4986aa09fa,850dc861c33d2d933eaf909090dc488d6f34e6838b6954b2a63b8f0761d24682,poll,1800
2026-09-27T18:52:01Z,19e19925921f112b6d318368df76697f39f4428c,a42531566e9b,b5de9f348f51,1,st,k-nucleotide,javascript,official,0,ok,0,,ok,49.252819,49.018921,0.130085,49.149006,0.997900,724452,259,f8c042fe770dda8f870b967605ea40ca2e353f2bdf92e89a327209dd31d445c7,3fcf4f78104c8a65ef210fe1d469f4e473456c791225f2f1f9114f4986aa09fa,850dc861c33d2d933eaf909090dc488d6f34e6838b6954b2a63b8f0761d24682,poll,1800
2026-09-27T18:52:51Z,19e19925921f112b6d318368df76697f39f4428c,a42531566e9b,b5de9f348f51,2,st,k-nucleotide,javascript,official,0,ok,0,,ok,49.187040,48.964124,0.124115,49.088239,0.998000,732628,259,f8c042fe770dda8f870b967605ea40ca2e353f2bdf92e89a327209dd31d445c7,3fcf4f78104c8a65ef210fe1d469f4e473456c791225f2f1f9114f4986aa09fa,850dc861c33d2d933eaf909090dc488d6f34e6838b6954b2a63b8f0761d24682,poll,1800
2026-09-27T18:53:41Z,19e19925921f112b6d318368df76697f39f4428c,a42531566e9b,b5de9f348f51,3,st,k-nucleotide,javascript,official,0,ok,0,,ok,50.674493,50.455155,0.113580,50.568735,0.997900,724332,259,f8c042fe770dda8f870b967605ea40ca2e353f2bdf92e89a327209dd31d445c7,3fcf4f78104c8a65ef210fe1d469f4e473456c791225f2f1f9114f4986aa09fa,850dc861c33d2d933eaf909090dc488d6f34e6838b6954b2a63b8f0761d24682,poll,1800
2026-09-27T18:54:31Z,19e19925921f112b6d318368df76697f39f4428c,a42531566e9b,b5de9f348f51,4,st,k-nucleotide,javascript,official,0,ok,0,,ok,49.488414,49.283743,0.109038,49.392781,0.998100,724440,259,f8c042fe770dda8f870b967605ea40ca2e353f2bdf92e89a327209dd31d445c7,3fcf4f78104c8a65ef210fe1d469f4e473456c791225f2f1f9114f4986aa09fa,850dc861c33d2d933eaf909090dc488d6f34e6838b6954b2a63b8f0761d24682,poll,1800
2026-09-27T18:55:48Z,19e19925921f112b6d318368df76697f39f4428c,a42531566e9b,1a3bfa51c14d,0,st,k-nucleotide,python,official,0,ok,0,,ok,76.805579,76.591429,0.077519,76.668948,0.998200,504704,259,f8c042fe770dda8f870b967605ea40ca2e353f2bdf92e89a327209dd31d445c7,3fcf4f78104c8a65ef210fe1d469f4e473456c791225f2f1f9114f4986aa09fa,7ffc032b2662d0201dc2c94bf8a883946d8f26e220115f88d4a6f44ff283634e,rlimit,1800
2026-09-27T18:57:04Z,19e19925921f112b6d318368df76697f39f4428c,a42531566e9b,1a3bfa51c14d,1,st,k-nucleotide,python,official,0,ok,0,,ok,76.236395,76.003243,0.084541,76.087784,0.998100,504700,259,f8c042fe770dda8f870b967605ea40ca2e353f2bdf92e89a327209dd31d445c7,3fcf4f78104c8a65ef210fe1d469f4e473456c791225f2f1f9114f4986aa09fa,7ffc032b2662d0201dc2c94bf8a883946d8f26e220115f88d4a6f44ff283634e,rlimit,1800
2026-09-27T18:58:21Z,19e19925921f112b6d318368df76697f39f4428c,a42531566e9b,1a3bfa51c14d,2,st,k-nucleotide,python,official,0,ok,0,,ok,77.028173,76.791438,0.085879,76.877317,0.998000,504700,259,f8c042fe770dda8f870b967605ea40ca2e353f2bdf92e89a327209dd31d445c7,3fcf4f78104c8a65ef210fe1d469f4e473456c791225f2f1f9114f4986aa09fa,7ffc032b2662d0201dc2c94bf8a883946d8f26e220115f88d4a6f44ff283634e,rlimit,1800
2026-09-27T18:58:24Z,19e19925921f112b6d318368df76697f39f4428c,a42531566e9b,50b06da200e0,0,st,k-nucleotide,fortran,official,0,ok,0,,ok,3.494768,3.439377,0.048351,3.487728,0.998000,376712,259,f8c042fe770dda8f870b967605ea40ca2e353f2bdf92e89a327209dd31d445c7,3fcf4f78104c8a65ef210fe1d469f4e473456c791225f2f1f9114f4986aa09fa,51ba0c8655ad281f78939a431d80df2ee46c37298ca177eab644bbaac7105fdd,rlimit,1800
2026-09-27T18:58:28Z,19e19925921f112b6d318368df76697f39f4428c,a42531566e9b,50b06da200e0,1,st,k-nucleotide,fortran,official,0,ok,0,,ok,3.480219,3.417611,0.055755,3.473366,0.998000,375692,259,f8c042fe770dda8f870b967605ea40ca2e353f2bdf92e89a327209dd31d445c7,3fcf4f78104c8a65ef210fe1d469f4e473456c791225f2f1f9114f4986aa09fa,51ba0c8655ad281f78939a431d80df2ee46c37298ca177eab644bbaac7105fdd,rlimit,1800
2026-09-27T18:58:31Z,19e19925921f112b6d318368df76697f39f4428c,a42531566e9b,50b06da200e0,2,st,k-nucleotide,fortran,official,0,ok,0,,ok,3.506089,3.452616,0.045712,3.498328,0.997800,375684,259,f8c042fe770dda8f870b967605ea40ca2e353f2bdf92e89a327209dd31d445c7,3fcf4f78104c8a65ef210fe1d469f4e473456c791225f2f1f9114f4986aa09fa,51ba0c8655ad281f78939a431d80df2ee46c37298ca177eab644bbaac7105fdd,rlimit,1800
2026-09-27T18:58:35Z,19e19925921f112b6d318368df76697f39f4428c,a42531566e9b,50b06da200e0,3,st,k-nucleotide,fortran,official,0,ok,0,,ok,3.469461,3.409137,0.053334,3.462471,0.998000,375692,259,f8c042fe770dda8f870b967605ea40ca2e353f2bdf92e89a327209dd31d445c7,3fcf4f78104c8a65ef210fe1d469f4e473456c791225f2f1f9114f4986aa09fa,51ba0c8655ad281f78939a431d80df2ee46c37298ca177eab644bbaac7105fdd,rlimit,1800
2026-09-27T18:58:38Z,19e19925921f112b6d318368df76697f39f4428c,a42531566e9b,50b06da200e0,4,st,k-nucleotide,fortran,official,0,ok,0,,ok,3.472790,3.419222,0.046783,3.466005,0.998000,376700,259,f8c042fe770dda8f870b967605ea40ca2e353f2bdf92e89a327209dd31d445c7,3fcf4f78104c8a65ef210fe1d469f4e473456c791225f2f1f9114f4986aa09fa,51ba0c8655ad281f78939a431d80df2ee46c37298ca177eab644bbaac7105fdd,rlimit,1800
2026-09-27T18:58:53Z,19e19925921f112b6d318368df76697f39f4428c,a42531566e9b,121e92c851fb,0,st,k-nucleotide,pascal,official,0,ok,0,,ok,14.901223,14.830146,0.043975,14.874121,0.998200,142528,259,f8c042fe770dda8f870b967605ea40ca2e353f2bdf92e89a327209dd31d445c7,3fcf4f78104c8a65ef210fe1d469f4e473456c791225f2f1f9114f4986aa09fa,64d8bd71281f2551a72fdfe9abf79d1ce636132824aa06444ece1a98c321ee3f,rlimit,1800
2026-09-27T18:59:08Z,19e19925921f112b6d318368df76697f39f4428c,a42531566e9b,121e92c851fb,1,st,k-nucleotide,pascal,official,0,ok,0,,ok,14.881499,14.794876,0.059001,14.853877,0.998100,142552,259,f8c042fe770dda8f870b967605ea40ca2e353f2bdf92e89a327209dd31d445c7,3fcf4f78104c8a65ef210fe1d469f4e473456c791225f2f1f9114f4986aa09fa,64d8bd71281f2551a72fdfe9abf79d1ce636132824aa06444ece1a98c321ee3f,rlimit,1800
2026-09-27T18:59:23Z,19e19925921f112b6d318368df76697f39f4428c,a42531566e9b,121e92c851fb,2,st,k-nucleotide,pascal,official,0,ok,0,,ok,14.866422,14.792841,0.045945,14.838786,0.998100,142484,259,f8c042fe770dda8f870b967605ea40ca2e353f2bdf92e89a327209dd31d445c7,3fcf4f78104c8a65ef210fe1d469f4e473456c791225f2f1f9114f4986aa09fa,64d8bd71281f2551a72fdfe9abf79d1ce636132824aa06444ece1a98c321ee3f,rlimit,1800
2026-09-27T18:59:38Z,19e19925921f112b6d318368df76697f39f4428c,a42531566e9b,121e92c851fb,3,st,k-nucleotide,pascal,official,0,ok,0,,ok,14.890188,14.812428,0.047587,14.860015,0.998000,142592,259,f8c042fe770dda8f870b967605ea40ca2e353f2bdf92e89a327209dd31d445c7,3fcf4f78104c8a65ef210fe1d469f4e473456c791225f2f1f9114f4986aa09fa,64d8bd71281f2551a72fdfe9abf79d1ce636132824aa06444ece1a98c321ee3f,rlimit,1800
2026-09-27T18:59:53Z,19e19925921f112b6d318368df76697f39f4428c,a42531566e9b,121e92c851fb,4,st,k-nucleotide,pascal,official,0,ok,0,,ok,14.885496,14.815055,0.038257,14.853312,0.997800,142496,259,f8c042fe770dda8f870b967605ea40ca2e353f2bdf92e89a327209dd31d445c7,3fcf4f78104c8a65ef210fe1d469f4e473456c791225f2f1f9114f4986aa09fa,64d8bd71281f2551a72fdfe9abf79d1ce636132824aa06444ece1a98c321ee3f,rlimit,1800
2026-09-27T18:59:55Z,19e19925921f112b6d318368df76697f39f4428c,a42531566e9b,e36cc86d1905,0,best,k-nucleotide,resid,official,0,ok,0,,ok,1.967387,8.378848,0.035840,8.414688,4.277100,290448,259,f8c042fe770dda8f870b967605ea40ca2e353f2bdf92e89a327209dd31d445c7,3fcf4f78104c8a65ef210fe1d469f4e473456c791225f2f1f9114f4986aa09fa,e3525074b476fd18dd838bb649f571b37190e1df50f935ec73ce6b727136ee52,rlimit,1800
2026-09-27T18:59:57Z,19e19925921f112b6d318368df76697f39f4428c,a42531566e9b,e36cc86d1905,1,best,k-nucleotide,resid,official,0,ok,0,,ok,2.140847,9.229933,0.033838,9.263771,4.327200,290448,259,f8c042fe770dda8f870b967605ea40ca2e353f2bdf92e89a327209dd31d445c7,3fcf4f78104c8a65ef210fe1d469f4e473456c791225f2f1f9114f4986aa09fa,e3525074b476fd18dd838bb649f571b37190e1df50f935ec73ce6b727136ee52,rlimit,1800
2026-09-27T18:59:59Z,19e19925921f112b6d318368df76697f39f4428c,a42531566e9b,e36cc86d1905,2,best,k-nucleotide,resid,official,0,ok,0,,ok,2.037603,8.736087,0.041826,8.777913,4.308000,290452,259,f8c042fe770dda8f870b967605ea40ca2e353f2bdf92e89a327209dd31d445c7,3fcf4f78104c8a65ef210fe1d469f4e473456c791225f2f1f9114f4986aa09fa,e3525074b476fd18dd838bb649f571b37190e1df50f935ec73ce6b727136ee52,rlimit,1800
2026-09-27T19:00:01Z,19e19925921f112b6d318368df76697f39f4428c,a42531566e9b,e36cc86d1905,3,best,k-nucleotide,resid,official,0,ok,0,,ok,2.077413,8.961962,0.042819,9.004781,4.334600,290448,259,f8c042fe770dda8f870b967605ea40ca2e353f2bdf92e89a327209dd31d445c7,3fcf4f78104c8a65ef210fe1d469f4e473456c791225f2f1f9114f4986aa09fa,e3525074b476fd18dd838bb649f571b37190e1df50f935ec73ce6b727136ee52,rlimit,1800
2026-09-27T19:00:03Z,19e19925921f112b6d318368df76697f39f4428c,a42531566e9b,e36cc86d1905,4,best,k-nucleotide,resid,official,0,ok,0,,ok,2.189859,8.964328,0.040539,9.004867,4.112100,290452,259,f8c042fe770dda8f870b967605ea40ca2e353f2bdf92e89a327209dd31d445c7,3fcf4f78104c8a65ef210fe1d469f4e473456c791225f2f1f9114f4986aa09fa,e3525074b476fd18dd838bb649f571b37190e1df50f935ec73ce6b727136ee52,rlimit,1800
2026-09-27T19:00:04Z,19e19925921f112b6d318368df76697f39f4428c,a42531566e9b,4bf3a9c6d31c,0,best,k-nucleotide,c,official,0,ok,0,,ok,1.088757,3.472787,0.026978,3.499765,3.214500,130644,259,f8c042fe770dda8f870b967605ea40ca2e353f2bdf92e89a327209dd31d445c7,3fcf4f78104c8a65ef210fe1d469f4e473456c791225f2f1f9114f4986aa09fa,582afbe19e20672b47b215aea32b8ca3404fdb706749ceb4f49f810446bd47de,rlimit,1800
2026-09-27T19:00:05Z,19e19925921f112b6d318368df76697f39f4428c,a42531566e9b,4bf3a9c6d31c,1,best,k-nucleotide,c,official,0,ok,0,,ok,1.067377,3.576514,0.043636,3.620150,3.391600,130644,259,f8c042fe770dda8f870b967605ea40ca2e353f2bdf92e89a327209dd31d445c7,3fcf4f78104c8a65ef210fe1d469f4e473456c791225f2f1f9114f4986aa09fa,582afbe19e20672b47b215aea32b8ca3404fdb706749ceb4f49f810446bd47de,rlimit,1800
2026-09-27T19:00:06Z,19e19925921f112b6d318368df76697f39f4428c,a42531566e9b,4bf3a9c6d31c,2,best,k-nucleotide,c,official,0,ok,0,,ok,1.077433,3.655193,0.019831,3.675024,3.410900,130824,259,f8c042fe770dda8f870b967605ea40ca2e353f2bdf92e89a327209dd31d445c7,3fcf4f78104c8a65ef210fe1d469f4e473456c791225f2f1f9114f4986aa09fa,582afbe19e20672b47b215aea32b8ca3404fdb706749ceb4f49f810446bd47de,rlimit,1800
2026-09-27T19:00:07Z,19e19925921f112b6d318368df76697f39f4428c,a42531566e9b,4bf3a9c6d31c,3,best,k-nucleotide,c,official,0,ok,0,,ok,1.097030,3.574044,0.020952,3.594996,3.277000,130788,259,f8c042fe770dda8f870b967605ea40ca2e353f2bdf92e89a327209dd31d445c7,3fcf4f78104c8a65ef210fe1d469f4e473456c791225f2f1f9114f4986aa09fa,582afbe19e20672b47b215aea32b8ca3404fdb706749ceb4f49f810446bd47de,rlimit,1800
2026-09-27T19:00:08Z,19e19925921f112b6d318368df76697f39f4428c,a42531566e9b,4bf3a9c6d31c,4,best,k-nucleotide,c,official,0,ok,0,,ok,1.040173,3.621810,0.025021,3.646831,3.506000,130528,259,f8c042fe770dda8f870b967605ea40ca2e353f2bdf92e89a327209dd31d445c7,3fcf4f78104c8a65ef210fe1d469f4e473456c791225f2f1f9114f4986aa09fa,582afbe19e20672b47b215aea32b8ca3404fdb706749ceb4f49f810446bd47de,rlimit,1800
2026-09-27T19:00:09Z,19e19925921f112b6d318368df76697f39f4428c,a42531566e9b,cde393d0bcb3,0,best,k-nucleotide,cpp,official,0,ok,0,,ok,0.595258,1.767251,0.040952,1.808203,3.037700,156788,259,f8c042fe770dda8f870b967605ea40ca2e353f2bdf92e89a327209dd31d445c7,3fcf4f78104c8a65ef210fe1d469f4e473456c791225f2f1f9114f4986aa09fa,e039e7e9f4e57e1b8a21fef17a5baa851a70655cabe2e34d994e41d46760cbd3,rlimit,1800
2026-09-27T19:00:10Z,19e19925921f112b6d318368df76697f39f4428c,a42531566e9b,cde393d0bcb3,1,best,k-nucleotide,cpp,official,0,ok,0,,ok,0.592581,1.758362,0.043939,1.802301,3.041400,156236,259,f8c042fe770dda8f870b967605ea40ca2e353f2bdf92e89a327209dd31d445c7,3fcf4f78104c8a65ef210fe1d469f4e473456c791225f2f1f9114f4986aa09fa,e039e7e9f4e57e1b8a21fef17a5baa851a70655cabe2e34d994e41d46760cbd3,rlimit,1800
2026-09-27T19:00:10Z,19e19925921f112b6d318368df76697f39f4428c,a42531566e9b,cde393d0bcb3,2,best,k-nucleotide,cpp,official,0,ok,0,,ok,0.618270,1.762845,0.045896,1.808741,2.925500,157080,259,f8c042fe770dda8f870b967605ea40ca2e353f2bdf92e89a327209dd31d445c7,3fcf4f78104c8a65ef210fe1d469f4e473456c791225f2f1f9114f4986aa09fa,e039e7e9f4e57e1b8a21fef17a5baa851a70655cabe2e34d994e41d46760cbd3,rlimit,1800
2026-09-27T19:00:11Z,19e19925921f112b6d318368df76697f39f4428c,a42531566e9b,cde393d0bcb3,3,best,k-nucleotide,cpp,official,0,ok,0,,ok,0.588865,1.743018,0.042920,1.785938,3.032800,156540,259,f8c042fe770dda8f870b967605ea40ca2e353f2bdf92e89a327209dd31d445c7,3fcf4f78104c8a65ef210fe1d469f4e473456c791225f2f1f9114f4986aa09fa,e039e7e9f4e57e1b8a21fef17a5baa851a70655cabe2e34d994e41d46760cbd3,rlimit,1800
2026-09-27T19:00:11Z,19e19925921f112b6d318368df76697f39f4428c,a42531566e9b,cde393d0bcb3,4,best,k-nucleotide,cpp,official,0,ok,0,,ok,0.596040,1.764764,0.038906,1.803670,3.026100,156604,259,f8c042fe770dda8f870b967605ea40ca2e353f2bdf92e89a327209dd31d445c7,3fcf4f78104c8a65ef210fe1d469f4e473456c791225f2f1f9114f4986aa09fa,e039e7e9f4e57e1b8a21fef17a5baa851a70655cabe2e34d994e41d46760cbd3,rlimit,1800
2026-09-27T19:00:12Z,19e19925921f112b6d318368df76697f39f4428c,a42531566e9b,3e9391bd6a1d,0,best,k-nucleotide,rust,official,0,ok,0,,ok,0.786189,2.631803,0.037781,2.669584,3.395600,134060,259,f8c042fe770dda8f870b967605ea40ca2e353f2bdf92e89a327209dd31d445c7,3fcf4f78104c8a65ef210fe1d469f4e473456c791225f2f1f9114f4986aa09fa,3c960f3ac2d80704919bd1e00986ce6220e74d10aea8dc9fef5aee81d12de7a2,rlimit,1800
2026-09-27T19:00:13Z,19e19925921f112b6d318368df76697f39f4428c,a42531566e9b,3e9391bd6a1d,1,best,k-nucleotide,rust,official,0,ok,0,,ok,0.531596,2.181071,0.040746,2.221817,4.179500,133632,259,f8c042fe770dda8f870b967605ea40ca2e353f2bdf92e89a327209dd31d445c7,3fcf4f78104c8a65ef210fe1d469f4e473456c791225f2f1f9114f4986aa09fa,3c960f3ac2d80704919bd1e00986ce6220e74d10aea8dc9fef5aee81d12de7a2,rlimit,1800
2026-09-27T19:00:14Z,19e19925921f112b6d318368df76697f39f4428c,a42531566e9b,3e9391bd6a1d,2,best,k-nucleotide,rust,official,0,ok,0,,ok,1.010888,2.868779,0.027559,2.896338,2.865100,135512,259,f8c042fe770dda8f870b967605ea40ca2e353f2bdf92e89a327209dd31d445c7,3fcf4f78104c8a65ef210fe1d469f4e473456c791225f2f1f9114f4986aa09fa,3c960f3ac2d80704919bd1e00986ce6220e74d10aea8dc9fef5aee81d12de7a2,rlimit,1800
2026-09-27T19:00:14Z,19e19925921f112b6d318368df76697f39f4428c,a42531566e9b,3e9391bd6a1d,3,best,k-nucleotide,rust,official,0,ok,0,,ok,0.530825,2.098473,0.028843,2.127316,4.007600,134548,259,f8c042fe770dda8f870b967605ea40ca2e353f2bdf92e89a327209dd31d445c7,3fcf4f78104c8a65ef210fe1d469f4e473456c791225f2f1f9114f4986aa09fa,3c960f3ac2d80704919bd1e00986ce6220e74d10aea8dc9fef5aee81d12de7a2,rlimit,1800
2026-09-27T19:00:15Z,19e19925921f112b6d318368df76697f39f4428c,a42531566e9b,3e9391bd6a1d,4,best,k-nucleotide,rust,official,0,ok,0,,ok,0.569802,2.259985,0.025815,2.285800,4.011600,134904,259,f8c042fe770dda8f870b967605ea40ca2e353f2bdf92e89a327209dd31d445c7,3fcf4f78104c8a65ef210fe1d469f4e473456c791225f2f1f9114f4986aa09fa,3c960f3ac2d80704919bd1e00986ce6220e74d10aea8dc9fef5aee81d12de7a2,rlimit,1800
2026-09-27T19:00:16Z,19e19925921f112b6d318368df76697f39f4428c,a42531566e9b,52d5310d11fb,0,best,k-nucleotide,go,official,0,ok,0,,ok,1.229225,15.603100,0.079230,15.682330,12.757900,178396,259,f8c042fe770dda8f870b967605ea40ca2e353f2bdf92e89a327209dd31d445c7,3fcf4f78104c8a65ef210fe1d469f4e473456c791225f2f1f9114f4986aa09fa,fb092460d189664fcacfe0bf66ae1f8e51bc0b393672509761008571f6757ecf,rlimit,1800
2026-09-27T19:00:17Z,19e19925921f112b6d318368df76697f39f4428c,a42531566e9b,52d5310d11fb,1,best,k-nucleotide,go,official,0,ok,0,,ok,1.243353,15.717089,0.067860,15.784949,12.695500,178468,259,f8c042fe770dda8f870b967605ea40ca2e353f2bdf92e89a327209dd31d445c7,3fcf4f78104c8a65ef210fe1d469f4e473456c791225f2f1f9114f4986aa09fa,fb092460d189664fcacfe0bf66ae1f8e51bc0b393672509761008571f6757ecf,rlimit,1800
2026-09-27T19:00:19Z,19e19925921f112b6d318368df76697f39f4428c,a42531566e9b,52d5310d11fb,2,best,k-nucleotide,go,official,0,ok,0,,ok,1.225110,15.513646,0.044381,15.558027,12.699300,178488,259,f8c042fe770dda8f870b967605ea40ca2e353f2bdf92e89a327209dd31d445c7,3fcf4f78104c8a65ef210fe1d469f4e473456c791225f2f1f9114f4986aa09fa,fb092460d189664fcacfe0bf66ae1f8e51bc0b393672509761008571f6757ecf,rlimit,1800
2026-09-27T19:00:20Z,19e19925921f112b6d318368df76697f39f4428c,a42531566e9b,52d5310d11fb,3,best,k-nucleotide,go,official,0,ok,0,,ok,1.235729,15.521509,0.044780,15.566289,12.596800,178480,259,f8c042fe770dda8f870b967605ea40ca2e353f2bdf92e89a327209dd31d445c7,3fcf4f78104c8a65ef210fe1d469f4e473456c791225f2f1f9114f4986aa09fa,fb092460d189664fcacfe0bf66ae1f8e51bc0b393672509761008571f6757ecf,rlimit,1800
2026-09-27T19:00:21Z,19e19925921f112b6d318368df76697f39f4428c,a42531566e9b,52d5310d11fb,4,best,k-nucleotide,go,official,0,ok,0,,ok,1.239134,15.633899,0.084865,15.718764,12.685300,180456,259,f8c042fe770dda8f870b967605ea40ca2e353f2bdf92e89a327209dd31d445c7,3fcf4f78104c8a65ef210fe1d469f4e473456c791225f2f1f9114f4986aa09fa,fb092460d189664fcacfe0bf66ae1f8e51bc0b393672509761008571f6757ecf,rlimit,1800
2026-09-27T19:00:22Z,19e19925921f112b6d318368df76697f39f4428c,a42531566e9b,36aa1ecacbbb,0,best,k-nucleotide,java,official,0,ok,0,,ok,1.162411,11.480359,0.066738,11.547097,9.933700,532016,259,f8c042fe770dda8f870b967605ea40ca2e353f2bdf92e89a327209dd31d445c7,3fcf4f78104c8a65ef210fe1d469f4e473456c791225f2f1f9114f4986aa09fa,2a795eca68be477a2a29d03900ff23c6524ced260b6916d0d17f620ea7fcc6e6,poll,1800
2026-09-27T19:00:24Z,19e19925921f112b6d318368df76697f39f4428c,a42531566e9b,36aa1ecacbbb,1,best,k-nucleotide,java,official,0,ok,0,,ok,1.208963,10.891954,0.096263,10.988217,9.089000,525632,259,f8c042fe770dda8f870b967605ea40ca2e353f2bdf92e89a327209dd31d445c7,3fcf4f78104c8a65ef210fe1d469f4e473456c791225f2f1f9114f4986aa09fa,2a795eca68be477a2a29d03900ff23c6524ced260b6916d0d17f620ea7fcc6e6,poll,1800
2026-09-27T19:00:25Z,19e19925921f112b6d318368df76697f39f4428c,a42531566e9b,36aa1ecacbbb,2,best,k-nucleotide,java,official,0,ok,0,,ok,1.146467,11.217025,0.074600,11.291625,9.849100,530936,259,f8c042fe770dda8f870b967605ea40ca2e353f2bdf92e89a327209dd31d445c7,3fcf4f78104c8a65ef210fe1d469f4e473456c791225f2f1f9114f4986aa09fa,2a795eca68be477a2a29d03900ff23c6524ced260b6916d0d17f620ea7fcc6e6,poll,1800
2026-09-27T19:00:26Z,19e19925921f112b6d318368df76697f39f4428c,a42531566e9b,36aa1ecacbbb,3,best,k-nucleotide,java,official,0,ok,0,,ok,1.275105,11.432606,0.070252,11.502858,9.021100,528664,259,f8c042fe770dda8f870b967605ea40ca2e353f2bdf92e89a327209dd31d445c7,3fcf4f78104c8a65ef210fe1d469f4e473456c791225f2f1f9114f4986aa09fa,2a795eca68be477a2a29d03900ff23c6524ced260b6916d0d17f620ea7fcc6e6,poll,1800
2026-09-27T19:00:27Z,19e19925921f112b6d318368df76697f39f4428c,a42531566e9b,36aa1ecacbbb,4,best,k-nucleotide,java,official,0,ok,0,,ok,1.224372,11.309669,0.068327,11.377996,9.292900,531576,259,f8c042fe770dda8f870b967605ea40ca2e353f2bdf92e89a327209dd31d445c7,3fcf4f78104c8a65ef210fe1d469f4e473456c791225f2f1f9114f4986aa09fa,2a795eca68be477a2a29d03900ff23c6524ced260b6916d0d17f620ea7fcc6e6,poll,1800
2026-09-27T19:00:29Z,19e19925921f112b6d318368df76697f39f4428c,a42531566e9b,413d5fccb2cf,0,best,k-nucleotide,csharp,official,0,ok,0,,ok,1.369448,5.177953,0.042675,5.220628,3.812200,193296,259,f8c042fe770dda8f870b967605ea40ca2e353f2bdf92e89a327209dd31d445c7,3fcf4f78104c8a65ef210fe1d469f4e473456c791225f2f1f9114f4986aa09fa,ee78df0fb52fe41e2b7a566003b87f555ad5e1fc1000cecfe8976add1af48e48,poll,1800
2026-09-27T19:00:30Z,19e19925921f112b6d318368df76697f39f4428c,a42531566e9b,413d5fccb2cf,1,best,k-nucleotide,csharp,official,0,ok,0,,ok,1.378639,5.204685,0.049749,5.254434,3.811300,193224,259,f8c042fe770dda8f870b967605ea40ca2e353f2bdf92e89a327209dd31d445c7,3fcf4f78104c8a65ef210fe1d469f4e473456c791225f2f1f9114f4986aa09fa,ee78df0fb52fe41e2b7a566003b87f555ad5e1fc1000cecfe8976add1af48e48,poll,1800
2026-09-27T19:00:31Z,19e19925921f112b6d318368df76697f39f4428c,a42531566e9b,413d5fccb2cf,2,best,k-nucleotide,csharp,official,0,ok,0,,ok,1.409543,5.390488,0.054525,5.445013,3.863000,193192,259,f8c042fe770dda8f870b967605ea40ca2e353f2bdf92e89a327209dd31d445c7,3fcf4f78104c8a65ef210fe1d469f4e473456c791225f2f1f9114f4986aa09fa,ee78df0fb52fe41e2b7a566003b87f555ad5e1fc1000cecfe8976add1af48e48,poll,1800
2026-09-27T19:00:33Z,19e19925921f112b6d318368df76697f39f4428c,a42531566e9b,413d5fccb2cf,3,best,k-nucleotide,csharp,official,0,ok,0,,ok,1.382467,5.273099,0.062249,5.335348,3.859300,193268,259,f8c042fe770dda8f870b967605ea40ca2e353f2bdf92e89a327209dd31d445c7,3fcf4f78104c8a65ef210fe1d469f4e473456c791225f2f1f9114f4986aa09fa,ee78df0fb52fe41e2b7a566003b87f555ad5e1fc1000cecfe8976add1af48e48,poll,1800
2026-09-27T19:00:34Z,19e19925921f112b6d318368df76697f39f4428c,a42531566e9b,413d5fccb2cf,4,best,k-nucleotide,csharp,official,0,ok,0,,ok,1.383118,5.154448,0.045748,5.200196,3.759800,193268,259,f8c042fe770dda8f870b967605ea40ca2e353f2bdf92e89a327209dd31d445c7,3fcf4f78104c8a65ef210fe1d469f4e473456c791225f2f1f9114f4986aa09fa,ee78df0fb52fe41e2b7a566003b87f555ad5e1fc1000cecfe8976add1af48e48,poll,1800
2026-09-27T19:00:41Z,19e19925921f112b6d318368df76697f39f4428c,a42531566e9b,da61a698594d,0,best,k-nucleotide,javascript,official,0,ok,0,,ok,6.479204,20.347144,0.099852,20.446996,3.155800,458156,259,f8c042fe770dda8f870b967605ea40ca2e353f2bdf92e89a327209dd31d445c7,3fcf4f78104c8a65ef210fe1d469f4e473456c791225f2f1f9114f4986aa09fa,deffe9bf3859d5b8aefe9026397ef05549546b13f078fd611161837e82bc798d,poll,1800
2026-09-27T19:00:47Z,19e19925921f112b6d318368df76697f39f4428c,a42531566e9b,da61a698594d,1,best,k-nucleotide,javascript,official,0,ok,0,,ok,6.433855,20.445541,0.095649,20.541190,3.192700,458136,259,f8c042fe770dda8f870b967605ea40ca2e353f2bdf92e89a327209dd31d445c7,3fcf4f78104c8a65ef210fe1d469f4e473456c791225f2f1f9114f4986aa09fa,deffe9bf3859d5b8aefe9026397ef05549546b13f078fd611161837e82bc798d,poll,1800
2026-09-27T19:00:54Z,19e19925921f112b6d318368df76697f39f4428c,a42531566e9b,da61a698594d,2,best,k-nucleotide,javascript,official,0,ok,0,,ok,6.531604,20.449137,0.106838,20.555975,3.147200,455952,259,f8c042fe770dda8f870b967605ea40ca2e353f2bdf92e89a327209dd31d445c7,3fcf4f78104c8a65ef210fe1d469f4e473456c791225f2f1f9114f4986aa09fa,deffe9bf3859d5b8aefe9026397ef05549546b13f078fd611161837e82bc798d,poll,1800
2026-09-27T19:01:00Z,19e19925921f112b6d318368df76697f39f4428c,a42531566e9b,da61a698594d,3,best,k-nucleotide,javascript,official,0,ok,0,,ok,6.924018,21.417813,0.119333,21.537146,3.110500,459616,259,f8c042fe770dda8f870b967605ea40ca2e353f2bdf92e89a327209dd31d445c7,3fcf4f78104c8a65ef210fe1d469f4e473456c791225f2f1f9114f4986aa09fa,deffe9bf3859d5b8aefe9026397ef05549546b13f078fd611161837e82bc798d,poll,1800
2026-09-27T19:01:07Z,19e19925921f112b6d318368df76697f39f4428c,a42531566e9b,da61a698594d,4,best,k-nucleotide,javascript,official,0,ok,0,,ok,6.439089,20.174218,0.091231,20.265449,3.147300,458716,259,f8c042fe770dda8f870b967605ea40ca2e353f2bdf92e89a327209dd31d445c7,3fcf4f78104c8a65ef210fe1d469f4e473456c791225f2f1f9114f4986aa09fa,deffe9bf3859d5b8aefe9026397ef05549546b13f078fd611161837e82bc798d,poll,1800
2026-09-27T19:01:19Z,19e19925921f112b6d318368df76697f39f4428c,a42531566e9b,0a9be578082c,0,best,k-nucleotide,python,official,0,ok,0,,ok,11.809804,166.732616,0.451049,167.183665,14.156300,260612,259,f8c042fe770dda8f870b967605ea40ca2e353f2bdf92e89a327209dd31d445c7,3fcf4f78104c8a65ef210fe1d469f4e473456c791225f2f1f9114f4986aa09fa,45d631f78324e4f6e91ad0acc7b0744cad65ec3890d11f63b1574405ad79e81e,rlimit,1800
2026-09-27T19:01:31Z,19e19925921f112b6d318368df76697f39f4428c,a42531566e9b,0a9be578082c,1,best,k-nucleotide,python,official,0,ok,0,,ok,11.771825,166.450190,0.415344,166.865534,14.175000,260456,259,f8c042fe770dda8f870b967605ea40ca2e353f2bdf92e89a327209dd31d445c7,3fcf4f78104c8a65ef210fe1d469f4e473456c791225f2f1f9114f4986aa09fa,45d631f78324e4f6e91ad0acc7b0744cad65ec3890d11f63b1574405ad79e81e,rlimit,1800
2026-09-27T19:01:42Z,19e19925921f112b6d318368df76697f39f4428c,a42531566e9b,0a9be578082c,2,best,k-nucleotide,python,official,0,ok,0,,ok,11.829285,167.495161,0.445555,167.940716,14.197000,260308,259,f8c042fe770dda8f870b967605ea40ca2e353f2bdf92e89a327209dd31d445c7,3fcf4f78104c8a65ef210fe1d469f4e473456c791225f2f1f9114f4986aa09fa,45d631f78324e4f6e91ad0acc7b0744cad65ec3890d11f63b1574405ad79e81e,rlimit,1800
2026-09-27T19:01:54Z,19e19925921f112b6d318368df76697f39f4428c,a42531566e9b,0a9be578082c,3,best,k-nucleotide,python,official,0,ok,0,,ok,11.816379,167.619780,0.423415,168.043195,14.221200,260932,259,f8c042fe770dda8f870b967605ea40ca2e353f2bdf92e89a327209dd31d445c7,3fcf4f78104c8a65ef210fe1d469f4e473456c791225f2f1f9114f4986aa09fa,45d631f78324e4f6e91ad0acc7b0744cad65ec3890d11f63b1574405ad79e81e,rlimit,1800
2026-09-27T19:02:06Z,19e19925921f112b6d318368df76697f39f4428c,a42531566e9b,0a9be578082c,4,best,k-nucleotide,python,official,0,ok,0,,ok,11.796877,166.643619,0.401296,167.044915,14.160100,261752,259,f8c042fe770dda8f870b967605ea40ca2e353f2bdf92e89a327209dd31d445c7,3fcf4f78104c8a65ef210fe1d469f4e473456c791225f2f1f9114f4986aa09fa,45d631f78324e4f6e91ad0acc7b0744cad65ec3890d11f63b1574405ad79e81e,rlimit,1800
2026-09-27T19:02:08Z,19e19925921f112b6d318368df76697f39f4428c,a42531566e9b,5dea5f67d91b,0,best,k-nucleotide,fortran,official,0,ok,0,,ok,2.537750,3.979635,0.282264,4.261899,1.679400,5370524,259,f8c042fe770dda8f870b967605ea40ca2e353f2bdf92e89a327209dd31d445c7,3fcf4f78104c8a65ef210fe1d469f4e473456c791225f2f1f9114f4986aa09fa,47dfe699db102ea3c19395140bea9bd17860d694a08a564f6e37e6198ada7608,rlimit,1800
2026-09-27T19:02:11Z,19e19925921f112b6d318368df76697f39f4428c,a42531566e9b,5dea5f67d91b,1,best,k-nucleotide,fortran,official,0,ok,0,,ok,2.285616,3.651341,0.298461,3.949802,1.728100,5370692,259,f8c042fe770dda8f870b967605ea40ca2e353f2bdf92e89a327209dd31d445c7,3fcf4f78104c8a65ef210fe1d469f4e473456c791225f2f1f9114f4986aa09fa,47dfe699db102ea3c19395140bea9bd17860d694a08a564f6e37e6198ada7608,rlimit,1800
2026-09-27T19:02:13Z,19e19925921f112b6d318368df76697f39f4428c,a42531566e9b,5dea5f67d91b,2,best,k-nucleotide,fortran,official,0,ok,0,,ok,2.353425,3.829031,0.300396,4.129427,1.754600,5370668,259,f8c042fe770dda8f870b967605ea40ca2e353f2bdf92e89a327209dd31d445c7,3fcf4f78104c8a65ef210fe1d469f4e473456c791225f2f1f9114f4986aa09fa,47dfe699db102ea3c19395140bea9bd17860d694a08a564f6e37e6198ada7608,rlimit,1800
2026-09-27T19:02:15Z,19e19925921f112b6d318368df76697f39f4428c,a42531566e9b,5dea5f67d91b,3,best,k-nucleotide,fortran,official,0,ok,0,,ok,2.289986,3.486716,0.287181,3.773897,1.648000,5370692,259,f8c042fe770dda8f870b967605ea40ca2e353f2bdf92e89a327209dd31d445c7,3fcf4f78104c8a65ef210fe1d469f4e473456c791225f2f1f9114f4986aa09fa,47dfe699db102ea3c19395140bea9bd17860d694a08a564f6e37e6198ada7608,rlimit,1800
2026-09-27T19:02:18Z,19e19925921f112b6d318368df76697f39f4428c,a42531566e9b,5dea5f67d91b,4,best,k-nucleotide,fortran,official,0,ok,0,,ok,2.142464,3.255651,0.282327,3.537978,1.651400,5370612,259,f8c042fe770dda8f870b967605ea40ca2e353f2bdf92e89a327209dd31d445c7,3fcf4f78104c8a65ef210fe1d469f4e473456c791225f2f1f9114f4986aa09fa,47dfe699db102ea3c19395140bea9bd17860d694a08a564f6e37e6198ada7608,rlimit,1800
2026-09-27T19:02:25Z,19e19925921f112b6d318368df76697f39f4428c,a42531566e9b,4700759a975d,0,best,k-nucleotide,pascal,official,0,ok,0,,ok,7.758463,16.992724,0.836245,17.828969,2.298000,10912132,259,f8c042fe770dda8f870b967605ea40ca2e353f2bdf92e89a327209dd31d445c7,3fcf4f78104c8a65ef210fe1d469f4e473456c791225f2f1f9114f4986aa09fa,32af152c4e8900655edffc6a9dc373f45609ca794303a311d9a94eba159f6443,rlimit,1800
2026-09-27T19:02:33Z,19e19925921f112b6d318368df76697f39f4428c,a42531566e9b,4700759a975d,1,best,k-nucleotide,pascal,official,0,ok,0,,ok,7.648928,16.564872,0.848480,17.413352,2.276600,10912112,259,f8c042fe770dda8f870b967605ea40ca2e353f2bdf92e89a327209dd31d445c7,3fcf4f78104c8a65ef210fe1d469f4e473456c791225f2f1f9114f4986aa09fa,32af152c4e8900655edffc6a9dc373f45609ca794303a311d9a94eba159f6443,rlimit,1800
2026-09-27T19:02:41Z,19e19925921f112b6d318368df76697f39f4428c,a42531566e9b,4700759a975d,2,best,k-nucleotide,pascal,official,0,ok,0,,ok,7.557360,16.326147,0.828502,17.154649,2.269900,10912036,259,f8c042fe770dda8f870b967605ea40ca2e353f2bdf92e89a327209dd31d445c7,3fcf4f78104c8a65ef210fe1d469f4e473456c791225f2f1f9114f4986aa09fa,32af152c4e8900655edffc6a9dc373f45609ca794303a311d9a94eba159f6443,rlimit,1800
2026-09-27T19:02:48Z,19e19925921f112b6d318368df76697f39f4428c,a42531566e9b,4700759a975d,3,best,k-nucleotide,pascal,official,0,ok,0,,ok,7.225037,15.910512,0.694501,16.605013,2.298300,10912296,259,f8c042fe770dda8f870b967605ea40ca2e353f2bdf92e89a327209dd31d445c7,3fcf4f78104c8a65ef210fe1d469f4e473456c791225f2f1f9114f4986aa09fa,32af152c4e8900655edffc6a9dc373f45609ca794303a311d9a94eba159f6443,rlimit,1800
2026-09-27T19:02:55Z,19e19925921f112b6d318368df76697f39f4428c,a42531566e9b,4700759a975d,4,best,k-nucleotide,pascal,official,0,ok,0,,ok,7.247118,15.731115,0.709991,16.441106,2.268600,10912380,259,f8c042fe770dda8f870b967605ea40ca2e353f2bdf92e89a327209dd31d445c7,3fcf4f78104c8a65ef210fe1d469f4e473456c791225f2f1f9114f4986aa09fa,32af152c4e8900655edffc6a9dc373f45609ca794303a311d9a94eba159f6443,rlimit,1800
2026-09-27T19:02:55Z,19e19925921f112b6d318368df76697f39f4428c,a42531566e9b,3384a0ab9eb5,0,st,reverse-complement,c,official,0,ok,0,,reference,0.203198,0.114557,0.087816,0.202373,0.995900,498588,254166745,e5730d4fd55c464f276e5c6062c80f46e0a735281de15d8c957e2731a9baf70e,3fcf4f78104c8a65ef210fe1d469f4e473456c791225f2f1f9114f4986aa09fa,4760a37fd281b234cfe996e71e205e54b53a3b51444458647e57723d959cffef,rlimit,1800
2026-09-27T19:02:56Z,19e19925921f112b6d318368df76697f39f4428c,a42531566e9b,3384a0ab9eb5,1,st,reverse-complement,c,official,0,ok,0,,reference,0.206605,0.110020,0.095865,0.205885,0.996500,498596,254166745,e5730d4fd55c464f276e5c6062c80f46e0a735281de15d8c957e2731a9baf70e,3fcf4f78104c8a65ef210fe1d469f4e473456c791225f2f1f9114f4986aa09fa,4760a37fd281b234cfe996e71e205e54b53a3b51444458647e57723d959cffef,rlimit,1800
2026-09-27T19:02:56Z,19e19925921f112b6d318368df76697f39f4428c,a42531566e9b,3384a0ab9eb5,2,st,reverse-complement,c,official,0,ok,0,,reference,0.190683,0.091561,0.098424,0.189985,0.996300,498588,254166745,e5730d4fd55c464f276e5c6062c80f46e0a735281de15d8c957e2731a9baf70e,3fcf4f78104c8a65ef210fe1d469f4e473456c791225f2f1f9114f4986aa09fa,4760a37fd281b234cfe996e71e205e54b53a3b51444458647e57723d959cffef,rlimit,1800
2026-09-27T19:02:56Z,19e19925921f112b6d318368df76697f39f4428c,a42531566e9b,3384a0ab9eb5,3,st,reverse-complement,c,official,0,ok,0,,reference,0.188447,0.085438,0.102282,0.187720,0.996100,498592,254166745,e5730d4fd55c464f276e5c6062c80f46e0a735281de15d8c957e2731a9baf70e,3fcf4f78104c8a65ef210fe1d469f4e473456c791225f2f1f9114f4986aa09fa,4760a37fd281b234cfe996e71e205e54b53a3b51444458647e57723d959cffef,rlimit,1800
2026-09-27T19:02:57Z,19e19925921f112b6d318368df76697f39f4428c,a42531566e9b,3384a0ab9eb5,4,st,reverse-complement,c,official,0,ok,0,,reference,0.207502,0.112825,0.093601,0.206426,0.994800,498584,254166745,e5730d4fd55c464f276e5c6062c80f46e0a735281de15d8c957e2731a9baf70e,3fcf4f78104c8a65ef210fe1d469f4e473456c791225f2f1f9114f4986aa09fa,4760a37fd281b234cfe996e71e205e54b53a3b51444458647e57723d959cffef,rlimit,1800
2026-09-27T19:02:57Z,19e19925921f112b6d318368df76697f39f4428c,a42531566e9b,4c78e6bd505f,0,st,reverse-complement,resid,official,0,ok,0,,ok,0.451018,0.352838,0.096718,0.449556,0.996800,499468,254166745,e5730d4fd55c464f276e5c6062c80f46e0a735281de15d8c957e2731a9baf70e,3fcf4f78104c8a65ef210fe1d469f4e473456c791225f2f1f9114f4986aa09fa,4e0b323facca4e18ce545aafe1d34f5e7958dd6b208ad0964734010ea3faf3cf,rlimit,1800
2026-09-27T19:02:58Z,19e19925921f112b6d318368df76697f39f4428c,a42531566e9b,4c78e6bd505f,1,st,reverse-complement,resid,official,0,ok,0,,ok,0.469425,0.370563,0.097559,0.468122,0.997200,499472,254166745,e5730d4fd55c464f276e5c6062c80f46e0a735281de15d8c957e2731a9baf70e,3fcf4f78104c8a65ef210fe1d469f4e473456c791225f2f1f9114f4986aa09fa,4e0b323facca4e18ce545aafe1d34f5e7958dd6b208ad0964734010ea3faf3cf,rlimit,1800
2026-09-27T19:02:58Z,19e19925921f112b6d318368df76697f39f4428c,a42531566e9b,4c78e6bd505f,2,st,reverse-complement,resid,official,0,ok,0,,ok,0.434925,0.328807,0.104276,0.433083,0.995800,499468,254166745,e5730d4fd55c464f276e5c6062c80f46e0a735281de15d8c957e2731a9baf70e,3fcf4f78104c8a65ef210fe1d469f4e473456c791225f2f1f9114f4986aa09fa,4e0b323facca4e18ce545aafe1d34f5e7958dd6b208ad0964734010ea3faf3cf,rlimit,1800
2026-09-27T19:02:59Z,19e19925921f112b6d318368df76697f39f4428c,a42531566e9b,4c78e6bd505f,3,st,reverse-complement,resid,official,0,ok,0,,ok,0.441022,0.335988,0.103342,0.439330,0.996200,499468,254166745,e5730d4fd55c464f276e5c6062c80f46e0a735281de15d8c957e2731a9baf70e,3fcf4f78104c8a65ef210fe1d469f4e473456c791225f2f1f9114f4986aa09fa,4e0b323facca4e18ce545aafe1d34f5e7958dd6b208ad0964734010ea3faf3cf,rlimit,1800
2026-09-27T19:03:00Z,19e19925921f112b6d318368df76697f39f4428c,a42531566e9b,4c78e6bd505f,4,st,reverse-complement,resid,official,0,ok,0,,ok,0.440728,0.340441,0.098352,0.438793,0.995600,499472,254166745,e5730d4fd55c464f276e5c6062c80f46e0a735281de15d8c957e2731a9baf70e,3fcf4f78104c8a65ef210fe1d469f4e473456c791225f2f1f9114f4986aa09fa,4e0b323facca4e18ce545aafe1d34f5e7958dd6b208ad0964734010ea3faf3cf,rlimit,1800
2026-09-27T19:03:00Z,19e19925921f112b6d318368df76697f39f4428c,a42531566e9b,4104fa4318ad,0,st,reverse-complement,cpp,official,0,ok,0,,ok,0.419309,0.319338,0.098819,0.418157,0.997300,501180,254166745,e5730d4fd55c464f276e5c6062c80f46e0a735281de15d8c957e2731a9baf70e,3fcf4f78104c8a65ef210fe1d469f4e473456c791225f2f1f9114f4986aa09fa,5612018f155e0bbab4ddb9c66ca43d58414da52c9a1a25f54f888fbd5d636541,rlimit,1800
2026-09-27T19:03:01Z,19e19925921f112b6d318368df76697f39f4428c,a42531566e9b,4104fa4318ad,1,st,reverse-complement,cpp,official,0,ok,0,,ok,0.423330,0.319395,0.102774,0.422169,0.997300,501220,254166745,e5730d4fd55c464f276e5c6062c80f46e0a735281de15d8c957e2731a9baf70e,3fcf4f78104c8a65ef210fe1d469f4e473456c791225f2f1f9114f4986aa09fa,5612018f155e0bbab4ddb9c66ca43d58414da52c9a1a25f54f888fbd5d636541,rlimit,1800
2026-09-27T19:03:01Z,19e19925921f112b6d318368df76697f39f4428c,a42531566e9b,4104fa4318ad,2,st,reverse-complement,cpp,official,0,ok,0,,ok,0.497236,0.382506,0.113512,0.496018,0.997600,499960,254166745,e5730d4fd55c464f276e5c6062c80f46e0a735281de15d8c957e2731a9baf70e,3fcf4f78104c8a65ef210fe1d469f4e473456c791225f2f1f9114f4986aa09fa,5612018f155e0bbab4ddb9c66ca43d58414da52c9a1a25f54f888fbd5d636541,rlimit,1800
2026-09-27T19:03:02Z,19e19925921f112b6d318368df76697f39f4428c,a42531566e9b,4104fa4318ad,3,st,reverse-complement,cpp,official,0,ok,0,,ok,0.425378,0.319237,0.101836,0.421073,0.989900,500028,254166745,e5730d4fd55c464f276e5c6062c80f46e0a735281de15d8c957e2731a9baf70e,3fcf4f78104c8a65ef210fe1d469f4e473456c791225f2f1f9114f4986aa09fa,5612018f155e0bbab4ddb9c66ca43d58414da52c9a1a25f54f888fbd5d636541,rlimit,1800
2026-09-27T19:03:03Z,19e19925921f112b6d318368df76697f39f4428c,a42531566e9b,4104fa4318ad,4,st,reverse-complement,cpp,official,0,ok,0,,ok,0.421355,0.307193,0.112796,0.419989,0.996800,499964,254166745,e5730d4fd55c464f276e5c6062c80f46e0a735281de15d8c957e2731a9baf70e,3fcf4f78104c8a65ef210fe1d469f4e473456c791225f2f1f9114f4986aa09fa,5612018f155e0bbab4ddb9c66ca43d58414da52c9a1a25f54f888fbd5d636541,rlimit,1800
2026-09-27T19:03:03Z,19e19925921f112b6d318368df76697f39f4428c,a42531566e9b,78784d109ec6,0,st,reverse-complement,rust,official,0,ok,0,,ok,0.221854,0.124557,0.096261,0.220818,0.995300,498296,254166745,e5730d4fd55c464f276e5c6062c80f46e0a735281de15d8c957e2731a9baf70e,3fcf4f78104c8a65ef210fe1d469f4e473456c791225f2f1f9114f4986aa09fa,06c07965dba17a2ceea845a66692e26dfe0a5b5e64300e74a79b6f43424d9222,rlimit,1800
2026-09-27T19:03:03Z,19e19925921f112b6d318368df76697f39f4428c,a42531566e9b,78784d109ec6,1,st,reverse-complement,rust,official,0,ok,0,,ok,0.224073,0.126564,0.096574,0.223138,0.995800,497412,254166745,e5730d4fd55c464f276e5c6062c80f46e0a735281de15d8c957e2731a9baf70e,3fcf4f78104c8a65ef210fe1d469f4e473456c791225f2f1f9114f4986aa09fa,06c07965dba17a2ceea845a66692e26dfe0a5b5e64300e74a79b6f43424d9222,rlimit,1800
2026-09-27T19:03:04Z,19e19925921f112b6d318368df76697f39f4428c,a42531566e9b,78784d109ec6,2,st,reverse-complement,rust,official,0,ok,0,,ok,0.221637,0.122426,0.098300,0.220726,0.995900,498988,254166745,e5730d4fd55c464f276e5c6062c80f46e0a735281de15d8c957e2731a9baf70e,3fcf4f78104c8a65ef210fe1d469f4e473456c791225f2f1f9114f4986aa09fa,06c07965dba17a2ceea845a66692e26dfe0a5b5e64300e74a79b6f43424d9222,rlimit,1800
2026-09-27T19:03:04Z,19e19925921f112b6d318368df76697f39f4428c,a42531566e9b,78784d109ec6,3,st,reverse-complement,rust,official,0,ok,0,,ok,0.224325,0.124898,0.098661,0.223559,0.996600,497480,254166745,e5730d4fd55c464f276e5c6062c80f46e0a735281de15d8c957e2731a9baf70e,3fcf4f78104c8a65ef210fe1d469f4e473456c791225f2f1f9114f4986aa09fa,06c07965dba17a2ceea845a66692e26dfe0a5b5e64300e74a79b6f43424d9222,rlimit,1800
2026-09-27T19:03:04Z,19e19925921f112b6d318368df76697f39f4428c,a42531566e9b,78784d109ec6,4,st,reverse-complement,rust,official,0,ok,0,,ok,0.222993,0.123529,0.098438,0.221967,0.995400,497460,254166745,e5730d4fd55c464f276e5c6062c80f46e0a735281de15d8c957e2731a9baf70e,3fcf4f78104c8a65ef210fe1d469f4e473456c791225f2f1f9114f4986aa09fa,06c07965dba17a2ceea845a66692e26dfe0a5b5e64300e74a79b6f43424d9222,rlimit,1800
2026-09-27T19:03:05Z,19e19925921f112b6d318368df76697f39f4428c,a42531566e9b,b9132c926ad6,0,st,reverse-complement,go,official,0,ok,0,,ok,0.214035,0.134637,0.078705,0.213342,0.996800,697140,254166745,e5730d4fd55c464f276e5c6062c80f46e0a735281de15d8c957e2731a9baf70e,3fcf4f78104c8a65ef210fe1d469f4e473456c791225f2f1f9114f4986aa09fa,89e84393fa0ef58ac357f03c91767ddd15adec2c5fa0a7c20dced0e45eeab670,rlimit,1800
2026-09-27T19:03:05Z,19e19925921f112b6d318368df76697f39f4428c,a42531566e9b,b9132c926ad6,1,st,reverse-complement,go,official,0,ok,0,,ok,0.213342,0.133843,0.078806,0.212649,0.996800,697312,254166745,e5730d4fd55c464f276e5c6062c80f46e0a735281de15d8c957e2731a9baf70e,3fcf4f78104c8a65ef210fe1d469f4e473456c791225f2f1f9114f4986aa09fa,89e84393fa0ef58ac357f03c91767ddd15adec2c5fa0a7c20dced0e45eeab670,rlimit,1800
2026-09-27T19:03:05Z,19e19925921f112b6d318368df76697f39f4428c,a42531566e9b,b9132c926ad6,2,st,reverse-complement,go,official,0,ok,0,,ok,0.215793,0.140935,0.073927,0.214862,0.995700,793684,254166745,e5730d4fd55c464f276e5c6062c80f46e0a735281de15d8c957e2731a9baf70e,3fcf4f78104c8a65ef210fe1d469f4e473456c791225f2f1f9114f4986aa09fa,89e84393fa0ef58ac357f03c91767ddd15adec2c5fa0a7c20dced0e45eeab670,rlimit,1800
2026-09-27T19:03:06Z,19e19925921f112b6d318368df76697f39f4428c,a42531566e9b,b9132c926ad6,3,st,reverse-complement,go,official,0,ok,0,,ok,0.220199,0.134720,0.084610,0.219330,0.996100,795724,254166745,e5730d4fd55c464f276e5c6062c80f46e0a735281de15d8c957e2731a9baf70e,3fcf4f78104c8a65ef210fe1d469f4e473456c791225f2f1f9114f4986aa09fa,89e84393fa0ef58ac357f03c91767ddd15adec2c5fa0a7c20dced0e45eeab670,rlimit,1800
2026-09-27T19:03:06Z,19e19925921f112b6d318368df76697f39f4428c,a42531566e9b,b9132c926ad6,4,st,reverse-complement,go,official,0,ok,0,,ok,0.210657,0.131457,0.078592,0.210049,0.997100,699364,254166745,e5730d4fd55c464f276e5c6062c80f46e0a735281de15d8c957e2731a9baf70e,3fcf4f78104c8a65ef210fe1d469f4e473456c791225f2f1f9114f4986aa09fa,89e84393fa0ef58ac357f03c91767ddd15adec2c5fa0a7c20dced0e45eeab670,rlimit,1800
2026-09-27T19:03:07Z,19e19925921f112b6d318368df76697f39f4428c,a42531566e9b,867efee438be,0,st,reverse-complement,java,official,0,ok,0,,ok,0.526725,0.392512,0.132814,0.525326,0.997300,1523672,254166745,e5730d4fd55c464f276e5c6062c80f46e0a735281de15d8c957e2731a9baf70e,3fcf4f78104c8a65ef210fe1d469f4e473456c791225f2f1f9114f4986aa09fa,6fddc46b0d5720c37c9cd254a483d6daa39622a7512306b55a9d8e8608b9f6f2,poll,1800
2026-09-27T19:03:07Z,19e19925921f112b6d318368df76697f39f4428c,a42531566e9b,867efee438be,1,st,reverse-complement,java,official,0,ok,0,,ok,0.528794,0.391526,0.135818,0.527344,0.997300,1523640,254166745,e5730d4fd55c464f276e5c6062c80f46e0a735281de15d8c957e2731a9baf70e,3fcf4f78104c8a65ef210fe1d469f4e473456c791225f2f1f9114f4986aa09fa,6fddc46b0d5720c37c9cd254a483d6daa39622a7512306b55a9d8e8608b9f6f2,poll,1800
2026-09-27T19:03:08Z,19e19925921f112b6d318368df76697f39f4428c,a42531566e9b,867efee438be,2,st,reverse-complement,java,official,0,ok,0,,ok,0.524595,0.377606,0.145814,0.523420,0.997800,1523648,254166745,e5730d4fd55c464f276e5c6062c80f46e0a735281de15d8c957e2731a9baf70e,3fcf4f78104c8a65ef210fe1d469f4e473456c791225f2f1f9114f4986aa09fa,6fddc46b0d5720c37c9cd254a483d6daa39622a7512306b55a9d8e8608b9f6f2,poll,1800
2026-09-27T19:03:09Z,19e19925921f112b6d318368df76697f39f4428c,a42531566e9b,867efee438be,3,st,reverse-complement,java,official,0,ok,0,,ok,0.521918,0.392832,0.127476,0.520308,0.996900,1523664,254166745,e5730d4fd55c464f276e5c6062c80f46e0a735281de15d8c957e2731a9baf70e,3fcf4f78104c8a65ef210fe1d469f4e473456c791225f2f1f9114f4986aa09fa,6fddc46b0d5720c37c9cd254a483d6daa39622a7512306b55a9d8e8608b9f6f2,poll,1800
2026-09-27T19:03:09Z,19e19925921f112b6d318368df76697f39f4428c,a42531566e9b,867efee438be,4,st,reverse-complement,java,official,0,ok,0,,ok,0.524379,0.378704,0.143705,0.522409,0.996200,1523672,254166745,e5730d4fd55c464f276e5c6062c80f46e0a735281de15d8c957e2731a9baf70e,3fcf4f78104c8a65ef210fe1d469f4e473456c791225f2f1f9114f4986aa09fa,6fddc46b0d5720c37c9cd254a483d6daa39622a7512306b55a9d8e8608b9f6f2,poll,1800
2026-09-27T19:03:10Z,19e19925921f112b6d318368df76697f39f4428c,a42531566e9b,5d068a49b2d1,0,st,reverse-complement,csharp,official,0,ok,0,,ok,0.381202,0.262233,0.106313,0.368546,0.966800,1009080,254166745,e5730d4fd55c464f276e5c6062c80f46e0a735281de15d8c957e2731a9baf70e,3fcf4f78104c8a65ef210fe1d469f4e473456c791225f2f1f9114f4986aa09fa,7e49831a0260966abc8427f94c451707ec04a5379ba6dd0f1f0a339b987b5eb2,poll,1800
2026-09-27T19:03:10Z,19e19925921f112b6d318368df76697f39f4428c,a42531566e9b,5d068a49b2d1,1,st,reverse-complement,csharp,official,0,ok,0,,ok,0.367622,0.258646,0.107424,0.366070,0.995800,1009148,254166745,e5730d4fd55c464f276e5c6062c80f46e0a735281de15d8c957e2731a9baf70e,3fcf4f78104c8a65ef210fe1d469f4e473456c791225f2f1f9114f4986aa09fa,7e49831a0260966abc8427f94c451707ec04a5379ba6dd0f1f0a339b987b5eb2,poll,1800
2026-09-27T19:03:11Z,19e19925921f112b6d318368df76697f39f4428c,a42531566e9b,5d068a49b2d1,2,st,reverse-complement,csharp,official,0,ok,0,,ok,0.368203,0.251923,0.115349,0.367272,0.997500,1013380,254166745,e5730d4fd55c464f276e5c6062c80f46e0a735281de15d8c957e2731a9baf70e,3fcf4f78104c8a65ef210fe1d469f4e473456c791225f2f1f9114f4986aa09fa,7e49831a0260966abc8427f94c451707ec04a5379ba6dd0f1f0a339b987b5eb2,poll,1800
2026-09-27T19:03:11Z,19e19925921f112b6d318368df76697f39f4428c,a42531566e9b,5d068a49b2d1,3,st,reverse-complement,csharp,official,0,ok,0,,ok,0.371182,0.269167,0.100386,0.369553,0.995600,1013368,254166745,e5730d4fd55c464f276e5c6062c80f46e0a735281de15d8c957e2731a9baf70e,3fcf4f78104c8a65ef210fe1d469f4e473456c791225f2f1f9114f4986aa09fa,7e49831a0260966abc8427f94c451707ec04a5379ba6dd0f1f0a339b987b5eb2,poll,1800
2026-09-27T19:03:12Z,19e19925921f112b6d318368df76697f39f4428c,a42531566e9b,5d068a49b2d1,4,st,reverse-complement,csharp,official,0,ok,0,,ok,0.360053,0.256254,0.102631,0.358885,0.996800,1013376,254166745,e5730d4fd55c464f276e5c6062c80f46e0a735281de15d8c957e2731a9baf70e,3fcf4f78104c8a65ef210fe1d469f4e473456c791225f2f1f9114f4986aa09fa,7e49831a0260966abc8427f94c451707ec04a5379ba6dd0f1f0a339b987b5eb2,poll,1800
2026-09-27T19:03:13Z,19e19925921f112b6d318368df76697f39f4428c,a42531566e9b,58da0b0cfff9,0,st,reverse-complement,javascript,official,0,ok,0,,ok,0.568954,0.468369,0.098855,0.567224,0.997000,680360,254166745,e5730d4fd55c464f276e5c6062c80f46e0a735281de15d8c957e2731a9baf70e,3fcf4f78104c8a65ef210fe1d469f4e473456c791225f2f1f9114f4986aa09fa,4a1e366b68b042d707a833b449378aeeed9fdc4e1dc5ffc97c19afab87f8ba55,poll,1800
2026-09-27T19:03:13Z,19e19925921f112b6d318368df76697f39f4428c,a42531566e9b,58da0b0cfff9,1,st,reverse-complement,javascript,official,0,ok,0,,ok,0.571525,0.460360,0.109771,0.570131,0.997600,680152,254166745,e5730d4fd55c464f276e5c6062c80f46e0a735281de15d8c957e2731a9baf70e,3fcf4f78104c8a65ef210fe1d469f4e473456c791225f2f1f9114f4986aa09fa,4a1e366b68b042d707a833b449378aeeed9fdc4e1dc5ffc97c19afab87f8ba55,poll,1800
2026-09-27T19:03:14Z,19e19925921f112b6d318368df76697f39f4428c,a42531566e9b,58da0b0cfff9,2,st,reverse-complement,javascript,official,0,ok,0,,ok,0.565331,0.464385,0.099793,0.564178,0.998000,680000,254166745,e5730d4fd55c464f276e5c6062c80f46e0a735281de15d8c957e2731a9baf70e,3fcf4f78104c8a65ef210fe1d469f4e473456c791225f2f1f9114f4986aa09fa,4a1e366b68b042d707a833b449378aeeed9fdc4e1dc5ffc97c19afab87f8ba55,poll,1800
2026-09-27T19:03:15Z,19e19925921f112b6d318368df76697f39f4428c,a42531566e9b,58da0b0cfff9,3,st,reverse-complement,javascript,official,0,ok,0,,ok,0.566957,0.468764,0.096688,0.565452,0.997300,679080,254166745,e5730d4fd55c464f276e5c6062c80f46e0a735281de15d8c957e2731a9baf70e,3fcf4f78104c8a65ef210fe1d469f4e473456c791225f2f1f9114f4986aa09fa,4a1e366b68b042d707a833b449378aeeed9fdc4e1dc5ffc97c19afab87f8ba55,poll,1800
2026-09-27T19:03:15Z,19e19925921f112b6d318368df76697f39f4428c,a42531566e9b,58da0b0cfff9,4,st,reverse-complement,javascript,official,0,ok,0,,ok,0.559323,0.462201,0.095758,0.557959,0.997600,681780,254166745,e5730d4fd55c464f276e5c6062c80f46e0a735281de15d8c957e2731a9baf70e,3fcf4f78104c8a65ef210fe1d469f4e473456c791225f2f1f9114f4986aa09fa,4a1e366b68b042d707a833b449378aeeed9fdc4e1dc5ffc97c19afab87f8ba55,poll,1800
2026-09-27T19:03:17Z,19e19925921f112b6d318368df76697f39f4428c,a42531566e9b,1fa19d06da25,0,st,reverse-complement,python,official,0,ok,0,,ok,1.110589,0.856679,0.250202,1.106881,0.996700,856164,254166745,e5730d4fd55c464f276e5c6062c80f46e0a735281de15d8c957e2731a9baf70e,3fcf4f78104c8a65ef210fe1d469f4e473456c791225f2f1f9114f4986aa09fa,d4b73877629b02eb68b75d29871c7c300462fe2520f45cfec819520571aa53c9,rlimit,1800
2026-09-27T19:03:18Z,19e19925921f112b6d318368df76697f39f4428c,a42531566e9b,1fa19d06da25,1,st,reverse-complement,python,official,0,ok,0,,ok,1.110703,0.838850,0.268215,1.107065,0.996700,856520,254166745,e5730d4fd55c464f276e5c6062c80f46e0a735281de15d8c957e2731a9baf70e,3fcf4f78104c8a65ef210fe1d469f4e473456c791225f2f1f9114f4986aa09fa,d4b73877629b02eb68b75d29871c7c300462fe2520f45cfec819520571aa53c9,rlimit,1800
2026-09-27T19:03:19Z,19e19925921f112b6d318368df76697f39f4428c,a42531566e9b,1fa19d06da25,2,st,reverse-complement,python,official,0,ok,0,,ok,1.110986,0.814846,0.291529,1.106375,0.995800,856180,254166745,e5730d4fd55c464f276e5c6062c80f46e0a735281de15d8c957e2731a9baf70e,3fcf4f78104c8a65ef210fe1d469f4e473456c791225f2f1f9114f4986aa09fa,d4b73877629b02eb68b75d29871c7c300462fe2520f45cfec819520571aa53c9,rlimit,1800
2026-09-27T19:03:20Z,19e19925921f112b6d318368df76697f39f4428c,a42531566e9b,1fa19d06da25,3,st,reverse-complement,python,official,0,ok,0,,ok,1.115538,0.842917,0.268303,1.111220,0.996100,856176,254166745,e5730d4fd55c464f276e5c6062c80f46e0a735281de15d8c957e2731a9baf70e,3fcf4f78104c8a65ef210fe1d469f4e473456c791225f2f1f9114f4986aa09fa,d4b73877629b02eb68b75d29871c7c300462fe2520f45cfec819520571aa53c9,rlimit,1800
2026-09-27T19:03:22Z,19e19925921f112b6d318368df76697f39f4428c,a42531566e9b,1fa19d06da25,4,st,reverse-complement,python,official,0,ok,0,,ok,1.114763,0.824824,0.286177,1.111001,0.996600,856220,254166745,e5730d4fd55c464f276e5c6062c80f46e0a735281de15d8c957e2731a9baf70e,3fcf4f78104c8a65ef210fe1d469f4e473456c791225f2f1f9114f4986aa09fa,d4b73877629b02eb68b75d29871c7c300462fe2520f45cfec819520571aa53c9,rlimit,1800
2026-09-27T19:03:22Z,19e19925921f112b6d318368df76697f39f4428c,a42531566e9b,03efc3e0aba2,0,st,reverse-complement,fortran,official,0,ok,0,,ok,0.317796,0.224028,0.092969,0.316997,0.997500,500116,254166745,e5730d4fd55c464f276e5c6062c80f46e0a735281de15d8c957e2731a9baf70e,3fcf4f78104c8a65ef210fe1d469f4e473456c791225f2f1f9114f4986aa09fa,42f12dce36eb87eb2806b8ac737daa29393e76fb8cd8a5074d4be773964de8cc,rlimit,1800
2026-09-27T19:03:23Z,19e19925921f112b6d318368df76697f39f4428c,a42531566e9b,03efc3e0aba2,1,st,reverse-complement,fortran,official,0,ok,0,,ok,0.323843,0.224335,0.098554,0.322889,0.997100,501068,254166745,e5730d4fd55c464f276e5c6062c80f46e0a735281de15d8c957e2731a9baf70e,3fcf4f78104c8a65ef210fe1d469f4e473456c791225f2f1f9114f4986aa09fa,42f12dce36eb87eb2806b8ac737daa29393e76fb8cd8a5074d4be773964de8cc,rlimit,1800
2026-09-27T19:03:23Z,19e19925921f112b6d318368df76697f39f4428c,a42531566e9b,03efc3e0aba2,2,st,reverse-complement,fortran,official,0,ok,0,,ok,0.320996,0.220555,0.099733,0.320288,0.997800,500132,254166745,e5730d4fd55c464f276e5c6062c80f46e0a735281de15d8c957e2731a9baf70e,3fcf4f78104c8a65ef210fe1d469f4e473456c791225f2f1f9114f4986aa09fa,42f12dce36eb87eb2806b8ac737daa29393e76fb8cd8a5074d4be773964de8cc,rlimit,1800
2026-09-27T19:03:23Z,19e19925921f112b6d318368df76697f39f4428c,a42531566e9b,03efc3e0aba2,3,st,reverse-complement,fortran,official,0,ok,0,,ok,0.313493,0.216187,0.096435,0.312622,0.997200,500040,254166745,e5730d4fd55c464f276e5c6062c80f46e0a735281de15d8c957e2731a9baf70e,3fcf4f78104c8a65ef210fe1d469f4e473456c791225f2f1f9114f4986aa09fa,42f12dce36eb87eb2806b8ac737daa29393e76fb8cd8a5074d4be773964de8cc,rlimit,1800
2026-09-27T19:03:24Z,19e19925921f112b6d318368df76697f39f4428c,a42531566e9b,03efc3e0aba2,4,st,reverse-complement,fortran,official,0,ok,0,,ok,0.318552,0.224260,0.093617,0.317877,0.997900,501132,254166745,e5730d4fd55c464f276e5c6062c80f46e0a735281de15d8c957e2731a9baf70e,3fcf4f78104c8a65ef210fe1d469f4e473456c791225f2f1f9114f4986aa09fa,42f12dce36eb87eb2806b8ac737daa29393e76fb8cd8a5074d4be773964de8cc,rlimit,1800
2026-09-27T19:03:25Z,19e19925921f112b6d318368df76697f39f4428c,a42531566e9b,a9ff37dd7e87,0,st,reverse-complement,pascal,official,0,ok,0,,ok,0.597726,0.501322,0.094653,0.595975,0.997100,515068,254166745,e5730d4fd55c464f276e5c6062c80f46e0a735281de15d8c957e2731a9baf70e,3fcf4f78104c8a65ef210fe1d469f4e473456c791225f2f1f9114f4986aa09fa,777be0ce00dbea96729156f449d7ea0e9ed1dabbb6f4c62071dc76454603864c,rlimit,1800
2026-09-27T19:03:25Z,19e19925921f112b6d318368df76697f39f4428c,a42531566e9b,a9ff37dd7e87,1,st,reverse-complement,pascal,official,0,ok,0,,ok,0.590973,0.493704,0.095719,0.589423,0.997400,514992,254166745,e5730d4fd55c464f276e5c6062c80f46e0a735281de15d8c957e2731a9baf70e,3fcf4f78104c8a65ef210fe1d469f4e473456c791225f2f1f9114f4986aa09fa,777be0ce00dbea96729156f449d7ea0e9ed1dabbb6f4c62071dc76454603864c,rlimit,1800
2026-09-27T19:03:26Z,19e19925921f112b6d318368df76697f39f4428c,a42531566e9b,a9ff37dd7e87,2,st,reverse-complement,pascal,official,0,ok,0,,ok,0.594558,0.499461,0.093682,0.593143,0.997600,515028,254166745,e5730d4fd55c464f276e5c6062c80f46e0a735281de15d8c957e2731a9baf70e,3fcf4f78104c8a65ef210fe1d469f4e473456c791225f2f1f9114f4986aa09fa,777be0ce00dbea96729156f449d7ea0e9ed1dabbb6f4c62071dc76454603864c,rlimit,1800
2026-09-27T19:03:27Z,19e19925921f112b6d318368df76697f39f4428c,a42531566e9b,a9ff37dd7e87,3,st,reverse-complement,pascal,official,0,ok,0,,ok,0.593522,0.498495,0.093864,0.592359,0.998000,515008,254166745,e5730d4fd55c464f276e5c6062c80f46e0a735281de15d8c957e2731a9baf70e,3fcf4f78104c8a65ef210fe1d469f4e473456c791225f2f1f9114f4986aa09fa,777be0ce00dbea96729156f449d7ea0e9ed1dabbb6f4c62071dc76454603864c,rlimit,1800
2026-09-27T19:03:28Z,19e19925921f112b6d318368df76697f39f4428c,a42531566e9b,a9ff37dd7e87,4,st,reverse-complement,pascal,official,0,ok,0,,ok,0.595417,0.498873,0.094845,0.593718,0.997100,514976,254166745,e5730d4fd55c464f276e5c6062c80f46e0a735281de15d8c957e2731a9baf70e,3fcf4f78104c8a65ef210fe1d469f4e473456c791225f2f1f9114f4986aa09fa,777be0ce00dbea96729156f449d7ea0e9ed1dabbb6f4c62071dc76454603864c,rlimit,1800
2026-09-27T19:03:28Z,19e19925921f112b6d318368df76697f39f4428c,a42531566e9b,0341dca0f5f3,0,best,reverse-complement,resid,official,0,ok,0,,ok,0.400648,0.487216,0.117707,0.604923,1.509900,1073764,254166745,e5730d4fd55c464f276e5c6062c80f46e0a735281de15d8c957e2731a9baf70e,3fcf4f78104c8a65ef210fe1d469f4e473456c791225f2f1f9114f4986aa09fa,c33d63a12ea21c8462acde684b4b5de5bff36ffa56b91ca8886e5b996149e1da,rlimit,1800
2026-09-27T19:03:29Z,19e19925921f112b6d318368df76697f39f4428c,a42531566e9b,0341dca0f5f3,1,best,reverse-complement,resid,official,0,ok,0,,ok,0.396749,0.479041,0.111282,0.590323,1.487900,1073912,254166745,e5730d4fd55c464f276e5c6062c80f46e0a735281de15d8c957e2731a9baf70e,3fcf4f78104c8a65ef210fe1d469f4e473456c791225f2f1f9114f4986aa09fa,c33d63a12ea21c8462acde684b4b5de5bff36ffa56b91ca8886e5b996149e1da,rlimit,1800
2026-09-27T19:03:29Z,19e19925921f112b6d318368df76697f39f4428c,a42531566e9b,0341dca0f5f3,2,best,reverse-complement,resid,official,0,ok,0,,ok,0.395467,0.484963,0.112614,0.597577,1.511100,1073876,254166745,e5730d4fd55c464f276e5c6062c80f46e0a735281de15d8c957e2731a9baf70e,3fcf4f78104c8a65ef210fe1d469f4e473456c791225f2f1f9114f4986aa09fa,c33d63a12ea21c8462acde684b4b5de5bff36ffa56b91ca8886e5b996149e1da,rlimit,1800
2026-09-27T19:03:30Z,19e19925921f112b6d318368df76697f39f4428c,a42531566e9b,0341dca0f5f3,3,best,reverse-complement,resid,official,0,ok,0,,ok,0.396109,0.491884,0.110602,0.602486,1.521000,1073740,254166745,e5730d4fd55c464f276e5c6062c80f46e0a735281de15d8c957e2731a9baf70e,3fcf4f78104c8a65ef210fe1d469f4e473456c791225f2f1f9114f4986aa09fa,c33d63a12ea21c8462acde684b4b5de5bff36ffa56b91ca8886e5b996149e1da,rlimit,1800
2026-09-27T19:03:30Z,19e19925921f112b6d318368df76697f39f4428c,a42531566e9b,0341dca0f5f3,4,best,reverse-complement,resid,official,0,ok,0,,ok,0.403485,0.494985,0.111042,0.606027,1.502000,1073880,254166745,e5730d4fd55c464f276e5c6062c80f46e0a735281de15d8c957e2731a9baf70e,3fcf4f78104c8a65ef210fe1d469f4e473456c791225f2f1f9114f4986aa09fa,c33d63a12ea21c8462acde684b4b5de5bff36ffa56b91ca8886e5b996149e1da,rlimit,1800
2026-09-27T19:03:30Z,19e19925921f112b6d318368df76697f39f4428c,a42531566e9b,419ae8c971c1,0,best,reverse-complement,c,official,0,ok,0,,ok,0.085486,0.022405,0.089570,0.111975,1.309900,134116,254166745,e5730d4fd55c464f276e5c6062c80f46e0a735281de15d8c957e2731a9baf70e,3fcf4f78104c8a65ef210fe1d469f4e473456c791225f2f1f9114f4986aa09fa,2040ef11bd80aeeb3ace4fd15582379bddd2e922a4ef21648cb0c21819c923ce,rlimit,1800
2026-09-27T19:03:31Z,19e19925921f112b6d318368df76697f39f4428c,a42531566e9b,419ae8c971c1,1,best,reverse-complement,c,official,0,ok,0,,ok,0.086573,0.021197,0.094107,0.115304,1.331900,133488,254166745,e5730d4fd55c464f276e5c6062c80f46e0a735281de15d8c957e2731a9baf70e,3fcf4f78104c8a65ef210fe1d469f4e473456c791225f2f1f9114f4986aa09fa,2040ef11bd80aeeb3ace4fd15582379bddd2e922a4ef21648cb0c21819c923ce,rlimit,1800
2026-09-27T19:03:31Z,19e19925921f112b6d318368df76697f39f4428c,a42531566e9b,419ae8c971c1,2,best,reverse-complement,c,official,0,ok,0,,ok,0.083876,0.020058,0.092400,0.112458,1.340800,133488,254166745,e5730d4fd55c464f276e5c6062c80f46e0a735281de15d8c957e2731a9baf70e,3fcf4f78104c8a65ef210fe1d469f4e473456c791225f2f1f9114f4986aa09fa,2040ef11bd80aeeb3ace4fd15582379bddd2e922a4ef21648cb0c21819c923ce,rlimit,1800
2026-09-27T19:03:31Z,19e19925921f112b6d318368df76697f39f4428c,a42531566e9b,419ae8c971c1,3,best,reverse-complement,c,official,0,ok,0,,ok,0.086380,0.021899,0.093165,0.115064,1.332100,135288,254166745,e5730d4fd55c464f276e5c6062c80f46e0a735281de15d8c957e2731a9baf70e,3fcf4f78104c8a65ef210fe1d469f4e473456c791225f2f1f9114f4986aa09fa,2040ef11bd80aeeb3ace4fd15582379bddd2e922a4ef21648cb0c21819c923ce,rlimit,1800
2026-09-27T19:03:31Z,19e19925921f112b6d318368df76697f39f4428c,a42531566e9b,419ae8c971c1,4,best,reverse-complement,c,official,0,ok,0,,ok,0.085135,0.022383,0.092472,0.114855,1.349100,133916,254166745,e5730d4fd55c464f276e5c6062c80f46e0a735281de15d8c957e2731a9baf70e,3fcf4f78104c8a65ef210fe1d469f4e473456c791225f2f1f9114f4986aa09fa,2040ef11bd80aeeb3ace4fd15582379bddd2e922a4ef21648cb0c21819c923ce,rlimit,1800
2026-09-27T19:03:32Z,19e19925921f112b6d318368df76697f39f4428c,a42531566e9b,cd7618a5482b,0,best,reverse-complement,cpp,official,0,ok,0,,ok,0.102488,0.023011,0.079098,0.102109,0.996300,128584,254166745,e5730d4fd55c464f276e5c6062c80f46e0a735281de15d8c957e2731a9baf70e,3fcf4f78104c8a65ef210fe1d469f4e473456c791225f2f1f9114f4986aa09fa,da63f47c7e8cb60837308685b8302a9148f4555a67104b79f24a88b3a6a6d654,rlimit,1800
2026-09-27T19:03:32Z,19e19925921f112b6d318368df76697f39f4428c,a42531566e9b,cd7618a5482b,1,best,reverse-complement,cpp,official,0,ok,0,,ok,0.097542,0.021012,0.075988,0.097000,0.994400,129012,254166745,e5730d4fd55c464f276e5c6062c80f46e0a735281de15d8c957e2731a9baf70e,3fcf4f78104c8a65ef210fe1d469f4e473456c791225f2f1f9114f4986aa09fa,da63f47c7e8cb60837308685b8302a9148f4555a67104b79f24a88b3a6a6d654,rlimit,1800
2026-09-27T19:03:32Z,19e19925921f112b6d318368df76697f39f4428c,a42531566e9b,cd7618a5482b,2,best,reverse-complement,cpp,official,0,ok,0,,ok,0.098936,0.020914,0.077680,0.098594,0.996500,130116,254166745,e5730d4fd55c464f276e5c6062c80f46e0a735281de15d8c957e2731a9baf70e,3fcf4f78104c8a65ef210fe1d469f4e473456c791225f2f1f9114f4986aa09fa,da63f47c7e8cb60837308685b8302a9148f4555a67104b79f24a88b3a6a6d654,rlimit,1800
2026-09-27T19:03:32Z,19e19925921f112b6d318368df76697f39f4428c,a42531566e9b,cd7618a5482b,3,best,reverse-complement,cpp,official,0,ok,0,,ok,0.099036,0.023908,0.074791,0.098699,0.996600,130120,254166745,e5730d4fd55c464f276e5c6062c80f46e0a735281de15d8c957e2731a9baf70e,3fcf4f78104c8a65ef210fe1d469f4e473456c791225f2f1f9114f4986aa09fa,da63f47c7e8cb60837308685b8302a9148f4555a67104b79f24a88b3a6a6d654,rlimit,1800
2026-09-27T19:03:32Z,19e19925921f112b6d318368df76697f39f4428c,a42531566e9b,cd7618a5482b,4,best,reverse-complement,cpp,official,0,ok,0,,ok,0.096597,0.020044,0.076143,0.096187,0.995800,129116,254166745,e5730d4fd55c464f276e5c6062c80f46e0a735281de15d8c957e2731a9baf70e,3fcf4f78104c8a65ef210fe1d469f4e473456c791225f2f1f9114f4986aa09fa,da63f47c7e8cb60837308685b8302a9148f4555a67104b79f24a88b3a6a6d654,rlimit,1800
2026-09-27T19:03:33Z,19e19925921f112b6d318368df76697f39f4428c,a42531566e9b,8793d02b4606,0,best,reverse-complement,rust,official,0,ok,0,,ok,0.100321,0.117729,0.079195,0.196924,1.962900,127440,254166745,e5730d4fd55c464f276e5c6062c80f46e0a735281de15d8c957e2731a9baf70e,3fcf4f78104c8a65ef210fe1d469f4e473456c791225f2f1f9114f4986aa09fa,e0ee4d10602e0092a8b80db155f377690cec5d537732f57fbeab8bac6f1df183,rlimit,1800
2026-09-27T19:03:33Z,19e19925921f112b6d318368df76697f39f4428c,a42531566e9b,8793d02b4606,1,best,reverse-complement,rust,official,0,ok,0,,ok,0.086715,0.115746,0.078064,0.193810,2.235000,127460,254166745,e5730d4fd55c464f276e5c6062c80f46e0a735281de15d8c957e2731a9baf70e,3fcf4f78104c8a65ef210fe1d469f4e473456c791225f2f1f9114f4986aa09fa,e0ee4d10602e0092a8b80db155f377690cec5d537732f57fbeab8bac6f1df183,rlimit,1800
2026-09-27T19:03:33Z,19e19925921f112b6d318368df76697f39f4428c,a42531566e9b,8793d02b4606,2,best,reverse-complement,rust,official,0,ok,0,,ok,0.085893,0.119568,0.073316,0.192884,2.245600,127640,254166745,e5730d4fd55c464f276e5c6062c80f46e0a735281de15d8c957e2731a9baf70e,3fcf4f78104c8a65ef210fe1d469f4e473456c791225f2f1f9114f4986aa09fa,e0ee4d10602e0092a8b80db155f377690cec5d537732f57fbeab8bac6f1df183,rlimit,1800
2026-09-27T19:03:33Z,19e19925921f112b6d318368df76697f39f4428c,a42531566e9b,8793d02b4606,3,best,reverse-complement,rust,official,0,ok,0,,ok,0.089913,0.118908,0.076873,0.195781,2.177500,127440,254166745,e5730d4fd55c464f276e5c6062c80f46e0a735281de15d8c957e2731a9baf70e,3fcf4f78104c8a65ef210fe1d469f4e473456c791225f2f1f9114f4986aa09fa,e0ee4d10602e0092a8b80db155f377690cec5d537732f57fbeab8bac6f1df183,rlimit,1800
2026-09-27T19:03:34Z,19e19925921f112b6d318368df76697f39f4428c,a42531566e9b,8793d02b4606,4,best,reverse-complement,rust,official,0,ok,0,,ok,0.087984,0.118194,0.075905,0.194099,2.206100,127572,254166745,e5730d4fd55c464f276e5c6062c80f46e0a735281de15d8c957e2731a9baf70e,3fcf4f78104c8a65ef210fe1d469f4e473456c791225f2f1f9114f4986aa09fa,e0ee4d10602e0092a8b80db155f377690cec5d537732f57fbeab8bac6f1df183,rlimit,1800
2026-09-27T19:03:34Z,19e19925921f112b6d318368df76697f39f4428c,a42531566e9b,a8996ee62c0d,0,best,reverse-complement,go,official,0,ok,0,,ok,0.117010,0.264537,0.100255,0.364792,3.117600,163872,254166745,e5730d4fd55c464f276e5c6062c80f46e0a735281de15d8c957e2731a9baf70e,3fcf4f78104c8a65ef210fe1d469f4e473456c791225f2f1f9114f4986aa09fa,35b22bbd26951b2072abfb91ca6657963366aa4c2f824bf3d5fcf2aa572c5c7b,rlimit,1800
2026-09-27T19:03:34Z,19e19925921f112b6d318368df76697f39f4428c,a42531566e9b,a8996ee62c0d,1,best,reverse-complement,go,official,0,ok,0,,ok,0.123521,0.249197,0.103976,0.353173,2.859200,163852,254166745,e5730d4fd55c464f276e5c6062c80f46e0a735281de15d8c957e2731a9baf70e,3fcf4f78104c8a65ef210fe1d469f4e473456c791225f2f1f9114f4986aa09fa,35b22bbd26951b2072abfb91ca6657963366aa4c2f824bf3d5fcf2aa572c5c7b,rlimit,1800
2026-09-27T19:03:34Z,19e19925921f112b6d318368df76697f39f4428c,a42531566e9b,a8996ee62c0d,2,best,reverse-complement,go,official,0,ok,0,,ok,0.119566,0.245416,0.100248,0.345664,2.891000,165916,254166745,e5730d4fd55c464f276e5c6062c80f46e0a735281de15d8c957e2731a9baf70e,3fcf4f78104c8a65ef210fe1d469f4e473456c791225f2f1f9114f4986aa09fa,35b22bbd26951b2072abfb91ca6657963366aa4c2f824bf3d5fcf2aa572c5c7b,rlimit,1800
2026-09-27T19:03:35Z,19e19925921f112b6d318368df76697f39f4428c,a42531566e9b,a8996ee62c0d,3,best,reverse-complement,go,official,0,ok,0,,ok,0.119818,0.248192,0.113919,0.362111,3.022200,163860,254166745,e5730d4fd55c464f276e5c6062c80f46e0a735281de15d8c957e2731a9baf70e,3fcf4f78104c8a65ef210fe1d469f4e473456c791225f2f1f9114f4986aa09fa,35b22bbd26951b2072abfb91ca6657963366aa4c2f824bf3d5fcf2aa572c5c7b,rlimit,1800
2026-09-27T19:03:35Z,19e19925921f112b6d318368df76697f39f4428c,a42531566e9b,a8996ee62c0d,4,best,reverse-complement,go,official,0,ok,0,,ok,0.116851,0.270256,0.104137,0.374393,3.204000,165908,254166745,e5730d4fd55c464f276e5c6062c80f46e0a735281de15d8c957e2731a9baf70e,3fcf4f78104c8a65ef210fe1d469f4e473456c791225f2f1f9114f4986aa09fa,35b22bbd26951b2072abfb91ca6657963366aa4c2f824bf3d5fcf2aa572c5c7b,rlimit,1800
2026-09-27T19:03:35Z,19e19925921f112b6d318368df76697f39f4428c,a42531566e9b,59282a30f40b,0,best,reverse-complement,java,official,0,ok,0,,ok,0.271116,0.256917,0.096721,0.353638,1.304400,551176,254166745,e5730d4fd55c464f276e5c6062c80f46e0a735281de15d8c957e2731a9baf70e,3fcf4f78104c8a65ef210fe1d469f4e473456c791225f2f1f9114f4986aa09fa,77a6e29211dfa89833885e233d4dd566968f8635697d12602d2380baba5a0702,poll,1800
2026-09-27T19:03:36Z,19e19925921f112b6d318368df76697f39f4428c,a42531566e9b,59282a30f40b,1,best,reverse-complement,java,official,0,ok,0,,ok,0.269510,0.253972,0.099388,0.353360,1.311100,551276,254166745,e5730d4fd55c464f276e5c6062c80f46e0a735281de15d8c957e2731a9baf70e,3fcf4f78104c8a65ef210fe1d469f4e473456c791225f2f1f9114f4986aa09fa,77a6e29211dfa89833885e233d4dd566968f8635697d12602d2380baba5a0702,poll,1800
2026-09-27T19:03:36Z,19e19925921f112b6d318368df76697f39f4428c,a42531566e9b,59282a30f40b,2,best,reverse-complement,java,official,0,ok,0,,ok,0.269325,0.242291,0.112536,0.354827,1.317500,550940,254166745,e5730d4fd55c464f276e5c6062c80f46e0a735281de15d8c957e2731a9baf70e,3fcf4f78104c8a65ef210fe1d469f4e473456c791225f2f1f9114f4986aa09fa,77a6e29211dfa89833885e233d4dd566968f8635697d12602d2380baba5a0702,poll,1800
2026-09-27T19:03:36Z,19e19925921f112b6d318368df76697f39f4428c,a42531566e9b,59282a30f40b,3,best,reverse-complement,java,official,0,ok,0,,ok,0.277076,0.259393,0.104312,0.363705,1.312700,551424,254166745,e5730d4fd55c464f276e5c6062c80f46e0a735281de15d8c957e2731a9baf70e,3fcf4f78104c8a65ef210fe1d469f4e473456c791225f2f1f9114f4986aa09fa,77a6e29211dfa89833885e233d4dd566968f8635697d12602d2380baba5a0702,poll,1800
2026-09-27T19:03:37Z,19e19925921f112b6d318368df76697f39f4428c,a42531566e9b,59282a30f40b,4,best,reverse-complement,java,official,0,ok,0,,ok,0.269218,0.247264,0.103904,0.351168,1.304400,551232,254166745,e5730d4fd55c464f276e5c6062c80f46e0a735281de15d8c957e2731a9baf70e,3fcf4f78104c8a65ef210fe1d469f4e473456c791225f2f1f9114f4986aa09fa,77a6e29211dfa89833885e233d4dd566968f8635697d12602d2380baba5a0702,poll,1800
2026-09-27T19:03:37Z,19e19925921f112b6d318368df76697f39f4428c,a42531566e9b,37a0b35dffc1,0,best,reverse-complement,csharp,official,0,ok,0,,ok,0.100785,0.078061,0.112453,0.190514,1.890300,160468,254166745,e5730d4fd55c464f276e5c6062c80f46e0a735281de15d8c957e2731a9baf70e,3fcf4f78104c8a65ef210fe1d469f4e473456c791225f2f1f9114f4986aa09fa,55dcbe6ffd4b04275fc497ae0936f331ab4a5d6c92e4e0637fb73601e9979885,poll,1800
2026-09-27T19:03:37Z,19e19925921f112b6d318368df76697f39f4428c,a42531566e9b,37a0b35dffc1,1,best,reverse-complement,csharp,official,0,ok,0,,ok,0.095497,0.072501,0.126635,0.199136,2.085300,159756,254166745,e5730d4fd55c464f276e5c6062c80f46e0a735281de15d8c957e2731a9baf70e,3fcf4f78104c8a65ef210fe1d469f4e473456c791225f2f1f9114f4986aa09fa,55dcbe6ffd4b04275fc497ae0936f331ab4a5d6c92e4e0637fb73601e9979885,poll,1800
2026-09-27T19:03:38Z,19e19925921f112b6d318368df76697f39f4428c,a42531566e9b,37a0b35dffc1,2,best,reverse-complement,csharp,official,0,ok,0,,ok,0.099648,0.081421,0.128408,0.209829,2.105700,164768,254166745,e5730d4fd55c464f276e5c6062c80f46e0a735281de15d8c957e2731a9baf70e,3fcf4f78104c8a65ef210fe1d469f4e473456c791225f2f1f9114f4986aa09fa,55dcbe6ffd4b04275fc497ae0936f331ab4a5d6c92e4e0637fb73601e9979885,poll,1800
2026-09-27T19:03:38Z,19e19925921f112b6d318368df76697f39f4428c,a42531566e9b,37a0b35dffc1,3,best,reverse-complement,csharp,official,0,ok,0,,ok,0.090351,0.078203,0.112402,0.190605,2.109600,167684,254166745,e5730d4fd55c464f276e5c6062c80f46e0a735281de15d8c957e2731a9baf70e,3fcf4f78104c8a65ef210fe1d469f4e473456c791225f2f1f9114f4986aa09fa,55dcbe6ffd4b04275fc497ae0936f331ab4a5d6c92e4e0637fb73601e9979885,poll,1800
2026-09-27T19:03:38Z,19e19925921f112b6d318368df76697f39f4428c,a42531566e9b,37a0b35dffc1,4,best,reverse-complement,csharp,official,0,ok,0,,ok,0.092772,0.069058,0.124895,0.193953,2.090600,172616,254166745,e5730d4fd55c464f276e5c6062c80f46e0a735281de15d8c957e2731a9baf70e,3fcf4f78104c8a65ef210fe1d469f4e473456c791225f2f1f9114f4986aa09fa,55dcbe6ffd4b04275fc497ae0936f331ab4a5d6c92e4e0637fb73601e9979885,poll,1800
2026-09-27T19:03:40Z,19e19925921f112b6d318368df76697f39f4428c,a42531566e9b,904ebf6a17b1,0,best,reverse-complement,javascript,official,0,ok,0,,ok,2.088956,2.075165,0.103376,2.178541,1.042900,243584,254166745,e5730d4fd55c464f276e5c6062c80f46e0a735281de15d8c957e2731a9baf70e,3fcf4f78104c8a65ef210fe1d469f4e473456c791225f2f1f9114f4986aa09fa,e491f06396c5f99915b66b8d3b11086e6abc886b4b0d6befc4b896b1622ae209,poll,1800
2026-09-27T19:03:42Z,19e19925921f112b6d318368df76697f39f4428c,a42531566e9b,904ebf6a17b1,1,best,reverse-complement,javascript,official,0,ok,0,,ok,1.923968,1.887796,0.126004,2.013800,1.046700,236448,254166745,e5730d4fd55c464f276e5c6062c80f46e0a735281de15d8c957e2731a9baf70e,3fcf4f78104c8a65ef210fe1d469f4e473456c791225f2f1f9114f4986aa09fa,e491f06396c5f99915b66b8d3b11086e6abc886b4b0d6befc4b896b1622ae209,poll,1800
2026-09-27T19:03:44Z,19e19925921f112b6d318368df76697f39f4428c,a42531566e9b,904ebf6a17b1,2,best,reverse-complement,javascript,official,0,ok,0,,ok,1.921257,1.907156,0.101706,2.008862,1.045600,237564,254166745,e5730d4fd55c464f276e5c6062c80f46e0a735281de15d8c957e2731a9baf70e,3fcf4f78104c8a65ef210fe1d469f4e473456c791225f2f1f9114f4986aa09fa,e491f06396c5f99915b66b8d3b11086e6abc886b4b0d6befc4b896b1622ae209,poll,1800
2026-09-27T19:03:46Z,19e19925921f112b6d318368df76697f39f4428c,a42531566e9b,904ebf6a17b1,3,best,reverse-complement,javascript,official,0,ok,0,,ok,1.944000,1.917894,0.110462,2.028356,1.043400,237160,254166745,e5730d4fd55c464f276e5c6062c80f46e0a735281de15d8c957e2731a9baf70e,3fcf4f78104c8a65ef210fe1d469f4e473456c791225f2f1f9114f4986aa09fa,e491f06396c5f99915b66b8d3b11086e6abc886b4b0d6befc4b896b1622ae209,poll,1800
2026-09-27T19:03:48Z,19e19925921f112b6d318368df76697f39f4428c,a42531566e9b,904ebf6a17b1,4,best,reverse-complement,javascript,official,0,ok,0,,ok,1.911734,1.878884,0.122075,2.000959,1.046700,236500,254166745,e5730d4fd55c464f276e5c6062c80f46e0a735281de15d8c957e2731a9baf70e,3fcf4f78104c8a65ef210fe1d469f4e473456c791225f2f1f9114f4986aa09fa,e491f06396c5f99915b66b8d3b11086e6abc886b4b0d6befc4b896b1622ae209,poll,1800
2026-09-27T19:03:49Z,19e19925921f112b6d318368df76697f39f4428c,a42531566e9b,73b8b47739e1,0,best,reverse-complement,python,official,0,ok,0,,ok,0.354134,0.348703,0.165665,0.514368,1.452500,386816,254166745,e5730d4fd55c464f276e5c6062c80f46e0a735281de15d8c957e2731a9baf70e,3fcf4f78104c8a65ef210fe1d469f4e473456c791225f2f1f9114f4986aa09fa,8ac42eaeb1672af58348c5334f129b3f3bddf7527d175a94c2187e63039ccc31,rlimit,1800
2026-09-27T19:03:49Z,19e19925921f112b6d318368df76697f39f4428c,a42531566e9b,73b8b47739e1,1,best,reverse-complement,python,official,0,ok,0,,ok,0.375445,0.340899,0.166091,0.506990,1.350400,388256,254166745,e5730d4fd55c464f276e5c6062c80f46e0a735281de15d8c957e2731a9baf70e,3fcf4f78104c8a65ef210fe1d469f4e473456c791225f2f1f9114f4986aa09fa,8ac42eaeb1672af58348c5334f129b3f3bddf7527d175a94c2187e63039ccc31,rlimit,1800
2026-09-27T19:03:50Z,19e19925921f112b6d318368df76697f39f4428c,a42531566e9b,73b8b47739e1,2,best,reverse-complement,python,official,0,ok,0,,ok,0.352005,0.357495,0.155156,0.512651,1.456400,386396,254166745,e5730d4fd55c464f276e5c6062c80f46e0a735281de15d8c957e2731a9baf70e,3fcf4f78104c8a65ef210fe1d469f4e473456c791225f2f1f9114f4986aa09fa,8ac42eaeb1672af58348c5334f129b3f3bddf7527d175a94c2187e63039ccc31,rlimit,1800
2026-09-27T19:03:50Z,19e19925921f112b6d318368df76697f39f4428c,a42531566e9b,73b8b47739e1,3,best,reverse-complement,python,official,0,ok,0,,ok,0.350741,0.349437,0.157865,0.507302,1.446400,387820,254166745,e5730d4fd55c464f276e5c6062c80f46e0a735281de15d8c957e2731a9baf70e,3fcf4f78104c8a65ef210fe1d469f4e473456c791225f2f1f9114f4986aa09fa,8ac42eaeb1672af58348c5334f129b3f3bddf7527d175a94c2187e63039ccc31,rlimit,1800
2026-09-27T19:03:51Z,19e19925921f112b6d318368df76697f39f4428c,a42531566e9b,73b8b47739e1,4,best,reverse-complement,python,official,0,ok,0,,ok,0.345198,0.348991,0.150791,0.499782,1.447800,387368,254166745,e5730d4fd55c464f276e5c6062c80f46e0a735281de15d8c957e2731a9baf70e,3fcf4f78104c8a65ef210fe1d469f4e473456c791225f2f1f9114f4986aa09fa,8ac42eaeb1672af58348c5334f129b3f3bddf7527d175a94c2187e63039ccc31,rlimit,1800
2026-09-27T19:03:51Z,19e19925921f112b6d318368df76697f39f4428c,a42531566e9b,c311a3e1e518,0,best,reverse-complement,fortran,official,0,ok,0,,ok,0.252293,0.163049,0.088396,0.251445,0.996600,250548,254166745,e5730d4fd55c464f276e5c6062c80f46e0a735281de15d8c957e2731a9baf70e,3fcf4f78104c8a65ef210fe1d469f4e473456c791225f2f1f9114f4986aa09fa,7d485d91897a435cdb0dd0bb695f09514a541ea19145200eba47adf3d48e19b9,rlimit,1800
2026-09-27T19:03:52Z,19e19925921f112b6d318368df76697f39f4428c,a42531566e9b,c311a3e1e518,1,best,reverse-complement,fortran,official,0,ok,0,,ok,0.253562,0.168941,0.083838,0.252779,0.996900,250548,254166745,e5730d4fd55c464f276e5c6062c80f46e0a735281de15d8c957e2731a9baf70e,3fcf4f78104c8a65ef210fe1d469f4e473456c791225f2f1f9114f4986aa09fa,7d485d91897a435cdb0dd0bb695f09514a541ea19145200eba47adf3d48e19b9,rlimit,1800
2026-09-27T19:03:52Z,19e19925921f112b6d318368df76697f39f4428c,a42531566e9b,c311a3e1e518,2,best,reverse-complement,fortran,official,0,ok,0,,ok,0.248486,0.156894,0.090854,0.247748,0.997000,249584,254166745,e5730d4fd55c464f276e5c6062c80f46e0a735281de15d8c957e2731a9baf70e,3fcf4f78104c8a65ef210fe1d469f4e473456c791225f2f1f9114f4986aa09fa,7d485d91897a435cdb0dd0bb695f09514a541ea19145200eba47adf3d48e19b9,rlimit,1800
2026-09-27T19:03:52Z,19e19925921f112b6d318368df76697f39f4428c,a42531566e9b,c311a3e1e518,3,best,reverse-complement,fortran,official,0,ok,0,,ok,0.257285,0.171484,0.084826,0.256310,0.996200,249484,254166745,e5730d4fd55c464f276e5c6062c80f46e0a735281de15d8c957e2731a9baf70e,3fcf4f78104c8a65ef210fe1d469f4e473456c791225f2f1f9114f4986aa09fa,7d485d91897a435cdb0dd0bb695f09514a541ea19145200eba47adf3d48e19b9,rlimit,1800
2026-09-27T19:03:53Z,19e19925921f112b6d318368df76697f39f4428c,a42531566e9b,c311a3e1e518,4,best,reverse-complement,fortran,official,0,ok,0,,ok,0.252531,0.170219,0.081561,0.251780,0.997000,249572,254166745,e5730d4fd55c464f276e5c6062c80f46e0a735281de15d8c957e2731a9baf70e,3fcf4f78104c8a65ef210fe1d469f4e473456c791225f2f1f9114f4986aa09fa,7d485d91897a435cdb0dd0bb695f09514a541ea19145200eba47adf3d48e19b9,rlimit,1800
2026-09-27T19:03:53Z,19e19925921f112b6d318368df76697f39f4428c,a42531566e9b,73b98836a38d,0,best,reverse-complement,pascal,official,0,ok,0,,ok,0.321949,0.247129,0.073446,0.320575,0.995700,132604,254166745,e5730d4fd55c464f276e5c6062c80f46e0a735281de15d8c957e2731a9baf70e,3fcf4f78104c8a65ef210fe1d469f4e473456c791225f2f1f9114f4986aa09fa,5517f02133f5e6bd2e326313d045bf4109e62b79a4eb3ca73e6a1cc7892b7ffa,rlimit,1800
2026-09-27T19:03:54Z,19e19925921f112b6d318368df76697f39f4428c,a42531566e9b,73b98836a38d,1,best,reverse-complement,pascal,official,0,ok,0,,ok,0.318415,0.230238,0.087483,0.317721,0.997800,132620,254166745,e5730d4fd55c464f276e5c6062c80f46e0a735281de15d8c957e2731a9baf70e,3fcf4f78104c8a65ef210fe1d469f4e473456c791225f2f1f9114f4986aa09fa,5517f02133f5e6bd2e326313d045bf4109e62b79a4eb3ca73e6a1cc7892b7ffa,rlimit,1800
2026-09-27T19:03:54Z,19e19925921f112b6d318368df76697f39f4428c,a42531566e9b,73b98836a38d,2,best,reverse-complement,pascal,official,0,ok,0,,ok,0.331368,0.267590,0.062757,0.330347,0.996900,132320,254166745,e5730d4fd55c464f276e5c6062c80f46e0a735281de15d8c957e2731a9baf70e,3fcf4f78104c8a65ef210fe1d469f4e473456c791225f2f1f9114f4986aa09fa,5517f02133f5e6bd2e326313d045bf4109e62b79a4eb3ca73e6a1cc7892b7ffa,rlimit,1800
2026-09-27T19:03:55Z,19e19925921f112b6d318368df76697f39f4428c,a42531566e9b,73b98836a38d,3,best,reverse-complement,pascal,official,0,ok,0,,ok,0.316148,0.248548,0.066871,0.315419,0.997700,132920,254166745,e5730d4fd55c464f276e5c6062c80f46e0a735281de15d8c957e2731a9baf70e,3fcf4f78104c8a65ef210fe1d469f4e473456c791225f2f1f9114f4986aa09fa,5517f02133f5e6bd2e326313d045bf4109e62b79a4eb3ca73e6a1cc7892b7ffa,rlimit,1800
2026-09-27T19:03:55Z,19e19925921f112b6d318368df76697f39f4428c,a42531566e9b,73b98836a38d,4,best,reverse-complement,pascal,official,0,ok,0,,ok,0.334711,0.266983,0.066980,0.333963,0.997800,132148,254166745,e5730d4fd55c464f276e5c6062c80f46e0a735281de15d8c957e2731a9baf70e,3fcf4f78104c8a65ef210fe1d469f4e473456c791225f2f1f9114f4986aa09fa,5517f02133f5e6bd2e326313d045bf4109e62b79a4eb3ca73e6a1cc7892b7ffa,rlimit,1800
2026-09-27T19:03:56Z,19e19925921f112b6d318368df76697f39f4428c,a42531566e9b,ff5d10e101af,0,st,pidigits,c,official,10000,ok,0,,reference,0.398935,0.398059,0.000000,0.398059,0.997800,2928,16893,bdfa7b6c756d96492f472f97aee9cc139bee954d271eacedfd7ace5d2875f06c,,83c4668954b1bcdc141abc3ed5fb21c6f0b75af1c74a2e6a5caa4cb965eaf91f,rlimit,1800
2026-09-27T19:03:56Z,19e19925921f112b6d318368df76697f39f4428c,a42531566e9b,ff5d10e101af,1,st,pidigits,c,official,10000,ok,0,,reference,0.399070,0.396292,0.001833,0.398125,0.997600,2840,16893,bdfa7b6c756d96492f472f97aee9cc139bee954d271eacedfd7ace5d2875f06c,,83c4668954b1bcdc141abc3ed5fb21c6f0b75af1c74a2e6a5caa4cb965eaf91f,rlimit,1800
2026-09-27T19:03:56Z,19e19925921f112b6d318368df76697f39f4428c,a42531566e9b,ff5d10e101af,2,st,pidigits,c,official,10000,ok,0,,reference,0.399891,0.398293,0.000000,0.398293,0.996000,2992,16893,bdfa7b6c756d96492f472f97aee9cc139bee954d271eacedfd7ace5d2875f06c,,83c4668954b1bcdc141abc3ed5fb21c6f0b75af1c74a2e6a5caa4cb965eaf91f,rlimit,1800
2026-09-27T19:03:57Z,19e19925921f112b6d318368df76697f39f4428c,a42531566e9b,ff5d10e101af,3,st,pidigits,c,official,10000,ok,0,,reference,0.398766,0.398006,0.000000,0.398006,0.998100,2864,16893,bdfa7b6c756d96492f472f97aee9cc139bee954d271eacedfd7ace5d2875f06c,,83c4668954b1bcdc141abc3ed5fb21c6f0b75af1c74a2e6a5caa4cb965eaf91f,rlimit,1800
2026-09-27T19:03:57Z,19e19925921f112b6d318368df76697f39f4428c,a42531566e9b,ff5d10e101af,4,st,pidigits,c,official,10000,ok,0,,reference,0.399499,0.396475,0.001786,0.398261,0.996900,2928,16893,bdfa7b6c756d96492f472f97aee9cc139bee954d271eacedfd7ace5d2875f06c,,83c4668954b1bcdc141abc3ed5fb21c6f0b75af1c74a2e6a5caa4cb965eaf91f,rlimit,1800
2026-09-27T19:03:58Z,19e19925921f112b6d318368df76697f39f4428c,a42531566e9b,f1faab6c9aae,0,st,pidigits,resid,official,10000,ok,0,,ok,0.433128,0.431099,0.000999,0.432098,0.997600,4900,16893,bdfa7b6c756d96492f472f97aee9cc139bee954d271eacedfd7ace5d2875f06c,,a1586ee741d94111518258ed610218e5421691be732a84deaa33e6c1f60f512c,rlimit,1800
2026-09-27T19:03:58Z,19e19925921f112b6d318368df76697f39f4428c,a42531566e9b,f1faab6c9aae,1,st,pidigits,resid,official,10000,ok,0,,ok,0.433496,0.432583,0.000000,0.432583,0.997900,4900,16893,bdfa7b6c756d96492f472f97aee9cc139bee954d271eacedfd7ace5d2875f06c,,a1586ee741d94111518258ed610218e5421691be732a84deaa33e6c1f60f512c,rlimit,1800
2026-09-27T19:03:59Z,19e19925921f112b6d318368df76697f39f4428c,a42531566e9b,f1faab6c9aae,2,st,pidigits,resid,official,10000,ok,0,,ok,0.435630,0.433957,0.000000,0.433957,0.996200,4900,16893,bdfa7b6c756d96492f472f97aee9cc139bee954d271eacedfd7ace5d2875f06c,,a1586ee741d94111518258ed610218e5421691be732a84deaa33e6c1f60f512c,rlimit,1800
2026-09-27T19:03:59Z,19e19925921f112b6d318368df76697f39f4428c,a42531566e9b,f1faab6c9aae,3,st,pidigits,resid,official,10000,ok,0,,ok,0.434423,0.431576,0.001999,0.433575,0.998000,4900,16893,bdfa7b6c756d96492f472f97aee9cc139bee954d271eacedfd7ace5d2875f06c,,a1586ee741d94111518258ed610218e5421691be732a84deaa33e6c1f60f512c,rlimit,1800
2026-09-27T19:03:59Z,19e19925921f112b6d318368df76697f39f4428c,a42531566e9b,f1faab6c9aae,4,st,pidigits,resid,official,10000,ok,0,,ok,0.434776,0.430451,0.002910,0.433361,0.996700,4900,16893,bdfa7b6c756d96492f472f97aee9cc139bee954d271eacedfd7ace5d2875f06c,,a1586ee741d94111518258ed610218e5421691be732a84deaa33e6c1f60f512c,rlimit,1800
2026-09-27T19:04:00Z,19e19925921f112b6d318368df76697f39f4428c,a42531566e9b,9dcf71aadff8,0,st,pidigits,cpp,official,10000,ok,0,,ok,0.399667,0.398767,0.000000,0.398767,0.997700,5132,16893,bdfa7b6c756d96492f472f97aee9cc139bee954d271eacedfd7ace5d2875f06c,,ac5a30fa136ec2859b403ee65df3776db32515a662a60e307d3daad573070af7,rlimit,1800
2026-09-27T19:04:00Z,19e19925921f112b6d318368df76697f39f4428c,a42531566e9b,9dcf71aadff8,1,st,pidigits,cpp,official,10000,ok,0,,ok,0.400036,0.397023,0.001918,0.398941,0.997300,5064,16893,bdfa7b6c756d96492f472f97aee9cc139bee954d271eacedfd7ace5d2875f06c,,ac5a30fa136ec2859b403ee65df3776db32515a662a60e307d3daad573070af7,rlimit,1800
2026-09-27T19:04:01Z,19e19925921f112b6d318368df76697f39f4428c,a42531566e9b,9dcf71aadff8,2,st,pidigits,cpp,official,10000,ok,0,,ok,0.399881,0.397802,0.000997,0.398799,0.997300,5064,16893,bdfa7b6c756d96492f472f97aee9cc139bee954d271eacedfd7ace5d2875f06c,,ac5a30fa136ec2859b403ee65df3776db32515a662a60e307d3daad573070af7,rlimit,1800
2026-09-27T19:04:01Z,19e19925921f112b6d318368df76697f39f4428c,a42531566e9b,9dcf71aadff8,3,st,pidigits,cpp,official,10000,ok,0,,ok,0.399313,0.398694,0.000000,0.398694,0.998400,5072,16893,bdfa7b6c756d96492f472f97aee9cc139bee954d271eacedfd7ace5d2875f06c,,ac5a30fa136ec2859b403ee65df3776db32515a662a60e307d3daad573070af7,rlimit,1800
2026-09-27T19:04:01Z,19e19925921f112b6d318368df76697f39f4428c,a42531566e9b,9dcf71aadff8,4,st,pidigits,cpp,official,10000,ok,0,,ok,0.399645,0.398716,0.000000,0.398716,0.997700,5136,16893,bdfa7b6c756d96492f472f97aee9cc139bee954d271eacedfd7ace5d2875f06c,,ac5a30fa136ec2859b403ee65df3776db32515a662a60e307d3daad573070af7,rlimit,1800
2026-09-27T19:04:02Z,19e19925921f112b6d318368df76697f39f4428c,a42531566e9b,f37ed3e11e06,0,st,pidigits,rust,official,10000,ok,0,,ok,0.429283,0.417038,0.000000,0.417038,0.971500,3336,16893,bdfa7b6c756d96492f472f97aee9cc139bee954d271eacedfd7ace5d2875f06c,,9eb578e4edcf17c1978934480270ceaa4657fe0160ac963bd015541b7a99ff66,rlimit,1800
2026-09-27T19:04:02Z,19e19925921f112b6d318368df76697f39f4428c,a42531566e9b,f37ed3e11e06,1,st,pidigits,rust,official,10000,ok,0,,ok,0.417819,0.416915,0.000000,0.416915,0.997800,3448,16893,bdfa7b6c756d96492f472f97aee9cc139bee954d271eacedfd7ace5d2875f06c,,9eb578e4edcf17c1978934480270ceaa4657fe0160ac963bd015541b7a99ff66,rlimit,1800
2026-09-27T19:04:03Z,19e19925921f112b6d318368df76697f39f4428c,a42531566e9b,f37ed3e11e06,2,st,pidigits,rust,official,10000,ok,0,,ok,0.417449,0.415746,0.000996,0.416742,0.998300,3396,16893,bdfa7b6c756d96492f472f97aee9cc139bee954d271eacedfd7ace5d2875f06c,,9eb578e4edcf17c1978934480270ceaa4657fe0160ac963bd015541b7a99ff66,rlimit,1800
2026-09-27T19:04:03Z,19e19925921f112b6d318368df76697f39f4428c,a42531566e9b,f37ed3e11e06,3,st,pidigits,rust,official,10000,ok,0,,ok,0.417378,0.415718,0.000999,0.416717,0.998400,3512,16893,bdfa7b6c756d96492f472f97aee9cc139bee954d271eacedfd7ace5d2875f06c,,9eb578e4edcf17c1978934480270ceaa4657fe0160ac963bd015541b7a99ff66,rlimit,1800
2026-09-27T19:04:04Z,19e19925921f112b6d318368df76697f39f4428c,a42531566e9b,f37ed3e11e06,4,st,pidigits,rust,official,10000,ok,0,,ok,0.418064,0.417054,0.000000,0.417054,0.997600,3336,16893,bdfa7b6c756d96492f472f97aee9cc139bee954d271eacedfd7ace5d2875f06c,,9eb578e4edcf17c1978934480270ceaa4657fe0160ac963bd015541b7a99ff66,rlimit,1800
2026-09-27T19:04:04Z,19e19925921f112b6d318368df76697f39f4428c,a42531566e9b,dc3f657b8dff,0,st,pidigits,go,official,10000,ok,0,,ok,0.820537,0.816392,0.001990,0.818382,0.997400,10584,16893,bdfa7b6c756d96492f472f97aee9cc139bee954d271eacedfd7ace5d2875f06c,,734a49cc4412fda507f552dd773ae804aa87fb70de0b6e14f36ad89de455a800,rlimit,1800
2026-09-27T19:04:05Z,19e19925921f112b6d318368df76697f39f4428c,a42531566e9b,dc3f657b8dff,1,st,pidigits,go,official,10000,ok,0,,ok,0.822837,0.816529,0.003898,0.820427,0.997100,10768,16893,bdfa7b6c756d96492f472f97aee9cc139bee954d271eacedfd7ace5d2875f06c,,734a49cc4412fda507f552dd773ae804aa87fb70de0b6e14f36ad89de455a800,rlimit,1800
2026-09-27T19:04:06Z,19e19925921f112b6d318368df76697f39f4428c,a42531566e9b,dc3f657b8dff,2,st,pidigits,go,official,10000,ok,0,,ok,0.822421,0.816614,0.003989,0.820603,0.997800,10824,16893,bdfa7b6c756d96492f472f97aee9cc139bee954d271eacedfd7ace5d2875f06c,,734a49cc4412fda507f552dd773ae804aa87fb70de0b6e14f36ad89de455a800,rlimit,1800
2026-09-27T19:04:07Z,19e19925921f112b6d318368df76697f39f4428c,a42531566e9b,dc3f657b8dff,3,st,pidigits,go,official,10000,ok,0,,ok,0.820380,0.811941,0.005975,0.817916,0.997000,10812,16893,bdfa7b6c756d96492f472f97aee9cc139bee954d271eacedfd7ace5d2875f06c,,734a49cc4412fda507f552dd773ae804aa87fb70de0b6e14f36ad89de455a800,rlimit,1800
2026-09-27T19:04:08Z,19e19925921f112b6d318368df76697f39f4428c,a42531566e9b,dc3f657b8dff,4,st,pidigits,go,official,10000,ok,0,,ok,0.821514,0.814343,0.004982,0.819325,0.997300,10792,16893,bdfa7b6c756d96492f472f97aee9cc139bee954d271eacedfd7ace5d2875f06c,,734a49cc4412fda507f552dd773ae804aa87fb70de0b6e14f36ad89de455a800,rlimit,1800
2026-09-27T19:04:09Z,19e19925921f112b6d318368df76697f39f4428c,a42531566e9b,90829baa1e98,0,st,pidigits,java,official,10000,ok,0,,ok,1.783171,1.734412,0.043859,1.778271,0.997300,58848,16893,bdfa7b6c756d96492f472f97aee9cc139bee954d271eacedfd7ace5d2875f06c,,0bcbc6ba6c25abc93a1d14150a93d0e8a237dedc09a93713767433a610928859,poll,1800
2026-09-27T19:04:11Z,19e19925921f112b6d318368df76697f39f4428c,a42531566e9b,90829baa1e98,1,st,pidigits,java,official,10000,ok,0,,ok,1.789811,1.745529,0.039809,1.785338,0.997500,58684,16893,bdfa7b6c756d96492f472f97aee9cc139bee954d271eacedfd7ace5d2875f06c,,0bcbc6ba6c25abc93a1d14150a93d0e8a237dedc09a93713767433a610928859,poll,1800
2026-09-27T19:04:13Z,19e19925921f112b6d318368df76697f39f4428c,a42531566e9b,90829baa1e98,2,st,pidigits,java,official,10000,ok,0,,ok,1.779617,1.745859,0.028910,1.774769,0.997300,58932,16893,bdfa7b6c756d96492f472f97aee9cc139bee954d271eacedfd7ace5d2875f06c,,0bcbc6ba6c25abc93a1d14150a93d0e8a237dedc09a93713767433a610928859,poll,1800
2026-09-27T19:04:15Z,19e19925921f112b6d318368df76697f39f4428c,a42531566e9b,90829baa1e98,3,st,pidigits,java,official,10000,ok,0,,ok,1.792087,1.750428,0.035692,1.786120,0.996700,58884,16893,bdfa7b6c756d96492f472f97aee9cc139bee954d271eacedfd7ace5d2875f06c,,0bcbc6ba6c25abc93a1d14150a93d0e8a237dedc09a93713767433a610928859,poll,1800
2026-09-27T19:04:17Z,19e19925921f112b6d318368df76697f39f4428c,a42531566e9b,90829baa1e98,4,st,pidigits,java,official,10000,ok,0,,ok,1.780789,1.749902,0.025583,1.775485,0.997000,57956,16893,bdfa7b6c756d96492f472f97aee9cc139bee954d271eacedfd7ace5d2875f06c,,0bcbc6ba6c25abc93a1d14150a93d0e8a237dedc09a93713767433a610928859,poll,1800
2026-09-27T19:04:19Z,19e19925921f112b6d318368df76697f39f4428c,a42531566e9b,9d400423a7c5,0,st,pidigits,csharp,official,10000,ok,0,,ok,2.514960,2.446481,0.014810,2.461291,0.978700,43772,16893,bdfa7b6c756d96492f472f97aee9cc139bee954d271eacedfd7ace5d2875f06c,,de2b2da70300a6138ceb493da500054fc7575568bc278eed4a36c0ead26b37f9,poll,1800
2026-09-27T19:04:22Z,19e19925921f112b6d318368df76697f39f4428c,a42531566e9b,9d400423a7c5,1,st,pidigits,csharp,official,10000,ok,0,,ok,2.473094,2.440175,0.024631,2.464806,0.996600,42272,16893,bdfa7b6c756d96492f472f97aee9cc139bee954d271eacedfd7ace5d2875f06c,,de2b2da70300a6138ceb493da500054fc7575568bc278eed4a36c0ead26b37f9,poll,1800
2026-09-27T19:04:24Z,19e19925921f112b6d318368df76697f39f4428c,a42531566e9b,9d400423a7c5,2,st,pidigits,csharp,official,10000,ok,0,,ok,2.468532,2.445546,0.016852,2.462398,0.997500,42336,16893,bdfa7b6c756d96492f472f97aee9cc139bee954d271eacedfd7ace5d2875f06c,,de2b2da70300a6138ceb493da500054fc7575568bc278eed4a36c0ead26b37f9,poll,1800
2026-09-27T19:04:27Z,19e19925921f112b6d318368df76697f39f4428c,a42531566e9b,9d400423a7c5,3,st,pidigits,csharp,official,10000,ok,0,,ok,2.476129,2.452383,0.016895,2.469278,0.997200,42228,16893,bdfa7b6c756d96492f472f97aee9cc139bee954d271eacedfd7ace5d2875f06c,,de2b2da70300a6138ceb493da500054fc7575568bc278eed4a36c0ead26b37f9,poll,1800
2026-09-27T19:04:29Z,19e19925921f112b6d318368df76697f39f4428c,a42531566e9b,9d400423a7c5,4,st,pidigits,csharp,official,10000,ok,0,,ok,2.450721,2.425293,0.018452,2.443745,0.997200,42268,16893,bdfa7b6c756d96492f472f97aee9cc139bee954d271eacedfd7ace5d2875f06c,,de2b2da70300a6138ceb493da500054fc7575568bc278eed4a36c0ead26b37f9,poll,1800
2026-09-27T19:04:34Z,19e19925921f112b6d318368df76697f39f4428c,a42531566e9b,ca96070b2b20,0,st,pidigits,javascript,official,10000,ok,0,,ok,4.969158,4.873412,0.084838,4.958250,0.997800,125856,16893,bdfa7b6c756d96492f472f97aee9cc139bee954d271eacedfd7ace5d2875f06c,,5087e7bbc3a8ee6338b1a635a5c9c6a8d545e3765904097df669c1eb64105945,poll,1800
2026-09-27T19:04:39Z,19e19925921f112b6d318368df76697f39f4428c,a42531566e9b,ca96070b2b20,1,st,pidigits,javascript,official,10000,ok,0,,ok,4.753913,4.651984,0.090523,4.742507,0.997600,126112,16893,bdfa7b6c756d96492f472f97aee9cc139bee954d271eacedfd7ace5d2875f06c,,5087e7bbc3a8ee6338b1a635a5c9c6a8d545e3765904097df669c1eb64105945,poll,1800
2026-09-27T19:04:44Z,19e19925921f112b6d318368df76697f39f4428c,a42531566e9b,ca96070b2b20,2,st,pidigits,javascript,official,10000,ok,0,,ok,4.907677,4.752181,0.142884,4.895065,0.997400,126068,16893,bdfa7b6c756d96492f472f97aee9cc139bee954d271eacedfd7ace5d2875f06c,,5087e7bbc3a8ee6338b1a635a5c9c6a8d545e3765904097df669c1eb64105945,poll,1800
2026-09-27T19:04:48Z,19e19925921f112b6d318368df76697f39f4428c,a42531566e9b,ca96070b2b20,3,st,pidigits,javascript,official,10000,ok,0,,ok,4.712961,4.590946,0.110278,4.701224,0.997500,125944,16893,bdfa7b6c756d96492f472f97aee9cc139bee954d271eacedfd7ace5d2875f06c,,5087e7bbc3a8ee6338b1a635a5c9c6a8d545e3765904097df669c1eb64105945,poll,1800
2026-09-27T19:04:53Z,19e19925921f112b6d318368df76697f39f4428c,a42531566e9b,ca96070b2b20,4,st,pidigits,javascript,official,10000,ok,0,,ok,4.712486,4.603484,0.097571,4.701055,0.997600,125808,16893,bdfa7b6c756d96492f472f97aee9cc139bee954d271eacedfd7ace5d2875f06c,,5087e7bbc3a8ee6338b1a635a5c9c6a8d545e3765904097df669c1eb64105945,poll,1800
2026-09-27T19:04:55Z,19e19925921f112b6d318368df76697f39f4428c,a42531566e9b,0245cf57ddce,0,st,pidigits,python,official,10000,ok,0,,ok,1.838910,1.794545,0.039935,1.834480,0.997600,10904,16893,bdfa7b6c756d96492f472f97aee9cc139bee954d271eacedfd7ace5d2875f06c,,d6a2b66aa4c2264c3d6ddccb87385101cc396dc40442a1dde6ecd3c6a7965f3a,rlimit,1800
2026-09-27T19:04:57Z,19e19925921f112b6d318368df76697f39f4428c,a42531566e9b,0245cf57ddce,1,st,pidigits,python,official,10000,ok,0,,ok,1.837168,1.788362,0.044687,1.833049,0.997800,11012,16893,bdfa7b6c756d96492f472f97aee9cc139bee954d271eacedfd7ace5d2875f06c,,d6a2b66aa4c2264c3d6ddccb87385101cc396dc40442a1dde6ecd3c6a7965f3a,rlimit,1800
2026-09-27T19:04:59Z,19e19925921f112b6d318368df76697f39f4428c,a42531566e9b,0245cf57ddce,2,st,pidigits,python,official,10000,ok,0,,ok,1.836901,1.795929,0.036931,1.832860,0.997800,11004,16893,bdfa7b6c756d96492f472f97aee9cc139bee954d271eacedfd7ace5d2875f06c,,d6a2b66aa4c2264c3d6ddccb87385101cc396dc40442a1dde6ecd3c6a7965f3a,rlimit,1800
2026-09-27T19:05:00Z,19e19925921f112b6d318368df76697f39f4428c,a42531566e9b,0245cf57ddce,3,st,pidigits,python,official,10000,ok,0,,ok,1.835787,1.807325,0.024520,1.831845,0.997900,10896,16893,bdfa7b6c756d96492f472f97aee9cc139bee954d271eacedfd7ace5d2875f06c,,d6a2b66aa4c2264c3d6ddccb87385101cc396dc40442a1dde6ecd3c6a7965f3a,rlimit,1800
2026-09-27T19:05:02Z,19e19925921f112b6d318368df76697f39f4428c,a42531566e9b,0245cf57ddce,4,st,pidigits,python,official,10000,ok,0,,ok,1.836319,1.790843,0.041891,1.832734,0.998000,11020,16893,bdfa7b6c756d96492f472f97aee9cc139bee954d271eacedfd7ace5d2875f06c,,d6a2b66aa4c2264c3d6ddccb87385101cc396dc40442a1dde6ecd3c6a7965f3a,rlimit,1800
2026-09-27T19:05:03Z,19e19925921f112b6d318368df76697f39f4428c,a42531566e9b,0072a0695728,0,st,pidigits,fortran,official,10000,ok,0,,ok,0.398540,0.397792,0.000000,0.397792,0.998100,4068,16893,bdfa7b6c756d96492f472f97aee9cc139bee954d271eacedfd7ace5d2875f06c,,577239eb1233bb41074b17821297b0c16363c789c9ca864c8eef22d76cc062a7,rlimit,1800
2026-09-27T19:05:03Z,19e19925921f112b6d318368df76697f39f4428c,a42531566e9b,0072a0695728,1,st,pidigits,fortran,official,10000,ok,0,,ok,0.398621,0.397889,0.000000,0.397889,0.998200,4048,16893,bdfa7b6c756d96492f472f97aee9cc139bee954d271eacedfd7ace5d2875f06c,,577239eb1233bb41074b17821297b0c16363c789c9ca864c8eef22d76cc062a7,rlimit,1800
2026-09-27T19:05:03Z,19e19925921f112b6d318368df76697f39f4428c,a42531566e9b,0072a0695728,2,st,pidigits,fortran,official,10000,ok,0,,ok,0.398739,0.397759,0.000000,0.397759,0.997500,4060,16893,bdfa7b6c756d96492f472f97aee9cc139bee954d271eacedfd7ace5d2875f06c,,577239eb1233bb41074b17821297b0c16363c789c9ca864c8eef22d76cc062a7,rlimit,1800
2026-09-27T19:05:04Z,19e19925921f112b6d318368df76697f39f4428c,a42531566e9b,0072a0695728,3,st,pidigits,fortran,official,10000,ok,0,,ok,0.398242,0.396538,0.000999,0.397537,0.998200,4200,16893,bdfa7b6c756d96492f472f97aee9cc139bee954d271eacedfd7ace5d2875f06c,,577239eb1233bb41074b17821297b0c16363c789c9ca864c8eef22d76cc062a7,rlimit,1800
2026-09-27T19:05:04Z,19e19925921f112b6d318368df76697f39f4428c,a42531566e9b,0072a0695728,4,st,pidigits,fortran,official,10000,ok,0,,ok,0.398656,0.396883,0.000996,0.397879,0.998100,4004,16893,bdfa7b6c756d96492f472f97aee9cc139bee954d271eacedfd7ace5d2875f06c,,577239eb1233bb41074b17821297b0c16363c789c9ca864c8eef22d76cc062a7,rlimit,1800
2026-09-27T19:05:05Z,19e19925921f112b6d318368df76697f39f4428c,a42531566e9b,70a807441ea0,0,st,pidigits,pascal,official,10000,ok,0,,ok,0.398794,0.397097,0.000988,0.398085,0.998200,3248,16893,bdfa7b6c756d96492f472f97aee9cc139bee954d271eacedfd7ace5d2875f06c,,44defbcc0f99584b4200baae63005f93953a6c8ef15bfc46e41180d30746b040,rlimit,1800
2026-09-27T19:05:05Z,19e19925921f112b6d318368df76697f39f4428c,a42531566e9b,70a807441ea0,1,st,pidigits,pascal,official,10000,ok,0,,ok,0.398786,0.398017,0.000000,0.398017,0.998100,3340,16893,bdfa7b6c756d96492f472f97aee9cc139bee954d271eacedfd7ace5d2875f06c,,44defbcc0f99584b4200baae63005f93953a6c8ef15bfc46e41180d30746b040,rlimit,1800
2026-09-27T19:05:05Z,19e19925921f112b6d318368df76697f39f4428c,a42531566e9b,70a807441ea0,2,st,pidigits,pascal,official,10000,ok,0,,ok,0.399248,0.396298,0.001991,0.398289,0.997600,3276,16893,bdfa7b6c756d96492f472f97aee9cc139bee954d271eacedfd7ace5d2875f06c,,44defbcc0f99584b4200baae63005f93953a6c8ef15bfc46e41180d30746b040,rlimit,1800
2026-09-27T19:05:06Z,19e19925921f112b6d318368df76697f39f4428c,a42531566e9b,70a807441ea0,3,st,pidigits,pascal,official,10000,ok,0,,ok,0.398280,0.397587,0.000000,0.397587,0.998300,3340,16893,bdfa7b6c756d96492f472f97aee9cc139bee954d271eacedfd7ace5d2875f06c,,44defbcc0f99584b4200baae63005f93953a6c8ef15bfc46e41180d30746b040,rlimit,1800
2026-09-27T19:05:06Z,19e19925921f112b6d318368df76697f39f4428c,a42531566e9b,70a807441ea0,4,st,pidigits,pascal,official,10000,ok,0,,ok,0.399506,0.398202,0.000000,0.398202,0.996700,3312,16893,bdfa7b6c756d96492f472f97aee9cc139bee954d271eacedfd7ace5d2875f06c,,44defbcc0f99584b4200baae63005f93953a6c8ef15bfc46e41180d30746b040,rlimit,1800
2026-09-27T19:05:07Z,19e19925921f112b6d318368df76697f39f4428c,a42531566e9b,a3674282b184,0,best,pidigits,resid,official,10000,ok,0,,ok,0.454948,0.452153,0.001987,0.454140,0.998200,4908,16893,bdfa7b6c756d96492f472f97aee9cc139bee954d271eacedfd7ace5d2875f06c,,90a0a00f88a0786eb42515e7312c050ebb2d07787d9c6dbdb76611e6da65acd0,rlimit,1800
2026-09-27T19:05:07Z,19e19925921f112b6d318368df76697f39f4428c,a42531566e9b,a3674282b184,1,best,pidigits,resid,official,10000,ok,0,,ok,0.460583,0.456357,0.002988,0.459345,0.997300,4780,16893,bdfa7b6c756d96492f472f97aee9cc139bee954d271eacedfd7ace5d2875f06c,,90a0a00f88a0786eb42515e7312c050ebb2d07787d9c6dbdb76611e6da65acd0,rlimit,1800
2026-09-27T19:05:08Z,19e19925921f112b6d318368df76697f39f4428c,a42531566e9b,a3674282b184,2,best,pidigits,resid,official,10000,ok,0,,ok,0.461171,0.459355,0.000999,0.460354,0.998200,4648,16893,bdfa7b6c756d96492f472f97aee9cc139bee954d271eacedfd7ace5d2875f06c,,90a0a00f88a0786eb42515e7312c050ebb2d07787d9c6dbdb76611e6da65acd0,rlimit,1800
2026-09-27T19:05:08Z,19e19925921f112b6d318368df76697f39f4428c,a42531566e9b,a3674282b184,3,best,pidigits,resid,official,10000,ok,0,,ok,0.455587,0.451638,0.002987,0.454625,0.997900,4904,16893,bdfa7b6c756d96492f472f97aee9cc139bee954d271eacedfd7ace5d2875f06c,,90a0a00f88a0786eb42515e7312c050ebb2d07787d9c6dbdb76611e6da65acd0,rlimit,1800
2026-09-27T19:05:09Z,19e19925921f112b6d318368df76697f39f4428c,a42531566e9b,a3674282b184,4,best,pidigits,resid,official,10000,ok,0,,ok,0.457609,0.453468,0.002992,0.456460,0.997500,4908,16893,bdfa7b6c756d96492f472f97aee9cc139bee954d271eacedfd7ace5d2875f06c,,90a0a00f88a0786eb42515e7312c050ebb2d07787d9c6dbdb76611e6da65acd0,rlimit,1800
2026-09-27T19:05:09Z,19e19925921f112b6d318368df76697f39f4428c,a42531566e9b,8f1a33cddd79,0,best,pidigits,c,official,10000,ok,0,,ok,0.371390,0.368695,0.001993,0.370688,0.998100,2992,16893,bdfa7b6c756d96492f472f97aee9cc139bee954d271eacedfd7ace5d2875f06c,,038c5895621792ff799a71b9d4b3b2206059f3236ef15a4fb171e5374eaebdc0,rlimit,1800
2026-09-27T19:05:09Z,19e19925921f112b6d318368df76697f39f4428c,a42531566e9b,8f1a33cddd79,1,best,pidigits,c,official,10000,ok,0,,ok,0.367416,0.366463,0.000000,0.366463,0.997400,3120,16893,bdfa7b6c756d96492f472f97aee9cc139bee954d271eacedfd7ace5d2875f06c,,038c5895621792ff799a71b9d4b3b2206059f3236ef15a4fb171e5374eaebdc0,rlimit,1800
2026-09-27T19:05:10Z,19e19925921f112b6d318368df76697f39f4428c,a42531566e9b,8f1a33cddd79,2,best,pidigits,c,official,10000,ok,0,,ok,0.375284,0.373523,0.000998,0.374521,0.998000,2864,16893,bdfa7b6c756d96492f472f97aee9cc139bee954d271eacedfd7ace5d2875f06c,,038c5895621792ff799a71b9d4b3b2206059f3236ef15a4fb171e5374eaebdc0,rlimit,1800
2026-09-27T19:05:10Z,19e19925921f112b6d318368df76697f39f4428c,a42531566e9b,8f1a33cddd79,3,best,pidigits,c,official,10000,ok,0,,ok,0.377605,0.376830,0.000000,0.376830,0.997900,2864,16893,bdfa7b6c756d96492f472f97aee9cc139bee954d271eacedfd7ace5d2875f06c,,038c5895621792ff799a71b9d4b3b2206059f3236ef15a4fb171e5374eaebdc0,rlimit,1800
2026-09-27T19:05:10Z,19e19925921f112b6d318368df76697f39f4428c,a42531566e9b,8f1a33cddd79,4,best,pidigits,c,official,10000,ok,0,,ok,0.371986,0.370455,0.000792,0.371247,0.998000,2864,16893,bdfa7b6c756d96492f472f97aee9cc139bee954d271eacedfd7ace5d2875f06c,,038c5895621792ff799a71b9d4b3b2206059f3236ef15a4fb171e5374eaebdc0,rlimit,1800
2026-09-27T19:05:11Z,19e19925921f112b6d318368df76697f39f4428c,a42531566e9b,bddcfc745076,0,best,pidigits,cpp,official,10000,ok,0,,ok,0.403467,0.400818,0.001991,0.402809,0.998400,4940,16893,bdfa7b6c756d96492f472f97aee9cc139bee954d271eacedfd7ace5d2875f06c,,86cc70b044fa11677496ef8161ee46952cad38322cf48a93a3479f65944978a6,rlimit,1800
2026-09-27T19:05:11Z,19e19925921f112b6d318368df76697f39f4428c,a42531566e9b,bddcfc745076,1,best,pidigits,cpp,official,10000,ok,0,,ok,0.404569,0.401720,0.001992,0.403712,0.997900,5004,16893,bdfa7b6c756d96492f472f97aee9cc139bee954d271eacedfd7ace5d2875f06c,,86cc70b044fa11677496ef8161ee46952cad38322cf48a93a3479f65944978a6,rlimit,1800
2026-09-27T19:05:12Z,19e19925921f112b6d318368df76697f39f4428c,a42531566e9b,bddcfc745076,2,best,pidigits,cpp,official,10000,ok,0,,ok,0.403592,0.402927,0.000000,0.402927,0.998400,5004,16893,bdfa7b6c756d96492f472f97aee9cc139bee954d271eacedfd7ace5d2875f06c,,86cc70b044fa11677496ef8161ee46952cad38322cf48a93a3479f65944978a6,rlimit,1800
2026-09-27T19:05:12Z,19e19925921f112b6d318368df76697f39f4428c,a42531566e9b,bddcfc745076,3,best,pidigits,cpp,official,10000,ok,0,,ok,0.401507,0.399685,0.000983,0.400668,0.997900,5208,16893,bdfa7b6c756d96492f472f97aee9cc139bee954d271eacedfd7ace5d2875f06c,,86cc70b044fa11677496ef8161ee46952cad38322cf48a93a3479f65944978a6,rlimit,1800
2026-09-27T19:05:12Z,19e19925921f112b6d318368df76697f39f4428c,a42531566e9b,bddcfc745076,4,best,pidigits,cpp,official,10000,ok,0,,ok,0.404158,0.403415,0.000000,0.403415,0.998200,5052,16893,bdfa7b6c756d96492f472f97aee9cc139bee954d271eacedfd7ace5d2875f06c,,86cc70b044fa11677496ef8161ee46952cad38322cf48a93a3479f65944978a6,rlimit,1800
2026-09-27T19:05:13Z,19e19925921f112b6d318368df76697f39f4428c,a42531566e9b,76dbcbb0de9f,0,best,pidigits,rust,official,10000,ok,0,,ok,0.385774,0.371735,0.001974,0.373709,0.968700,3120,16893,bdfa7b6c756d96492f472f97aee9cc139bee954d271eacedfd7ace5d2875f06c,,d6e1e72e5c6836493822a17d99f3823ef4df22296c801db424d4918568f2c595,rlimit,1800
2026-09-27T19:05:13Z,19e19925921f112b6d318368df76697f39f4428c,a42531566e9b,76dbcbb0de9f,1,best,pidigits,rust,official,10000,ok,0,,ok,0.376548,0.375573,0.000000,0.375573,0.997400,3124,16893,bdfa7b6c756d96492f472f97aee9cc139bee954d271eacedfd7ace5d2875f06c,,d6e1e72e5c6836493822a17d99f3823ef4df22296c801db424d4918568f2c595,rlimit,1800
2026-09-27T19:05:14Z,19e19925921f112b6d318368df76697f39f4428c,a42531566e9b,76dbcbb0de9f,2,best,pidigits,rust,official,10000,ok,0,,ok,0.380117,0.378381,0.000997,0.379378,0.998100,3136,16893,bdfa7b6c756d96492f472f97aee9cc139bee954d271eacedfd7ace5d2875f06c,,d6e1e72e5c6836493822a17d99f3823ef4df22296c801db424d4918568f2c595,rlimit,1800
2026-09-27T19:05:14Z,19e19925921f112b6d318368df76697f39f4428c,a42531566e9b,76dbcbb0de9f,3,best,pidigits,rust,official,10000,ok,0,,ok,0.378920,0.376190,0.001987,0.378177,0.998000,3200,16893,bdfa7b6c756d96492f472f97aee9cc139bee954d271eacedfd7ace5d2875f06c,,d6e1e72e5c6836493822a17d99f3823ef4df22296c801db424d4918568f2c595,rlimit,1800
2026-09-27T19:05:14Z,19e19925921f112b6d318368df76697f39f4428c,a42531566e9b,76dbcbb0de9f,4,best,pidigits,rust,official,10000,ok,0,,ok,0.377573,0.375911,0.000987,0.376898,0.998200,3224,16893,bdfa7b6c756d96492f472f97aee9cc139bee954d271eacedfd7ace5d2875f06c,,d6e1e72e5c6836493822a17d99f3823ef4df22296c801db424d4918568f2c595,rlimit,1800
2026-09-27T19:05:15Z,19e19925921f112b6d318368df76697f39f4428c,a42531566e9b,e70a1d54795f,0,best,pidigits,go,official,10000,ok,0,,ok,0.417378,0.417081,0.001007,0.418088,1.001700,6660,16893,bdfa7b6c756d96492f472f97aee9cc139bee954d271eacedfd7ace5d2875f06c,,b1bedb960695a9103023a534fe7816aae7694da4a0d8fe3f23a7da46d306d99b,rlimit,1800
2026-09-27T19:05:15Z,19e19925921f112b6d318368df76697f39f4428c,a42531566e9b,e70a1d54795f,1,best,pidigits,go,official,10000,ok,0,,ok,0.420963,0.420871,0.001001,0.421872,1.002200,8924,16893,bdfa7b6c756d96492f472f97aee9cc139bee954d271eacedfd7ace5d2875f06c,,b1bedb960695a9103023a534fe7816aae7694da4a0d8fe3f23a7da46d306d99b,rlimit,1800
2026-09-27T19:05:16Z,19e19925921f112b6d318368df76697f39f4428c,a42531566e9b,e70a1d54795f,2,best,pidigits,go,official,10000,ok,0,,ok,0.426259,0.420100,0.006914,0.427014,1.001800,6864,16893,bdfa7b6c756d96492f472f97aee9cc139bee954d271eacedfd7ace5d2875f06c,,b1bedb960695a9103023a534fe7816aae7694da4a0d8fe3f23a7da46d306d99b,rlimit,1800
2026-09-27T19:05:16Z,19e19925921f112b6d318368df76697f39f4428c,a42531566e9b,e70a1d54795f,3,best,pidigits,go,official,10000,ok,0,,ok,0.423504,0.422275,0.001998,0.424273,1.001800,8864,16893,bdfa7b6c756d96492f472f97aee9cc139bee954d271eacedfd7ace5d2875f06c,,b1bedb960695a9103023a534fe7816aae7694da4a0d8fe3f23a7da46d306d99b,rlimit,1800
2026-09-27T19:05:17Z,19e19925921f112b6d318368df76697f39f4428c,a42531566e9b,e70a1d54795f,4,best,pidigits,go,official,10000,ok,0,,ok,0.420985,0.420108,0.001992,0.422100,1.002600,8820,16893,bdfa7b6c756d96492f472f97aee9cc139bee954d271eacedfd7ace5d2875f06c,,b1bedb960695a9103023a534fe7816aae7694da4a0d8fe3f23a7da46d306d99b,rlimit,1800
2026-09-27T19:05:17Z,19e19925921f112b6d318368df76697f39f4428c,a42531566e9b,a37dc0f92e67,0,best,pidigits,java,official,10000,ok,0,,ok,0.421634,0.434976,0.012751,0.447727,1.061900,47536,16893,bdfa7b6c756d96492f472f97aee9cc139bee954d271eacedfd7ace5d2875f06c,,f21b045290c13fb7de358641778992e3cae9f815c2447996c6c81f10bfe1b6e9,poll,1800
2026-09-27T19:05:17Z,19e19925921f112b6d318368df76697f39f4428c,a42531566e9b,a37dc0f92e67,1,best,pidigits,java,official,10000,ok,0,,ok,0.425374,0.434289,0.013952,0.448241,1.053800,47600,16893,bdfa7b6c756d96492f472f97aee9cc139bee954d271eacedfd7ace5d2875f06c,,f21b045290c13fb7de358641778992e3cae9f815c2447996c6c81f10bfe1b6e9,poll,1800
2026-09-27T19:05:18Z,19e19925921f112b6d318368df76697f39f4428c,a42531566e9b,a37dc0f92e67,2,best,pidigits,java,official,10000,ok,0,,ok,0.429173,0.437197,0.013940,0.451137,1.051200,47504,16893,bdfa7b6c756d96492f472f97aee9cc139bee954d271eacedfd7ace5d2875f06c,,f21b045290c13fb7de358641778992e3cae9f815c2447996c6c81f10bfe1b6e9,poll,1800
2026-09-27T19:05:18Z,19e19925921f112b6d318368df76697f39f4428c,a42531566e9b,a37dc0f92e67,3,best,pidigits,java,official,10000,ok,0,,ok,0.423135,0.429540,0.013008,0.442548,1.045900,47580,16893,bdfa7b6c756d96492f472f97aee9cc139bee954d271eacedfd7ace5d2875f06c,,f21b045290c13fb7de358641778992e3cae9f815c2447996c6c81f10bfe1b6e9,poll,1800
2026-09-27T19:05:19Z,19e19925921f112b6d318368df76697f39f4428c,a42531566e9b,a37dc0f92e67,4,best,pidigits,java,official,10000,ok,0,,ok,0.425770,0.443504,0.009026,0.452530,1.062900,47700,16893,bdfa7b6c756d96492f472f97aee9cc139bee954d271eacedfd7ace5d2875f06c,,f21b045290c13fb7de358641778992e3cae9f815c2447996c6c81f10bfe1b6e9,poll,1800
2026-09-27T19:05:19Z,19e19925921f112b6d318368df76697f39f4428c,a42531566e9b,9414b6b535e3,0,best,pidigits,csharp,official,10000,ok,0,,ok,0.469109,0.411930,0.010751,0.422681,0.901000,28940,16893,bdfa7b6c756d96492f472f97aee9cc139bee954d271eacedfd7ace5d2875f06c,,a8d491160aec99c2e776de9f6d0731185054016489cf26383e9a9eb4d3c6bf55,poll,1800
2026-09-27T19:05:20Z,19e19925921f112b6d318368df76697f39f4428c,a42531566e9b,9414b6b535e3,1,best,pidigits,csharp,official,10000,ok,0,,ok,0.421400,0.417711,0.005001,0.422712,1.003100,28984,16893,bdfa7b6c756d96492f472f97aee9cc139bee954d271eacedfd7ace5d2875f06c,,a8d491160aec99c2e776de9f6d0731185054016489cf26383e9a9eb4d3c6bf55,poll,1800
2026-09-27T19:05:20Z,19e19925921f112b6d318368df76697f39f4428c,a42531566e9b,9414b6b535e3,2,best,pidigits,csharp,official,10000,ok,0,,ok,0.421067,0.399849,0.022136,0.421985,1.002200,28912,16893,bdfa7b6c756d96492f472f97aee9cc139bee954d271eacedfd7ace5d2875f06c,,a8d491160aec99c2e776de9f6d0731185054016489cf26383e9a9eb4d3c6bf55,poll,1800
2026-09-27T19:05:20Z,19e19925921f112b6d318368df76697f39f4428c,a42531566e9b,9414b6b535e3,3,best,pidigits,csharp,official,10000,ok,0,,ok,0.420529,0.415224,0.006010,0.421234,1.001700,28960,16893,bdfa7b6c756d96492f472f97aee9cc139bee954d271eacedfd7ace5d2875f06c,,a8d491160aec99c2e776de9f6d0731185054016489cf26383e9a9eb4d3c6bf55,poll,1800
2026-09-27T19:05:21Z,19e19925921f112b6d318368df76697f39f4428c,a42531566e9b,9414b6b535e3,4,best,pidigits,csharp,official,10000,ok,0,,ok,0.419595,0.413244,0.006988,0.420232,1.001500,28960,16893,bdfa7b6c756d96492f472f97aee9cc139bee954d271eacedfd7ace5d2875f06c,,a8d491160aec99c2e776de9f6d0731185054016489cf26383e9a9eb4d3c6bf55,poll,1800
2026-09-27T19:05:25Z,19e19925921f112b6d318368df76697f39f4428c,a42531566e9b,75359208c289,0,best,pidigits,javascript,official,10000,ok,0,,ok,4.639397,4.558910,0.091772,4.650682,1.002400,129808,16893,bdfa7b6c756d96492f472f97aee9cc139bee954d271eacedfd7ace5d2875f06c,,de2affe82cf881e8d6b52e7f2e7f7116169888a722b0d9e12ce7200829ff3959,poll,1800
2026-09-27T19:05:30Z,19e19925921f112b6d318368df76697f39f4428c,a42531566e9b,75359208c289,1,best,pidigits,javascript,official,10000,ok,0,,ok,4.740153,4.604070,0.145478,4.749548,1.002000,129460,16893,bdfa7b6c756d96492f472f97aee9cc139bee954d271eacedfd7ace5d2875f06c,,de2affe82cf881e8d6b52e7f2e7f7116169888a722b0d9e12ce7200829ff3959,poll,1800
2026-09-27T19:05:35Z,19e19925921f112b6d318368df76697f39f4428c,a42531566e9b,75359208c289,2,best,pidigits,javascript,official,10000,ok,0,,ok,4.706056,4.611716,0.107676,4.719392,1.002800,129904,16893,bdfa7b6c756d96492f472f97aee9cc139bee954d271eacedfd7ace5d2875f06c,,de2affe82cf881e8d6b52e7f2e7f7116169888a722b0d9e12ce7200829ff3959,poll,1800
2026-09-27T19:05:40Z,19e19925921f112b6d318368df76697f39f4428c,a42531566e9b,75359208c289,3,best,pidigits,javascript,official,10000,ok,0,,ok,4.805717,4.731456,0.082109,4.813565,1.001600,129556,16893,bdfa7b6c756d96492f472f97aee9cc139bee954d271eacedfd7ace5d2875f06c,,de2affe82cf881e8d6b52e7f2e7f7116169888a722b0d9e12ce7200829ff3959,poll,1800
2026-09-27T19:05:44Z,19e19925921f112b6d318368df76697f39f4428c,a42531566e9b,75359208c289,4,best,pidigits,javascript,official,10000,ok,0,,ok,4.612540,4.536465,0.084783,4.621248,1.001900,129356,16893,bdfa7b6c756d96492f472f97aee9cc139bee954d271eacedfd7ace5d2875f06c,,de2affe82cf881e8d6b52e7f2e7f7116169888a722b0d9e12ce7200829ff3959,poll,1800
2026-09-27T19:05:45Z,19e19925921f112b6d318368df76697f39f4428c,a42531566e9b,6e6f964d9fcd,0,best,pidigits,python,official,10000,ok,0,,ok,0.548405,0.544506,0.002960,0.547466,0.998300,16352,16893,bdfa7b6c756d96492f472f97aee9cc139bee954d271eacedfd7ace5d2875f06c,,83751d3a49a390aeceee9954d5d45050a387f7c85aa22a9f895fdd1460f65ff1,rlimit,1800
2026-09-27T19:05:45Z,19e19925921f112b6d318368df76697f39f4428c,a42531566e9b,6e6f964d9fcd,1,best,pidigits,python,official,10000,ok,0,,ok,0.551530,0.544260,0.005984,0.550244,0.997700,16268,16893,bdfa7b6c756d96492f472f97aee9cc139bee954d271eacedfd7ace5d2875f06c,,83751d3a49a390aeceee9954d5d45050a387f7c85aa22a9f895fdd1460f65ff1,rlimit,1800
2026-09-27T19:05:46Z,19e19925921f112b6d318368df76697f39f4428c,a42531566e9b,6e6f964d9fcd,2,best,pidigits,python,official,10000,ok,0,,ok,0.548904,0.541853,0.005980,0.547833,0.998000,16508,16893,bdfa7b6c756d96492f472f97aee9cc139bee954d271eacedfd7ace5d2875f06c,,83751d3a49a390aeceee9954d5d45050a387f7c85aa22a9f895fdd1460f65ff1,rlimit,1800
2026-09-27T19:05:47Z,19e19925921f112b6d318368df76697f39f4428c,a42531566e9b,6e6f964d9fcd,3,best,pidigits,python,official,10000,ok,0,,ok,0.554426,0.544243,0.009155,0.553398,0.998100,16332,16893,bdfa7b6c756d96492f472f97aee9cc139bee954d271eacedfd7ace5d2875f06c,,83751d3a49a390aeceee9954d5d45050a387f7c85aa22a9f895fdd1460f65ff1,rlimit,1800
2026-09-27T19:05:47Z,19e19925921f112b6d318368df76697f39f4428c,a42531566e9b,6e6f964d9fcd,4,best,pidigits,python,official,10000,ok,0,,ok,0.548314,0.541230,0.005983,0.547213,0.998000,16304,16893,bdfa7b6c756d96492f472f97aee9cc139bee954d271eacedfd7ace5d2875f06c,,83751d3a49a390aeceee9954d5d45050a387f7c85aa22a9f895fdd1460f65ff1,rlimit,1800
2026-09-27T19:05:48Z,19e19925921f112b6d318368df76697f39f4428c,a42531566e9b,e8ce952b8323,0,best,pidigits,fortran,official,10000,ok,0,,ok,0.399141,0.396331,0.001993,0.398324,0.998000,4052,16893,bdfa7b6c756d96492f472f97aee9cc139bee954d271eacedfd7ace5d2875f06c,,1ccba54186a062838101328f6e6f731b6528593803c2423094a43a246c6171d7,rlimit,1800
2026-09-27T19:05:48Z,19e19925921f112b6d318368df76697f39f4428c,a42531566e9b,e8ce952b8323,1,best,pidigits,fortran,official,10000,ok,0,,ok,0.401804,0.399026,0.001992,0.401018,0.998000,3900,16893,bdfa7b6c756d96492f472f97aee9cc139bee954d271eacedfd7ace5d2875f06c,,1ccba54186a062838101328f6e6f731b6528593803c2423094a43a246c6171d7,rlimit,1800
2026-09-27T19:05:48Z,19e19925921f112b6d318368df76697f39f4428c,a42531566e9b,e8ce952b8323,2,best,pidigits,fortran,official,10000,ok,0,,ok,0.403159,0.399224,0.002804,0.402028,0.997200,3912,16893,bdfa7b6c756d96492f472f97aee9cc139bee954d271eacedfd7ace5d2875f06c,,1ccba54186a062838101328f6e6f731b6528593803c2423094a43a246c6171d7,rlimit,1800
2026-09-27T19:05:49Z,19e19925921f112b6d318368df76697f39f4428c,a42531566e9b,e8ce952b8323,3,best,pidigits,fortran,official,10000,ok,0,,ok,0.398877,0.396823,0.000998,0.397821,0.997400,3944,16893,bdfa7b6c756d96492f472f97aee9cc139bee954d271eacedfd7ace5d2875f06c,,1ccba54186a062838101328f6e6f731b6528593803c2423094a43a246c6171d7,rlimit,1800
2026-09-27T19:05:49Z,19e19925921f112b6d318368df76697f39f4428c,a42531566e9b,e8ce952b8323,4,best,pidigits,fortran,official,10000,ok,0,,ok,0.399006,0.397198,0.001002,0.398200,0.998000,4020,16893,bdfa7b6c756d96492f472f97aee9cc139bee954d271eacedfd7ace5d2875f06c,,1ccba54186a062838101328f6e6f731b6528593803c2423094a43a246c6171d7,rlimit,1800
2026-09-27T19:05:50Z,19e19925921f112b6d318368df76697f39f4428c,a42531566e9b,075271049ee2,0,best,pidigits,pascal,official,10000,ok,0,,ok,0.398661,0.394754,0.002782,0.397536,0.997200,2844,16893,bdfa7b6c756d96492f472f97aee9cc139bee954d271eacedfd7ace5d2875f06c,,a1aadc60d868938d9419f58c2ac77c85b5bf9ee727e6ac42bfc1030c4557022c,rlimit,1800
2026-09-27T19:05:50Z,19e19925921f112b6d318368df76697f39f4428c,a42531566e9b,075271049ee2,1,best,pidigits,pascal,official,10000,ok,0,,ok,0.402258,0.400489,0.000997,0.401486,0.998100,2836,16893,bdfa7b6c756d96492f472f97aee9cc139bee954d271eacedfd7ace5d2875f06c,,a1aadc60d868938d9419f58c2ac77c85b5bf9ee727e6ac42bfc1030c4557022c,rlimit,1800
2026-09-27T19:05:50Z,19e19925921f112b6d318368df76697f39f4428c,a42531566e9b,075271049ee2,2,best,pidigits,pascal,official,10000,ok,0,,ok,0.400649,0.399895,0.000000,0.399895,0.998100,2876,16893,bdfa7b6c756d96492f472f97aee9cc139bee954d271eacedfd7ace5d2875f06c,,a1aadc60d868938d9419f58c2ac77c85b5bf9ee727e6ac42bfc1030c4557022c,rlimit,1800
2026-09-27T19:05:51Z,19e19925921f112b6d318368df76697f39f4428c,a42531566e9b,075271049ee2,3,best,pidigits,pascal,official,10000,ok,0,,ok,0.399998,0.398216,0.000998,0.399214,0.998000,2748,16893,bdfa7b6c756d96492f472f97aee9cc139bee954d271eacedfd7ace5d2875f06c,,a1aadc60d868938d9419f58c2ac77c85b5bf9ee727e6ac42bfc1030c4557022c,rlimit,1800
2026-09-27T19:05:51Z,19e19925921f112b6d318368df76697f39f4428c,a42531566e9b,075271049ee2,4,best,pidigits,pascal,official,10000,ok,0,,ok,0.402331,0.398229,0.002751,0.400980,0.996600,3004,16893,bdfa7b6c756d96492f472f97aee9cc139bee954d271eacedfd7ace5d2875f06c,,a1aadc60d868938d9419f58c2ac77c85b5bf9ee727e6ac42bfc1030c4557022c,rlimit,1800
2026-09-27T19:05:53Z,19e19925921f112b6d318368df76697f39f4428c,a42531566e9b,74f6c266e068,0,st,regex-redux,c,official,0,ok,0,,reference,1.599327,1.578780,0.016936,1.595716,0.997700,155352,298,a37e6da1d43b332d5c0f4fc25b76090e9095d4c97c25f1a7186385e87706e4af,97197f5957a12f8a859ba7edff6d97994daa18afacd77db21fa68c6f2e447e38,7f801e7b422dfe8c1049a8c5a29590d32c7087df31b376650a81d29b8f96a541,rlimit,1800
2026-09-27T19:05:54Z,19e19925921f112b6d318368df76697f39f4428c,a42531566e9b,74f6c266e068,1,st,regex-redux,c,official,0,ok,0,,reference,1.601057,1.581201,0.015773,1.596974,0.997400,156392,298,a37e6da1d43b332d5c0f4fc25b76090e9095d4c97c25f1a7186385e87706e4af,97197f5957a12f8a859ba7edff6d97994daa18afacd77db21fa68c6f2e447e38,7f801e7b422dfe8c1049a8c5a29590d32c7087df31b376650a81d29b8f96a541,rlimit,1800
2026-09-27T19:05:56Z,19e19925921f112b6d318368df76697f39f4428c,a42531566e9b,74f6c266e068,2,st,regex-redux,c,official,0,ok,0,,reference,1.608527,1.586436,0.018699,1.605135,0.997900,156368,298,a37e6da1d43b332d5c0f4fc25b76090e9095d4c97c25f1a7186385e87706e4af,97197f5957a12f8a859ba7edff6d97994daa18afacd77db21fa68c6f2e447e38,7f801e7b422dfe8c1049a8c5a29590d32c7087df31b376650a81d29b8f96a541,rlimit,1800
2026-09-27T19:05:58Z,19e19925921f112b6d318368df76697f39f4428c,a42531566e9b,74f6c266e068,3,st,regex-redux,c,official,0,ok,0,,reference,1.602501,1.578389,0.019943,1.598332,0.997400,156344,298,a37e6da1d43b332d5c0f4fc25b76090e9095d4c97c25f1a7186385e87706e4af,97197f5957a12f8a859ba7edff6d97994daa18afacd77db21fa68c6f2e447e38,7f801e7b422dfe8c1049a8c5a29590d32c7087df31b376650a81d29b8f96a541,rlimit,1800
2026-09-27T19:05:59Z,19e19925921f112b6d318368df76697f39f4428c,a42531566e9b,74f6c266e068,4,st,regex-redux,c,official,0,ok,0,,reference,1.596931,1.571934,0.020790,1.592724,0.997400,156324,298,a37e6da1d43b332d5c0f4fc25b76090e9095d4c97c25f1a7186385e87706e4af,97197f5957a12f8a859ba7edff6d97994daa18afacd77db21fa68c6f2e447e38,7f801e7b422dfe8c1049a8c5a29590d32c7087df31b376650a81d29b8f96a541,rlimit,1800
2026-09-27T19:06:19Z,19e19925921f112b6d318368df76697f39f4428c,a42531566e9b,cdb6d03a5c9a,0,st,regex-redux,cpp,official,0,ok,0,,ok,20.030923,19.921193,0.075446,19.996639,0.998300,201580,298,a37e6da1d43b332d5c0f4fc25b76090e9095d4c97c25f1a7186385e87706e4af,97197f5957a12f8a859ba7edff6d97994daa18afacd77db21fa68c6f2e447e38,142f937cc493e598ae302168d3c50c1beb3c27d28e9db9b1947e513d9d8d44e7,rlimit,1800
2026-09-27T19:06:39Z,19e19925921f112b6d318368df76697f39f4428c,a42531566e9b,cdb6d03a5c9a,1,st,regex-redux,cpp,official,0,ok,0,,ok,20.039596,19.939939,0.063754,20.003693,0.998200,201580,298,a37e6da1d43b332d5c0f4fc25b76090e9095d4c97c25f1a7186385e87706e4af,97197f5957a12f8a859ba7edff6d97994daa18afacd77db21fa68c6f2e447e38,142f937cc493e598ae302168d3c50c1beb3c27d28e9db9b1947e513d9d8d44e7,rlimit,1800
2026-09-27T19:06:59Z,19e19925921f112b6d318368df76697f39f4428c,a42531566e9b,cdb6d03a5c9a,2,st,regex-redux,cpp,official,0,ok,0,,ok,20.131585,20.005660,0.090228,20.095888,0.998200,200128,298,a37e6da1d43b332d5c0f4fc25b76090e9095d4c97c25f1a7186385e87706e4af,97197f5957a12f8a859ba7edff6d97994daa18afacd77db21fa68c6f2e447e38,142f937cc493e598ae302168d3c50c1beb3c27d28e9db9b1947e513d9d8d44e7,rlimit,1800
2026-09-27T19:07:19Z,19e19925921f112b6d318368df76697f39f4428c,a42531566e9b,cdb6d03a5c9a,3,st,regex-redux,cpp,official,0,ok,0,,ok,20.041944,19.928573,0.078138,20.006711,0.998200,201384,298,a37e6da1d43b332d5c0f4fc25b76090e9095d4c97c25f1a7186385e87706e4af,97197f5957a12f8a859ba7edff6d97994daa18afacd77db21fa68c6f2e447e38,142f937cc493e598ae302168d3c50c1beb3c27d28e9db9b1947e513d9d8d44e7,rlimit,1800
2026-09-27T19:07:39Z,19e19925921f112b6d318368df76697f39f4428c,a42531566e9b,cdb6d03a5c9a,4,st,regex-redux,cpp,official,0,ok,0,,ok,20.021909,19.904434,0.079021,19.983455,0.998100,201404,298,a37e6da1d43b332d5c0f4fc25b76090e9095d4c97c25f1a7186385e87706e4af,97197f5957a12f8a859ba7edff6d97994daa18afacd77db21fa68c6f2e447e38,142f937cc493e598ae302168d3c50c1beb3c27d28e9db9b1947e513d9d8d44e7,rlimit,1800
2026-09-27T19:07:40Z,19e19925921f112b6d318368df76697f39f4428c,a42531566e9b,86bea2ff8ecb,0,st,regex-redux,rust,official,0,ok,0,,ok,0.588596,0.546383,0.029799,0.576182,0.978900,157928,298,a37e6da1d43b332d5c0f4fc25b76090e9095d4c97c25f1a7186385e87706e4af,97197f5957a12f8a859ba7edff6d97994daa18afacd77db21fa68c6f2e447e38,cb8286ab0ae8e52bbd95574108d205e94aedcb7e5c53f88f6fbc5571015d8eb8,rlimit,1800
2026-09-27T19:07:41Z,19e19925921f112b6d318368df76697f39f4428c,a42531566e9b,86bea2ff8ecb,1,st,regex-redux,rust,official,0,ok,0,,ok,0.573754,0.549418,0.022893,0.572311,0.997500,156268,298,a37e6da1d43b332d5c0f4fc25b76090e9095d4c97c25f1a7186385e87706e4af,97197f5957a12f8a859ba7edff6d97994daa18afacd77db21fa68c6f2e447e38,cb8286ab0ae8e52bbd95574108d205e94aedcb7e5c53f88f6fbc5571015d8eb8,rlimit,1800
2026-09-27T19:07:41Z,19e19925921f112b6d318368df76697f39f4428c,a42531566e9b,86bea2ff8ecb,2,st,regex-redux,rust,official,0,ok,0,,ok,0.573794,0.547578,0.024594,0.572172,0.997200,156244,298,a37e6da1d43b332d5c0f4fc25b76090e9095d4c97c25f1a7186385e87706e4af,97197f5957a12f8a859ba7edff6d97994daa18afacd77db21fa68c6f2e447e38,cb8286ab0ae8e52bbd95574108d205e94aedcb7e5c53f88f6fbc5571015d8eb8,rlimit,1800
2026-09-27T19:07:42Z,19e19925921f112b6d318368df76697f39f4428c,a42531566e9b,86bea2ff8ecb,3,st,regex-redux,rust,official,0,ok,0,,ok,0.573054,0.547878,0.023936,0.571814,0.997800,157908,298,a37e6da1d43b332d5c0f4fc25b76090e9095d4c97c25f1a7186385e87706e4af,97197f5957a12f8a859ba7edff6d97994daa18afacd77db21fa68c6f2e447e38,cb8286ab0ae8e52bbd95574108d205e94aedcb7e5c53f88f6fbc5571015d8eb8,rlimit,1800
2026-09-27T19:07:42Z,19e19925921f112b6d318368df76697f39f4428c,a42531566e9b,86bea2ff8ecb,4,st,regex-redux,rust,official,0,ok,0,,ok,0.580461,0.554606,0.023934,0.578540,0.996700,156340,298,a37e6da1d43b332d5c0f4fc25b76090e9095d4c97c25f1a7186385e87706e4af,97197f5957a12f8a859ba7edff6d97994daa18afacd77db21fa68c6f2e447e38,cb8286ab0ae8e52bbd95574108d205e94aedcb7e5c53f88f6fbc5571015d8eb8,rlimit,1800
2026-09-27T19:07:59Z,19e19925921f112b6d318368df76697f39f4428c,a42531566e9b,e10a6702b6b2,0,st,regex-redux,go,official,0,ok,0,,ok,16.642213,16.552751,0.054002,16.606753,0.997900,313616,298,a37e6da1d43b332d5c0f4fc25b76090e9095d4c97c25f1a7186385e87706e4af,97197f5957a12f8a859ba7edff6d97994daa18afacd77db21fa68c6f2e447e38,698f99fd98aebf23c0fcb49c9dcfad393a06d675e638bd550c10782ab9a6ea48,rlimit,1800
2026-09-27T19:08:16Z,19e19925921f112b6d318368df76697f39f4428c,a42531566e9b,e10a6702b6b2,1,st,regex-redux,go,official,0,ok,0,,ok,16.786213,16.678613,0.072530,16.751143,0.997900,280284,298,a37e6da1d43b332d5c0f4fc25b76090e9095d4c97c25f1a7186385e87706e4af,97197f5957a12f8a859ba7edff6d97994daa18afacd77db21fa68c6f2e447e38,698f99fd98aebf23c0fcb49c9dcfad393a06d675e638bd550c10782ab9a6ea48,rlimit,1800
2026-09-27T19:08:33Z,19e19925921f112b6d318368df76697f39f4428c,a42531566e9b,e10a6702b6b2,2,st,regex-redux,go,official,0,ok,0,,ok,16.748106,16.641138,0.067403,16.708541,0.997600,313756,298,a37e6da1d43b332d5c0f4fc25b76090e9095d4c97c25f1a7186385e87706e4af,97197f5957a12f8a859ba7edff6d97994daa18afacd77db21fa68c6f2e447e38,698f99fd98aebf23c0fcb49c9dcfad393a06d675e638bd550c10782ab9a6ea48,rlimit,1800
2026-09-27T19:08:49Z,19e19925921f112b6d318368df76697f39f4428c,a42531566e9b,e10a6702b6b2,3,st,regex-redux,go,official,0,ok,0,,ok,16.680228,16.596157,0.052200,16.648357,0.998100,279548,298,a37e6da1d43b332d5c0f4fc25b76090e9095d4c97c25f1a7186385e87706e4af,97197f5957a12f8a859ba7edff6d97994daa18afacd77db21fa68c6f2e447e38,698f99fd98aebf23c0fcb49c9dcfad393a06d675e638bd550c10782ab9a6ea48,rlimit,1800
2026-09-27T19:09:06Z,19e19925921f112b6d318368df76697f39f4428c,a42531566e9b,e10a6702b6b2,4,st,regex-redux,go,official,0,ok,0,,ok,16.653333,16.563578,0.057285,16.620863,0.998100,280192,298,a37e6da1d43b332d5c0f4fc25b76090e9095d4c97c25f1a7186385e87706e4af,97197f5957a12f8a859ba7edff6d97994daa18afacd77db21fa68c6f2e447e38,698f99fd98aebf23c0fcb49c9dcfad393a06d675e638bd550c10782ab9a6ea48,rlimit,1800
2026-09-27T19:09:12Z,19e19925921f112b6d318368df76697f39f4428c,a42531566e9b,b876d18e6dee,0,st,regex-redux,java,official,0,ok,0,,ok,6.576276,6.477993,0.083932,6.561925,0.997800,975076,298,a37e6da1d43b332d5c0f4fc25b76090e9095d4c97c25f1a7186385e87706e4af,97197f5957a12f8a859ba7edff6d97994daa18afacd77db21fa68c6f2e447e38,5588160a1f367c257b0a25df3d979bb7a7c681b66d3f01184340068039e1a03a,poll,1800
2026-09-27T19:09:19Z,19e19925921f112b6d318368df76697f39f4428c,a42531566e9b,b876d18e6dee,1,st,regex-redux,java,official,0,ok,0,,ok,6.563743,6.475388,0.075337,6.550725,0.998000,974600,298,a37e6da1d43b332d5c0f4fc25b76090e9095d4c97c25f1a7186385e87706e4af,97197f5957a12f8a859ba7edff6d97994daa18afacd77db21fa68c6f2e447e38,5588160a1f367c257b0a25df3d979bb7a7c681b66d3f01184340068039e1a03a,poll,1800
2026-09-27T19:09:26Z,19e19925921f112b6d318368df76697f39f4428c,a42531566e9b,b876d18e6dee,2,st,regex-redux,java,official,0,ok,0,,ok,6.628075,6.543830,0.068123,6.611953,0.997600,973492,298,a37e6da1d43b332d5c0f4fc25b76090e9095d4c97c25f1a7186385e87706e4af,97197f5957a12f8a859ba7edff6d97994daa18afacd77db21fa68c6f2e447e38,5588160a1f367c257b0a25df3d979bb7a7c681b66d3f01184340068039e1a03a,poll,1800
2026-09-27T19:09:32Z,19e19925921f112b6d318368df76697f39f4428c,a42531566e9b,b876d18e6dee,3,st,regex-redux,java,official,0,ok,0,,ok,6.539017,6.460335,0.064605,6.524940,0.997800,975428,298,a37e6da1d43b332d5c0f4fc25b76090e9095d4c97c25f1a7186385e87706e4af,97197f5957a12f8a859ba7edff6d97994daa18afacd77db21fa68c6f2e447e38,5588160a1f367c257b0a25df3d979bb7a7c681b66d3f01184340068039e1a03a,poll,1800
2026-09-27T19:09:39Z,19e19925921f112b6d318368df76697f39f4428c,a42531566e9b,b876d18e6dee,4,st,regex-redux,java,official,0,ok,0,,ok,6.647915,6.558107,0.076198,6.634305,0.998000,975488,298,a37e6da1d43b332d5c0f4fc25b76090e9095d4c97c25f1a7186385e87706e4af,97197f5957a12f8a859ba7edff6d97994daa18afacd77db21fa68c6f2e447e38,5588160a1f367c257b0a25df3d979bb7a7c681b66d3f01184340068039e1a03a,poll,1800
2026-09-27T19:09:41Z,19e19925921f112b6d318368df76697f39f4428c,a42531566e9b,7e3add07b893,0,st,regex-redux,csharp,official,0,ok,0,,ok,2.120616,1.989175,0.074541,2.063716,0.973200,801824,298,a37e6da1d43b332d5c0f4fc25b76090e9095d4c97c25f1a7186385e87706e4af,97197f5957a12f8a859ba7edff6d97994daa18afacd77db21fa68c6f2e447e38,19236e72b42613e44ee9849d1ed4f1b91e6d509f86debe1e022f28e69558b99a,poll,1800
2026-09-27T19:09:43Z,19e19925921f112b6d318368df76697f39f4428c,a42531566e9b,7e3add07b893,1,st,regex-redux,csharp,official,0,ok,0,,ok,2.072246,2.005177,0.055413,2.060590,0.994400,801900,298,a37e6da1d43b332d5c0f4fc25b76090e9095d4c97c25f1a7186385e87706e4af,97197f5957a12f8a859ba7edff6d97994daa18afacd77db21fa68c6f2e447e38,19236e72b42613e44ee9849d1ed4f1b91e6d509f86debe1e022f28e69558b99a,poll,1800
2026-09-27T19:09:45Z,19e19925921f112b6d318368df76697f39f4428c,a42531566e9b,7e3add07b893,2,st,regex-redux,csharp,official,0,ok,0,,ok,2.073501,1.999522,0.063248,2.062770,0.994800,801804,298,a37e6da1d43b332d5c0f4fc25b76090e9095d4c97c25f1a7186385e87706e4af,97197f5957a12f8a859ba7edff6d97994daa18afacd77db21fa68c6f2e447e38,19236e72b42613e44ee9849d1ed4f1b91e6d509f86debe1e022f28e69558b99a,poll,1800
2026-09-27T19:09:47Z,19e19925921f112b6d318368df76697f39f4428c,a42531566e9b,7e3add07b893,3,st,regex-redux,csharp,official,0,ok,0,,ok,2.075815,2.000851,0.064407,2.065258,0.994900,801752,298,a37e6da1d43b332d5c0f4fc25b76090e9095d4c97c25f1a7186385e87706e4af,97197f5957a12f8a859ba7edff6d97994daa18afacd77db21fa68c6f2e447e38,19236e72b42613e44ee9849d1ed4f1b91e6d509f86debe1e022f28e69558b99a,poll,1800
2026-09-27T19:09:49Z,19e19925921f112b6d318368df76697f39f4428c,a42531566e9b,7e3add07b893,4,st,regex-redux,csharp,official,0,ok,0,,ok,2.075226,1.996392,0.068600,2.064992,0.995100,801780,298,a37e6da1d43b332d5c0f4fc25b76090e9095d4c97c25f1a7186385e87706e4af,97197f5957a12f8a859ba7edff6d97994daa18afacd77db21fa68c6f2e447e38,19236e72b42613e44ee9849d1ed4f1b91e6d509f86debe1e022f28e69558b99a,poll,1800
2026-09-27T19:09:51Z,19e19925921f112b6d318368df76697f39f4428c,a42531566e9b,6429f1a8ca52,0,st,regex-redux,javascript,official,0,ok,0,,ok,1.733196,1.599050,0.127894,1.726944,0.996400,652816,298,a37e6da1d43b332d5c0f4fc25b76090e9095d4c97c25f1a7186385e87706e4af,97197f5957a12f8a859ba7edff6d97994daa18afacd77db21fa68c6f2e447e38,fd4920d8ca2add022769a0ab354b7c1e66a53aa1bd96fe887d9b3866da3883be,poll,1800
2026-09-27T19:09:53Z,19e19925921f112b6d318368df76697f39f4428c,a42531566e9b,6429f1a8ca52,1,st,regex-redux,javascript,official,0,ok,0,,ok,1.738930,1.602777,0.130192,1.732969,0.996600,651052,298,a37e6da1d43b332d5c0f4fc25b76090e9095d4c97c25f1a7186385e87706e4af,97197f5957a12f8a859ba7edff6d97994daa18afacd77db21fa68c6f2e447e38,fd4920d8ca2add022769a0ab354b7c1e66a53aa1bd96fe887d9b3866da3883be,poll,1800
2026-09-27T19:09:55Z,19e19925921f112b6d318368df76697f39f4428c,a42531566e9b,6429f1a8ca52,2,st,regex-redux,javascript,official,0,ok,0,,ok,1.730221,1.608033,0.116055,1.724088,0.996500,651412,298,a37e6da1d43b332d5c0f4fc25b76090e9095d4c97c25f1a7186385e87706e4af,97197f5957a12f8a859ba7edff6d97994daa18afacd77db21fa68c6f2e447e38,fd4920d8ca2add022769a0ab354b7c1e66a53aa1bd96fe887d9b3866da3883be,poll,1800
2026-09-27T19:09:56Z,19e19925921f112b6d318368df76697f39f4428c,a42531566e9b,6429f1a8ca52,3,st,regex-redux,javascript,official,0,ok,0,,ok,1.733422,1.609183,0.117159,1.726342,0.995900,653184,298,a37e6da1d43b332d5c0f4fc25b76090e9095d4c97c25f1a7186385e87706e4af,97197f5957a12f8a859ba7edff6d97994daa18afacd77db21fa68c6f2e447e38,fd4920d8ca2add022769a0ab354b7c1e66a53aa1bd96fe887d9b3866da3883be,poll,1800
2026-09-27T19:09:58Z,19e19925921f112b6d318368df76697f39f4428c,a42531566e9b,6429f1a8ca52,4,st,regex-redux,javascript,official,0,ok,0,,ok,1.735462,1.596912,0.132215,1.729127,0.996300,651760,298,a37e6da1d43b332d5c0f4fc25b76090e9095d4c97c25f1a7186385e87706e4af,97197f5957a12f8a859ba7edff6d97994daa18afacd77db21fa68c6f2e447e38,fd4920d8ca2add022769a0ab354b7c1e66a53aa1bd96fe887d9b3866da3883be,poll,1800
2026-09-27T19:10:04Z,19e19925921f112b6d318368df76697f39f4428c,a42531566e9b,dff8f4fcaab4,0,st,regex-redux,python,official,0,ok,0,,ok,6.335976,6.181369,0.140376,6.321745,0.997800,381288,298,a37e6da1d43b332d5c0f4fc25b76090e9095d4c97c25f1a7186385e87706e4af,97197f5957a12f8a859ba7edff6d97994daa18afacd77db21fa68c6f2e447e38,d32e6763d5e77dd03d9d4fe8a901de9f91854b110ad0de44bd9d2936db3121b1,rlimit,1800
2026-09-27T19:10:10Z,19e19925921f112b6d318368df76697f39f4428c,a42531566e9b,dff8f4fcaab4,1,st,regex-redux,python,official,0,ok,0,,ok,6.030589,5.873513,0.144241,6.017754,0.997900,382312,298,a37e6da1d43b332d5c0f4fc25b76090e9095d4c97c25f1a7186385e87706e4af,97197f5957a12f8a859ba7edff6d97994daa18afacd77db21fa68c6f2e447e38,d32e6763d5e77dd03d9d4fe8a901de9f91854b110ad0de44bd9d2936db3121b1,rlimit,1800
2026-09-27T19:10:16Z,19e19925921f112b6d318368df76697f39f4428c,a42531566e9b,dff8f4fcaab4,2,st,regex-redux,python,official,0,ok,0,,ok,6.067016,5.895830,0.158347,6.054177,0.997900,381340,298,a37e6da1d43b332d5c0f4fc25b76090e9095d4c97c25f1a7186385e87706e4af,97197f5957a12f8a859ba7edff6d97994daa18afacd77db21fa68c6f2e447e38,d32e6763d5e77dd03d9d4fe8a901de9f91854b110ad0de44bd9d2936db3121b1,rlimit,1800
2026-09-27T19:10:22Z,19e19925921f112b6d318368df76697f39f4428c,a42531566e9b,dff8f4fcaab4,3,st,regex-redux,python,official,0,ok,0,,ok,6.026549,5.864677,0.149158,6.013835,0.997900,381180,298,a37e6da1d43b332d5c0f4fc25b76090e9095d4c97c25f1a7186385e87706e4af,97197f5957a12f8a859ba7edff6d97994daa18afacd77db21fa68c6f2e447e38,d32e6763d5e77dd03d9d4fe8a901de9f91854b110ad0de44bd9d2936db3121b1,rlimit,1800
2026-09-27T19:10:29Z,19e19925921f112b6d318368df76697f39f4428c,a42531566e9b,dff8f4fcaab4,4,st,regex-redux,python,official,0,ok,0,,ok,6.085908,5.941834,0.130216,6.072050,0.997700,382296,298,a37e6da1d43b332d5c0f4fc25b76090e9095d4c97c25f1a7186385e87706e4af,97197f5957a12f8a859ba7edff6d97994daa18afacd77db21fa68c6f2e447e38,d32e6763d5e77dd03d9d4fe8a901de9f91854b110ad0de44bd9d2936db3121b1,rlimit,1800
2026-09-27T19:10:30Z,19e19925921f112b6d318368df76697f39f4428c,a42531566e9b,b4bdec07ec60,0,st,regex-redux,fortran,official,0,ok,0,,ok,1.658394,1.626189,0.028545,1.654734,0.997800,106268,298,a37e6da1d43b332d5c0f4fc25b76090e9095d4c97c25f1a7186385e87706e4af,97197f5957a12f8a859ba7edff6d97994daa18afacd77db21fa68c6f2e447e38,e4300ec2cd50abb1821da65fa89d1175c6f516da4f3a9c036dbd124adacddd80,rlimit,1800
2026-09-27T19:10:32Z,19e19925921f112b6d318368df76697f39f4428c,a42531566e9b,b4bdec07ec60,1,st,regex-redux,fortran,official,0,ok,0,,ok,1.652850,1.622783,0.026946,1.649729,0.998100,106196,298,a37e6da1d43b332d5c0f4fc25b76090e9095d4c97c25f1a7186385e87706e4af,97197f5957a12f8a859ba7edff6d97994daa18afacd77db21fa68c6f2e447e38,e4300ec2cd50abb1821da65fa89d1175c6f516da4f3a9c036dbd124adacddd80,rlimit,1800
2026-09-27T19:10:34Z,19e19925921f112b6d318368df76697f39f4428c,a42531566e9b,b4bdec07ec60,2,st,regex-redux,fortran,official,0,ok,0,,ok,1.652780,1.620246,0.028713,1.648959,0.997700,106236,298,a37e6da1d43b332d5c0f4fc25b76090e9095d4c97c25f1a7186385e87706e4af,97197f5957a12f8a859ba7edff6d97994daa18afacd77db21fa68c6f2e447e38,e4300ec2cd50abb1821da65fa89d1175c6f516da4f3a9c036dbd124adacddd80,rlimit,1800
2026-09-27T19:10:35Z,19e19925921f112b6d318368df76697f39f4428c,a42531566e9b,b4bdec07ec60,3,st,regex-redux,fortran,official,0,ok,0,,ok,1.654748,1.622431,0.028913,1.651344,0.997900,106180,298,a37e6da1d43b332d5c0f4fc25b76090e9095d4c97c25f1a7186385e87706e4af,97197f5957a12f8a859ba7edff6d97994daa18afacd77db21fa68c6f2e447e38,e4300ec2cd50abb1821da65fa89d1175c6f516da4f3a9c036dbd124adacddd80,rlimit,1800
2026-09-27T19:10:37Z,19e19925921f112b6d318368df76697f39f4428c,a42531566e9b,b4bdec07ec60,4,st,regex-redux,fortran,official,0,ok,0,,ok,1.656912,1.628034,0.025696,1.653730,0.998100,106284,298,a37e6da1d43b332d5c0f4fc25b76090e9095d4c97c25f1a7186385e87706e4af,97197f5957a12f8a859ba7edff6d97994daa18afacd77db21fa68c6f2e447e38,e4300ec2cd50abb1821da65fa89d1175c6f516da4f3a9c036dbd124adacddd80,rlimit,1800
2026-09-27T19:10:55Z,19e19925921f112b6d318368df76697f39f4428c,a42531566e9b,ca146a8140f3,0,st,regex-redux,pascal,official,0,ok,0,,ok,18.158060,15.001226,3.114478,18.115704,0.997700,252688,298,a37e6da1d43b332d5c0f4fc25b76090e9095d4c97c25f1a7186385e87706e4af,97197f5957a12f8a859ba7edff6d97994daa18afacd77db21fa68c6f2e447e38,fa5cde37718f0e5255f3b5e3a4e82a1d73bb4598861d0430b2c9f6b46ab204fc,rlimit,1800
2026-09-27T19:11:13Z,19e19925921f112b6d318368df76697f39f4428c,a42531566e9b,ca146a8140f3,1,st,regex-redux,pascal,official,0,ok,0,,ok,18.299553,14.939196,3.316288,18.255484,0.997600,252576,298,a37e6da1d43b332d5c0f4fc25b76090e9095d4c97c25f1a7186385e87706e4af,97197f5957a12f8a859ba7edff6d97994daa18afacd77db21fa68c6f2e447e38,fa5cde37718f0e5255f3b5e3a4e82a1d73bb4598861d0430b2c9f6b46ab204fc,rlimit,1800
2026-09-27T19:11:32Z,19e19925921f112b6d318368df76697f39f4428c,a42531566e9b,ca146a8140f3,2,st,regex-redux,pascal,official,0,ok,0,,ok,18.261876,14.975736,3.243752,18.219488,0.997700,252656,298,a37e6da1d43b332d5c0f4fc25b76090e9095d4c97c25f1a7186385e87706e4af,97197f5957a12f8a859ba7edff6d97994daa18afacd77db21fa68c6f2e447e38,fa5cde37718f0e5255f3b5e3a4e82a1d73bb4598861d0430b2c9f6b46ab204fc,rlimit,1800
2026-09-27T19:11:50Z,19e19925921f112b6d318368df76697f39f4428c,a42531566e9b,ca146a8140f3,3,st,regex-redux,pascal,official,0,ok,0,,ok,18.305555,15.050385,3.211837,18.262222,0.997600,252600,298,a37e6da1d43b332d5c0f4fc25b76090e9095d4c97c25f1a7186385e87706e4af,97197f5957a12f8a859ba7edff6d97994daa18afacd77db21fa68c6f2e447e38,fa5cde37718f0e5255f3b5e3a4e82a1d73bb4598861d0430b2c9f6b46ab204fc,rlimit,1800
2026-09-27T19:12:08Z,19e19925921f112b6d318368df76697f39f4428c,a42531566e9b,ca146a8140f3,4,st,regex-redux,pascal,official,0,ok,0,,ok,18.292410,14.996795,3.249174,18.245969,0.997500,252648,298,a37e6da1d43b332d5c0f4fc25b76090e9095d4c97c25f1a7186385e87706e4af,97197f5957a12f8a859ba7edff6d97994daa18afacd77db21fa68c6f2e447e38,fa5cde37718f0e5255f3b5e3a4e82a1d73bb4598861d0430b2c9f6b46ab204fc,rlimit,1800
2026-09-27T19:12:09Z,19e19925921f112b6d318368df76697f39f4428c,a42531566e9b,e1844eb42dfd,0,best,regex-redux,c,official,0,ok,0,,ok,0.424572,2.052536,0.018902,2.071438,4.878900,154828,298,a37e6da1d43b332d5c0f4fc25b76090e9095d4c97c25f1a7186385e87706e4af,97197f5957a12f8a859ba7edff6d97994daa18afacd77db21fa68c6f2e447e38,23943e92ebcc2eca27cff7de7597e8bbe4f57af47560b4ba2ce8d6331ef3cf3a,rlimit,1800
2026-09-27T19:12:09Z,19e19925921f112b6d318368df76697f39f4428c,a42531566e9b,e1844eb42dfd,1,best,regex-redux,c,official,0,ok,0,,ok,0.388571,2.057420,0.029849,2.087269,5.371600,154684,298,a37e6da1d43b332d5c0f4fc25b76090e9095d4c97c25f1a7186385e87706e4af,97197f5957a12f8a859ba7edff6d97994daa18afacd77db21fa68c6f2e447e38,23943e92ebcc2eca27cff7de7597e8bbe4f57af47560b4ba2ce8d6331ef3cf3a,rlimit,1800
2026-09-27T19:12:09Z,19e19925921f112b6d318368df76697f39f4428c,a42531566e9b,e1844eb42dfd,2,best,regex-redux,c,official,0,ok,0,,ok,0.431063,2.140327,0.034734,2.175061,5.045800,155000,298,a37e6da1d43b332d5c0f4fc25b76090e9095d4c97c25f1a7186385e87706e4af,97197f5957a12f8a859ba7edff6d97994daa18afacd77db21fa68c6f2e447e38,23943e92ebcc2eca27cff7de7597e8bbe4f57af47560b4ba2ce8d6331ef3cf3a,rlimit,1800
2026-09-27T19:12:10Z,19e19925921f112b6d318368df76697f39f4428c,a42531566e9b,e1844eb42dfd,3,best,regex-redux,c,official,0,ok,0,,ok,0.404380,2.207452,0.019900,2.227352,5.508100,154692,298,a37e6da1d43b332d5c0f4fc25b76090e9095d4c97c25f1a7186385e87706e4af,97197f5957a12f8a859ba7edff6d97994daa18afacd77db21fa68c6f2e447e38,23943e92ebcc2eca27cff7de7597e8bbe4f57af47560b4ba2ce8d6331ef3cf3a,rlimit,1800
2026-09-27T19:12:10Z,19e19925921f112b6d318368df76697f39f4428c,a42531566e9b,e1844eb42dfd,4,best,regex-redux,c,official,0,ok,0,,ok,0.394378,2.200384,0.018074,2.218458,5.625200,154520,298,a37e6da1d43b332d5c0f4fc25b76090e9095d4c97c25f1a7186385e87706e4af,97197f5957a12f8a859ba7edff6d97994daa18afacd77db21fa68c6f2e447e38,23943e92ebcc2eca27cff7de7597e8bbe4f57af47560b4ba2ce8d6331ef3cf3a,rlimit,1800
2026-09-27T19:12:11Z,19e19925921f112b6d318368df76697f39f4428c,a42531566e9b,7c502fd03e7d,0,best,regex-redux,cpp,official,0,ok,0,,ok,0.411603,2.028935,0.017972,2.046907,4.973000,277424,298,a37e6da1d43b332d5c0f4fc25b76090e9095d4c97c25f1a7186385e87706e4af,97197f5957a12f8a859ba7edff6d97994daa18afacd77db21fa68c6f2e447e38,0b3bc844a04360eafeb902be5d9915bf47640ed138bd43f73ed82b24efe9bed5,rlimit,1800
2026-09-27T19:12:11Z,19e19925921f112b6d318368df76697f39f4428c,a42531566e9b,7c502fd03e7d,1,best,regex-redux,cpp,official,0,ok,0,,ok,0.417421,2.025899,0.028906,2.054805,4.922600,277572,298,a37e6da1d43b332d5c0f4fc25b76090e9095d4c97c25f1a7186385e87706e4af,97197f5957a12f8a859ba7edff6d97994daa18afacd77db21fa68c6f2e447e38,0b3bc844a04360eafeb902be5d9915bf47640ed138bd43f73ed82b24efe9bed5,rlimit,1800
2026-09-27T19:12:12Z,19e19925921f112b6d318368df76697f39f4428c,a42531566e9b,7c502fd03e7d,2,best,regex-redux,cpp,official,0,ok,0,,ok,0.419630,1.997860,0.018877,2.016737,4.806000,277528,298,a37e6da1d43b332d5c0f4fc25b76090e9095d4c97c25f1a7186385e87706e4af,97197f5957a12f8a859ba7edff6d97994daa18afacd77db21fa68c6f2e447e38,0b3bc844a04360eafeb902be5d9915bf47640ed138bd43f73ed82b24efe9bed5,rlimit,1800
2026-09-27T19:12:12Z,19e19925921f112b6d318368df76697f39f4428c,a42531566e9b,7c502fd03e7d,3,best,regex-redux,cpp,official,0,ok,0,,ok,0.417983,1.998135,0.021002,2.019137,4.830700,277568,298,a37e6da1d43b332d5c0f4fc25b76090e9095d4c97c25f1a7186385e87706e4af,97197f5957a12f8a859ba7edff6d97994daa18afacd77db21fa68c6f2e447e38,0b3bc844a04360eafeb902be5d9915bf47640ed138bd43f73ed82b24efe9bed5,rlimit,1800
2026-09-27T19:12:12Z,19e19925921f112b6d318368df76697f39f4428c,a42531566e9b,7c502fd03e7d,4,best,regex-redux,cpp,official,0,ok,0,,ok,0.422439,2.075623,0.018948,2.094571,4.958300,277544,298,a37e6da1d43b332d5c0f4fc25b76090e9095d4c97c25f1a7186385e87706e4af,97197f5957a12f8a859ba7edff6d97994daa18afacd77db21fa68c6f2e447e38,0b3bc844a04360eafeb902be5d9915bf47640ed138bd43f73ed82b24efe9bed5,rlimit,1800
2026-09-27T19:12:13Z,19e19925921f112b6d318368df76697f39f4428c,a42531566e9b,5dd7565eb3c9,0,best,regex-redux,rust,official,0,ok,0,,ok,0.427854,1.986199,0.014030,2.000229,4.675000,154736,298,a37e6da1d43b332d5c0f4fc25b76090e9095d4c97c25f1a7186385e87706e4af,97197f5957a12f8a859ba7edff6d97994daa18afacd77db21fa68c6f2e447e38,ac173b0afface21ade01eb907b7f26f54ef6a926be0f9e3c6ec186f3889ea184,rlimit,1800
2026-09-27T19:12:13Z,19e19925921f112b6d318368df76697f39f4428c,a42531566e9b,5dd7565eb3c9,1,best,regex-redux,rust,official,0,ok,0,,ok,0.415639,1.949691,0.019947,1.969638,4.738800,150604,298,a37e6da1d43b332d5c0f4fc25b76090e9095d4c97c25f1a7186385e87706e4af,97197f5957a12f8a859ba7edff6d97994daa18afacd77db21fa68c6f2e447e38,ac173b0afface21ade01eb907b7f26f54ef6a926be0f9e3c6ec186f3889ea184,rlimit,1800
2026-09-27T19:12:14Z,19e19925921f112b6d318368df76697f39f4428c,a42531566e9b,5dd7565eb3c9,2,best,regex-redux,rust,official,0,ok,0,,ok,0.381965,2.022686,0.017949,2.040635,5.342500,152764,298,a37e6da1d43b332d5c0f4fc25b76090e9095d4c97c25f1a7186385e87706e4af,97197f5957a12f8a859ba7edff6d97994daa18afacd77db21fa68c6f2e447e38,ac173b0afface21ade01eb907b7f26f54ef6a926be0f9e3c6ec186f3889ea184,rlimit,1800
2026-09-27T19:12:14Z,19e19925921f112b6d318368df76697f39f4428c,a42531566e9b,5dd7565eb3c9,3,best,regex-redux,rust,official,0,ok,0,,ok,0.383868,2.046455,0.021914,2.068369,5.388200,154524,298,a37e6da1d43b332d5c0f4fc25b76090e9095d4c97c25f1a7186385e87706e4af,97197f5957a12f8a859ba7edff6d97994daa18afacd77db21fa68c6f2e447e38,ac173b0afface21ade01eb907b7f26f54ef6a926be0f9e3c6ec186f3889ea184,rlimit,1800
2026-09-27T19:12:14Z,19e19925921f112b6d318368df76697f39f4428c,a42531566e9b,5dd7565eb3c9,4,best,regex-redux,rust,official,0,ok,0,,ok,0.407125,2.032775,0.024690,2.057465,5.053600,152888,298,a37e6da1d43b332d5c0f4fc25b76090e9095d4c97c25f1a7186385e87706e4af,97197f5957a12f8a859ba7edff6d97994daa18afacd77db21fa68c6f2e447e38,ac173b0afface21ade01eb907b7f26f54ef6a926be0f9e3c6ec186f3889ea184,rlimit,1800
2026-09-27T19:12:15Z,19e19925921f112b6d318368df76697f39f4428c,a42531566e9b,77ed558999cf,0,best,regex-redux,go,official,0,ok,0,,ok,0.922024,2.588930,0.026048,2.614978,2.836100,309392,298,a37e6da1d43b332d5c0f4fc25b76090e9095d4c97c25f1a7186385e87706e4af,97197f5957a12f8a859ba7edff6d97994daa18afacd77db21fa68c6f2e447e38,a7378e853ed720686517246090a0f7153ab26e72f5d24c3b415d878bd6e0b379,rlimit,1800
2026-09-27T19:12:16Z,19e19925921f112b6d318368df76697f39f4428c,a42531566e9b,77ed558999cf,1,best,regex-redux,go,official,0,ok,0,,ok,0.909031,2.477891,0.033760,2.511651,2.763000,313180,298,a37e6da1d43b332d5c0f4fc25b76090e9095d4c97c25f1a7186385e87706e4af,97197f5957a12f8a859ba7edff6d97994daa18afacd77db21fa68c6f2e447e38,a7378e853ed720686517246090a0f7153ab26e72f5d24c3b415d878bd6e0b379,rlimit,1800
2026-09-27T19:12:17Z,19e19925921f112b6d318368df76697f39f4428c,a42531566e9b,77ed558999cf,2,best,regex-redux,go,official,0,ok,0,,ok,0.927468,2.490283,0.026813,2.517096,2.713900,339436,298,a37e6da1d43b332d5c0f4fc25b76090e9095d4c97c25f1a7186385e87706e4af,97197f5957a12f8a859ba7edff6d97994daa18afacd77db21fa68c6f2e447e38,a7378e853ed720686517246090a0f7153ab26e72f5d24c3b415d878bd6e0b379,rlimit,1800
2026-09-27T19:12:18Z,19e19925921f112b6d318368df76697f39f4428c,a42531566e9b,77ed558999cf,3,best,regex-redux,go,official,0,ok,0,,ok,0.891407,2.477424,0.028696,2.506120,2.811400,311920,298,a37e6da1d43b332d5c0f4fc25b76090e9095d4c97c25f1a7186385e87706e4af,97197f5957a12f8a859ba7edff6d97994daa18afacd77db21fa68c6f2e447e38,a7378e853ed720686517246090a0f7153ab26e72f5d24c3b415d878bd6e0b379,rlimit,1800
2026-09-27T19:12:19Z,19e19925921f112b6d318368df76697f39f4428c,a42531566e9b,77ed558999cf,4,best,regex-redux,go,official,0,ok,0,,ok,0.935475,2.491828,0.032833,2.524661,2.698800,311608,298,a37e6da1d43b332d5c0f4fc25b76090e9095d4c97c25f1a7186385e87706e4af,97197f5957a12f8a859ba7edff6d97994daa18afacd77db21fa68c6f2e447e38,a7378e853ed720686517246090a0f7153ab26e72f5d24c3b415d878bd6e0b379,rlimit,1800
2026-09-27T19:12:20Z,19e19925921f112b6d318368df76697f39f4428c,a42531566e9b,f29abe69832c,0,best,regex-redux,java,official,0,ok,0,,ok,0.597025,2.218301,0.050323,2.268624,3.799900,384308,298,a37e6da1d43b332d5c0f4fc25b76090e9095d4c97c25f1a7186385e87706e4af,97197f5957a12f8a859ba7edff6d97994daa18afacd77db21fa68c6f2e447e38,60884e0926e27359cae0500ff491e59a410dbe697655892f92359ea2c8c40aa5,poll,1800
2026-09-27T19:12:20Z,19e19925921f112b6d318368df76697f39f4428c,a42531566e9b,f29abe69832c,1,best,regex-redux,java,official,0,ok,0,,ok,0.601516,2.365745,0.045053,2.410798,4.007900,384732,298,a37e6da1d43b332d5c0f4fc25b76090e9095d4c97c25f1a7186385e87706e4af,97197f5957a12f8a859ba7edff6d97994daa18afacd77db21fa68c6f2e447e38,60884e0926e27359cae0500ff491e59a410dbe697655892f92359ea2c8c40aa5,poll,1800
2026-09-27T19:12:21Z,19e19925921f112b6d318368df76697f39f4428c,a42531566e9b,f29abe69832c,2,best,regex-redux,java,official,0,ok,0,,ok,0.637818,2.341109,0.042860,2.383969,3.737700,384512,298,a37e6da1d43b332d5c0f4fc25b76090e9095d4c97c25f1a7186385e87706e4af,97197f5957a12f8a859ba7edff6d97994daa18afacd77db21fa68c6f2e447e38,60884e0926e27359cae0500ff491e59a410dbe697655892f92359ea2c8c40aa5,poll,1800
2026-09-27T19:12:21Z,19e19925921f112b6d318368df76697f39f4428c,a42531566e9b,f29abe69832c,3,best,regex-redux,java,official,0,ok,0,,ok,0.610788,2.297888,0.055258,2.353146,3.852600,384992,298,a37e6da1d43b332d5c0f4fc25b76090e9095d4c97c25f1a7186385e87706e4af,97197f5957a12f8a859ba7edff6d97994daa18afacd77db21fa68c6f2e447e38,60884e0926e27359cae0500ff491e59a410dbe697655892f92359ea2c8c40aa5,poll,1800
2026-09-27T19:12:22Z,19e19925921f112b6d318368df76697f39f4428c,a42531566e9b,f29abe69832c,4,best,regex-redux,java,official,0,ok,0,,ok,0.609105,2.483119,0.055504,2.538623,4.167800,392748,298,a37e6da1d43b332d5c0f4fc25b76090e9095d4c97c25f1a7186385e87706e4af,97197f5957a12f8a859ba7edff6d97994daa18afacd77db21fa68c6f2e447e38,60884e0926e27359cae0500ff491e59a410dbe697655892f92359ea2c8c40aa5,poll,1800
2026-09-27T19:12:23Z,19e19925921f112b6d318368df76697f39f4428c,a42531566e9b,05ca35618063,0,best,regex-redux,csharp,official,0,ok,0,,ok,0.572598,2.101774,0.032771,2.134545,3.727800,396428,298,a37e6da1d43b332d5c0f4fc25b76090e9095d4c97c25f1a7186385e87706e4af,97197f5957a12f8a859ba7edff6d97994daa18afacd77db21fa68c6f2e447e38,53c87015d67fcec56809284854b587b6fe5988f86c898228d3233c3891e4a1c3,poll,1800
2026-09-27T19:12:23Z,19e19925921f112b6d318368df76697f39f4428c,a42531566e9b,05ca35618063,1,best,regex-redux,csharp,official,0,ok,0,,ok,0.525190,2.071748,0.041603,2.113351,4.024000,397676,298,a37e6da1d43b332d5c0f4fc25b76090e9095d4c97c25f1a7186385e87706e4af,97197f5957a12f8a859ba7edff6d97994daa18afacd77db21fa68c6f2e447e38,53c87015d67fcec56809284854b587b6fe5988f86c898228d3233c3891e4a1c3,poll,1800
2026-09-27T19:12:24Z,19e19925921f112b6d318368df76697f39f4428c,a42531566e9b,05ca35618063,2,best,regex-redux,csharp,official,0,ok,0,,ok,0.529362,2.099133,0.036376,2.135509,4.034100,393932,298,a37e6da1d43b332d5c0f4fc25b76090e9095d4c97c25f1a7186385e87706e4af,97197f5957a12f8a859ba7edff6d97994daa18afacd77db21fa68c6f2e447e38,53c87015d67fcec56809284854b587b6fe5988f86c898228d3233c3891e4a1c3,poll,1800
2026-09-27T19:12:24Z,19e19925921f112b6d318368df76697f39f4428c,a42531566e9b,05ca35618063,3,best,regex-redux,csharp,official,0,ok,0,,ok,0.566350,2.077633,0.047034,2.124667,3.751500,396008,298,a37e6da1d43b332d5c0f4fc25b76090e9095d4c97c25f1a7186385e87706e4af,97197f5957a12f8a859ba7edff6d97994daa18afacd77db21fa68c6f2e447e38,53c87015d67fcec56809284854b587b6fe5988f86c898228d3233c3891e4a1c3,poll,1800
2026-09-27T19:12:25Z,19e19925921f112b6d318368df76697f39f4428c,a42531566e9b,05ca35618063,4,best,regex-redux,csharp,official,0,ok,0,,ok,0.522730,2.053619,0.042812,2.096431,4.010500,394176,298,a37e6da1d43b332d5c0f4fc25b76090e9095d4c97c25f1a7186385e87706e4af,97197f5957a12f8a859ba7edff6d97994daa18afacd77db21fa68c6f2e447e38,53c87015d67fcec56809284854b587b6fe5988f86c898228d3233c3891e4a1c3,poll,1800
2026-09-27T19:12:26Z,19e19925921f112b6d318368df76697f39f4428c,a42531566e9b,6e2b7a78a823,0,best,regex-redux,javascript,official,0,ok,0,,ok,1.612502,1.595141,0.208582,1.803723,1.118600,1238104,298,a37e6da1d43b332d5c0f4fc25b76090e9095d4c97c25f1a7186385e87706e4af,97197f5957a12f8a859ba7edff6d97994daa18afacd77db21fa68c6f2e447e38,725a605aecefe11956ca9d0d94340bd68f19ea36604ec4c2507f47b3d0d2ac0f,poll,1800
2026-09-27T19:12:28Z,19e19925921f112b6d318368df76697f39f4428c,a42531566e9b,6e2b7a78a823,1,best,regex-redux,javascript,official,0,ok,0,,ok,1.614620,1.587580,0.212549,1.800129,1.114900,1238532,298,a37e6da1d43b332d5c0f4fc25b76090e9095d4c97c25f1a7186385e87706e4af,97197f5957a12f8a859ba7edff6d97994daa18afacd77db21fa68c6f2e447e38,725a605aecefe11956ca9d0d94340bd68f19ea36604ec4c2507f47b3d0d2ac0f,poll,1800
2026-09-27T19:12:30Z,19e19925921f112b6d318368df76697f39f4428c,a42531566e9b,6e2b7a78a823,2,best,regex-redux,javascript,official,0,ok,0,,ok,1.605010,1.597488,0.198660,1.796148,1.119100,1238968,298,a37e6da1d43b332d5c0f4fc25b76090e9095d4c97c25f1a7186385e87706e4af,97197f5957a12f8a859ba7edff6d97994daa18afacd77db21fa68c6f2e447e38,725a605aecefe11956ca9d0d94340bd68f19ea36604ec4c2507f47b3d0d2ac0f,poll,1800
2026-09-27T19:12:31Z,19e19925921f112b6d318368df76697f39f4428c,a42531566e9b,6e2b7a78a823,3,best,regex-redux,javascript,official,0,ok,0,,ok,1.600523,1.579948,0.208742,1.788690,1.117600,1239352,298,a37e6da1d43b332d5c0f4fc25b76090e9095d4c97c25f1a7186385e87706e4af,97197f5957a12f8a859ba7edff6d97994daa18afacd77db21fa68c6f2e447e38,725a605aecefe11956ca9d0d94340bd68f19ea36604ec4c2507f47b3d0d2ac0f,poll,1800
2026-09-27T19:12:33Z,19e19925921f112b6d318368df76697f39f4428c,a42531566e9b,6e2b7a78a823,4,best,regex-redux,javascript,official,0,ok,0,,ok,1.596666,1.586022,0.204254,1.790276,1.121300,1238112,298,a37e6da1d43b332d5c0f4fc25b76090e9095d4c97c25f1a7186385e87706e4af,97197f5957a12f8a859ba7edff6d97994daa18afacd77db21fa68c6f2e447e38,725a605aecefe11956ca9d0d94340bd68f19ea36604ec4c2507f47b3d0d2ac0f,poll,1800
2026-09-27T19:12:33Z,19e19925921f112b6d318368df76697f39f4428c,a42531566e9b,8787bfa257c4,0,best,regex-redux,python,official,0,ok,0,,ok,0.585691,2.020916,0.083085,2.104001,3.592300,170204,298,a37e6da1d43b332d5c0f4fc25b76090e9095d4c97c25f1a7186385e87706e4af,97197f5957a12f8a859ba7edff6d97994daa18afacd77db21fa68c6f2e447e38,e93cf6ddff933b70842dd711646e20fa3fdd42758d46d354412c526aed824026,rlimit,1800
2026-09-27T19:12:34Z,19e19925921f112b6d318368df76697f39f4428c,a42531566e9b,8787bfa257c4,1,best,regex-redux,python,official,0,ok,0,,ok,0.548805,2.065374,0.092522,2.157896,3.932000,170100,298,a37e6da1d43b332d5c0f4fc25b76090e9095d4c97c25f1a7186385e87706e4af,97197f5957a12f8a859ba7edff6d97994daa18afacd77db21fa68c6f2e447e38,e93cf6ddff933b70842dd711646e20fa3fdd42758d46d354412c526aed824026,rlimit,1800
2026-09-27T19:12:35Z,19e19925921f112b6d318368df76697f39f4428c,a42531566e9b,8787bfa257c4,2,best,regex-redux,python,official,0,ok,0,,ok,0.558178,2.162845,0.091416,2.254261,4.038600,170284,298,a37e6da1d43b332d5c0f4fc25b76090e9095d4c97c25f1a7186385e87706e4af,97197f5957a12f8a859ba7edff6d97994daa18afacd77db21fa68c6f2e447e38,e93cf6ddff933b70842dd711646e20fa3fdd42758d46d354412c526aed824026,rlimit,1800
2026-09-27T19:12:35Z,19e19925921f112b6d318368df76697f39f4428c,a42531566e9b,8787bfa257c4,3,best,regex-redux,python,official,0,ok,0,,ok,0.582559,2.093454,0.094276,2.187730,3.755400,170212,298,a37e6da1d43b332d5c0f4fc25b76090e9095d4c97c25f1a7186385e87706e4af,97197f5957a12f8a859ba7edff6d97994daa18afacd77db21fa68c6f2e447e38,e93cf6ddff933b70842dd711646e20fa3fdd42758d46d354412c526aed824026,rlimit,1800
2026-09-27T19:12:36Z,19e19925921f112b6d318368df76697f39f4428c,a42531566e9b,8787bfa257c4,4,best,regex-redux,python,official,0,ok,0,,ok,0.564437,2.121452,0.094048,2.215500,3.925200,170416,298,a37e6da1d43b332d5c0f4fc25b76090e9095d4c97c25f1a7186385e87706e4af,97197f5957a12f8a859ba7edff6d97994daa18afacd77db21fa68c6f2e447e38,e93cf6ddff933b70842dd711646e20fa3fdd42758d46d354412c526aed824026,rlimit,1800
2026-09-27T19:12:36Z,19e19925921f112b6d318368df76697f39f4428c,a42531566e9b,1ee65599597c,0,best,regex-redux,fortran,official,0,ok,0,,ok,0.404072,2.160303,0.016980,2.177283,5.388300,172452,298,a37e6da1d43b332d5c0f4fc25b76090e9095d4c97c25f1a7186385e87706e4af,97197f5957a12f8a859ba7edff6d97994daa18afacd77db21fa68c6f2e447e38,33870bcf6ad96e7b182c0a979a1794c8485c8c1e07ed000404789d2a4f03b139,rlimit,1800
2026-09-27T19:12:37Z,19e19925921f112b6d318368df76697f39f4428c,a42531566e9b,1ee65599597c,1,best,regex-redux,fortran,official,0,ok,0,,ok,0.440077,2.189707,0.022039,2.211746,5.025800,172384,298,a37e6da1d43b332d5c0f4fc25b76090e9095d4c97c25f1a7186385e87706e4af,97197f5957a12f8a859ba7edff6d97994daa18afacd77db21fa68c6f2e447e38,33870bcf6ad96e7b182c0a979a1794c8485c8c1e07ed000404789d2a4f03b139,rlimit,1800
2026-09-27T19:12:37Z,19e19925921f112b6d318368df76697f39f4428c,a42531566e9b,1ee65599597c,2,best,regex-redux,fortran,official,0,ok,0,,ok,0.407047,2.234529,0.018967,2.253496,5.536200,172268,298,a37e6da1d43b332d5c0f4fc25b76090e9095d4c97c25f1a7186385e87706e4af,97197f5957a12f8a859ba7edff6d97994daa18afacd77db21fa68c6f2e447e38,33870bcf6ad96e7b182c0a979a1794c8485c8c1e07ed000404789d2a4f03b139,rlimit,1800
2026-09-27T19:12:37Z,19e19925921f112b6d318368df76697f39f4428c,a42531566e9b,1ee65599597c,3,best,regex-redux,fortran,official,0,ok,0,,ok,0.422840,2.206249,0.019012,2.225261,5.262700,172400,298,a37e6da1d43b332d5c0f4fc25b76090e9095d4c97c25f1a7186385e87706e4af,97197f5957a12f8a859ba7edff6d97994daa18afacd77db21fa68c6f2e447e38,33870bcf6ad96e7b182c0a979a1794c8485c8c1e07ed000404789d2a4f03b139,rlimit,1800
2026-09-27T19:12:38Z,19e19925921f112b6d318368df76697f39f4428c,a42531566e9b,1ee65599597c,4,best,regex-redux,fortran,official,0,ok,0,,ok,0.418608,2.255520,0.025895,2.281415,5.450000,172380,298,a37e6da1d43b332d5c0f4fc25b76090e9095d4c97c25f1a7186385e87706e4af,97197f5957a12f8a859ba7edff6d97994daa18afacd77db21fa68c6f2e447e38,33870bcf6ad96e7b182c0a979a1794c8485c8c1e07ed000404789d2a4f03b139,rlimit,1800
2026-09-27T19:12:40Z,19e19925921f112b6d318368df76697f39f4428c,a42531566e9b,1803d18e5ee2,0,best,regex-redux,pascal,official,0,ok,0,,ok,2.275380,2.182402,0.088868,2.271270,0.998200,103312,298,a37e6da1d43b332d5c0f4fc25b76090e9095d4c97c25f1a7186385e87706e4af,97197f5957a12f8a859ba7edff6d97994daa18afacd77db21fa68c6f2e447e38,722996051459ba488dd2cc01f759c2c10f9171baf57e93df2b42ea4a3ade9d3b,rlimit,1800
2026-09-27T19:12:42Z,19e19925921f112b6d318368df76697f39f4428c,a42531566e9b,1803d18e5ee2,1,best,regex-redux,pascal,official,0,ok,0,,ok,2.286813,2.206755,0.074730,2.281485,0.997700,103216,298,a37e6da1d43b332d5c0f4fc25b76090e9095d4c97c25f1a7186385e87706e4af,97197f5957a12f8a859ba7edff6d97994daa18afacd77db21fa68c6f2e447e38,722996051459ba488dd2cc01f759c2c10f9171baf57e93df2b42ea4a3ade9d3b,rlimit,1800
2026-09-27T19:12:45Z,19e19925921f112b6d318368df76697f39f4428c,a42531566e9b,1803d18e5ee2,2,best,regex-redux,pascal,official,0,ok,0,,ok,2.276698,2.198178,0.074907,2.273085,0.998400,103144,298,a37e6da1d43b332d5c0f4fc25b76090e9095d4c97c25f1a7186385e87706e4af,97197f5957a12f8a859ba7edff6d97994daa18afacd77db21fa68c6f2e447e38,722996051459ba488dd2cc01f759c2c10f9171baf57e93df2b42ea4a3ade9d3b,rlimit,1800
2026-09-27T19:12:47Z,19e19925921f112b6d318368df76697f39f4428c,a42531566e9b,1803d18e5ee2,3,best,regex-redux,pascal,official,0,ok,0,,ok,2.254121,2.188337,0.061747,2.250084,0.998200,103212,298,a37e6da1d43b332d5c0f4fc25b76090e9095d4c97c25f1a7186385e87706e4af,97197f5957a12f8a859ba7edff6d97994daa18afacd77db21fa68c6f2e447e38,722996051459ba488dd2cc01f759c2c10f9171baf57e93df2b42ea4a3ade9d3b,rlimit,1800
2026-09-27T19:12:49Z,19e19925921f112b6d318368df76697f39f4428c,a42531566e9b,1803d18e5ee2,4,best,regex-redux,pascal,official,0,ok,0,,ok,2.275824,2.208488,0.063874,2.272362,0.998500,103084,298,a37e6da1d43b332d5c0f4fc25b76090e9095d4c97c25f1a7186385e87706e4af,97197f5957a12f8a859ba7edff6d97994daa18afacd77db21fa68c6f2e447e38,722996051459ba488dd2cc01f759c2c10f9171baf57e93df2b42ea4a3ade9d3b,rlimit,1800
2026-09-27T23:05:47Z,ba93c7e81085c04a0ca1d1d9225abaec39b2fc33-dirty,a42531566e9b,af8be1d18d48,0,st,nbody,c,official,50000000,ok,0,,reference,1.868714,1.861884,0.001678,1.863562,0.997200,2412,26,3e6c9ef9d26cfe312a4cd8e1b81b3f671b88fbce84de543e8c23c206a942504d,,d0d2a8a46e03db2c8c2b3801e0d06735bcb1b05f38616555349919203501ba5f,rlimit,1800
2026-09-27T23:05:49Z,ba93c7e81085c04a0ca1d1d9225abaec39b2fc33-dirty,a42531566e9b,af8be1d18d48,1,st,nbody,c,official,50000000,ok,0,,reference,1.865065,1.857892,0.001831,1.859723,0.997100,2392,26,3e6c9ef9d26cfe312a4cd8e1b81b3f671b88fbce84de543e8c23c206a942504d,,d0d2a8a46e03db2c8c2b3801e0d06735bcb1b05f38616555349919203501ba5f,rlimit,1800
2026-09-27T23:05:51Z,ba93c7e81085c04a0ca1d1d9225abaec39b2fc33-dirty,a42531566e9b,af8be1d18d48,2,st,nbody,c,official,50000000,ok,0,,reference,1.866896,1.860965,0.000849,1.861814,0.997300,2324,26,3e6c9ef9d26cfe312a4cd8e1b81b3f671b88fbce84de543e8c23c206a942504d,,d0d2a8a46e03db2c8c2b3801e0d06735bcb1b05f38616555349919203501ba5f,rlimit,1800
2026-09-27T23:05:52Z,ba93c7e81085c04a0ca1d1d9225abaec39b2fc33-dirty,a42531566e9b,af8be1d18d48,3,st,nbody,c,official,50000000,ok,0,,reference,1.868471,1.861101,0.001665,1.862766,0.996900,2420,26,3e6c9ef9d26cfe312a4cd8e1b81b3f671b88fbce84de543e8c23c206a942504d,,d0d2a8a46e03db2c8c2b3801e0d06735bcb1b05f38616555349919203501ba5f,rlimit,1800
2026-09-27T23:05:54Z,ba93c7e81085c04a0ca1d1d9225abaec39b2fc33-dirty,a42531566e9b,af8be1d18d48,4,st,nbody,c,official,50000000,ok,0,,reference,1.868348,1.863141,0.000850,1.863991,0.997700,2428,26,3e6c9ef9d26cfe312a4cd8e1b81b3f671b88fbce84de543e8c23c206a942504d,,d0d2a8a46e03db2c8c2b3801e0d06735bcb1b05f38616555349919203501ba5f,rlimit,1800
2026-09-27T23:05:57Z,ba93c7e81085c04a0ca1d1d9225abaec39b2fc33-dirty,a42531566e9b,41988045aef7,0,st,nbody,resid,official,50000000,ok,0,,ok,1.445233,1.440199,0.000833,1.441032,0.997100,2084,26,3e6c9ef9d26cfe312a4cd8e1b81b3f671b88fbce84de543e8c23c206a942504d,,2b7503dda9526d1ebbcef43f95172f53d0c075efd9fead5725e694c1fab5bf57,rlimit,1800
2026-09-27T23:05:59Z,ba93c7e81085c04a0ca1d1d9225abaec39b2fc33-dirty,a42531566e9b,41988045aef7,1,st,nbody,resid,official,50000000,ok,0,,ok,1.444332,1.440589,0.000000,1.440589,0.997400,2084,26,3e6c9ef9d26cfe312a4cd8e1b81b3f671b88fbce84de543e8c23c206a942504d,,2b7503dda9526d1ebbcef43f95172f53d0c075efd9fead5725e694c1fab5bf57,rlimit,1800
2026-09-27T23:06:00Z,ba93c7e81085c04a0ca1d1d9225abaec39b2fc33-dirty,a42531566e9b,41988045aef7,2,st,nbody,resid,official,50000000,ok,0,,ok,1.446303,1.439718,0.001717,1.441435,0.996600,2088,26,3e6c9ef9d26cfe312a4cd8e1b81b3f671b88fbce84de543e8c23c206a942504d,,2b7503dda9526d1ebbcef43f95172f53d0c075efd9fead5725e694c1fab5bf57,rlimit,1800
2026-09-27T23:06:02Z,ba93c7e81085c04a0ca1d1d9225abaec39b2fc33-dirty,a42531566e9b,41988045aef7,3,st,nbody,resid,official,50000000,ok,0,,ok,1.443802,1.439577,0.000998,1.440575,0.997800,2084,26,3e6c9ef9d26cfe312a4cd8e1b81b3f671b88fbce84de543e8c23c206a942504d,,2b7503dda9526d1ebbcef43f95172f53d0c075efd9fead5725e694c1fab5bf57,rlimit,1800
2026-09-27T23:06:03Z,ba93c7e81085c04a0ca1d1d9225abaec39b2fc33-dirty,a42531566e9b,41988045aef7,4,st,nbody,resid,official,50000000,ok,0,,ok,1.444065,1.439028,0.001940,1.440968,0.997900,2088,26,3e6c9ef9d26cfe312a4cd8e1b81b3f671b88fbce84de543e8c23c206a942504d,,2b7503dda9526d1ebbcef43f95172f53d0c075efd9fead5725e694c1fab5bf57,rlimit,1800
2026-09-27T23:06:06Z,ba93c7e81085c04a0ca1d1d9225abaec39b2fc33-dirty,a42531566e9b,d7b783627b02,0,best,nbody,resid,official,50000000,ok,0,,ok,1.188866,1.186096,0.000995,1.187091,0.998500,2088,26,3e6c9ef9d26cfe312a4cd8e1b81b3f671b88fbce84de543e8c23c206a942504d,,1ea66b09b63391eb752eb67fba0020cfac1bc6a3dc7001667c41d2b1cb676d1a,rlimit,1800
2026-09-27T23:06:08Z,ba93c7e81085c04a0ca1d1d9225abaec39b2fc33-dirty,a42531566e9b,d7b783627b02,1,best,nbody,resid,official,50000000,ok,0,,ok,1.189384,1.187160,0.000000,1.187160,0.998100,2084,26,3e6c9ef9d26cfe312a4cd8e1b81b3f671b88fbce84de543e8c23c206a942504d,,1ea66b09b63391eb752eb67fba0020cfac1bc6a3dc7001667c41d2b1cb676d1a,rlimit,1800
2026-09-27T23:06:09Z,ba93c7e81085c04a0ca1d1d9225abaec39b2fc33-dirty,a42531566e9b,d7b783627b02,2,best,nbody,resid,official,50000000,ok,0,,ok,1.190898,1.187314,0.000988,1.188302,0.997800,2084,26,3e6c9ef9d26cfe312a4cd8e1b81b3f671b88fbce84de543e8c23c206a942504d,,1ea66b09b63391eb752eb67fba0020cfac1bc6a3dc7001667c41d2b1cb676d1a,rlimit,1800
2026-09-27T23:06:10Z,ba93c7e81085c04a0ca1d1d9225abaec39b2fc33-dirty,a42531566e9b,d7b783627b02,3,best,nbody,resid,official,50000000,ok,0,,ok,1.191870,1.187423,0.001978,1.189401,0.997900,2084,26,3e6c9ef9d26cfe312a4cd8e1b81b3f671b88fbce84de543e8c23c206a942504d,,1ea66b09b63391eb752eb67fba0020cfac1bc6a3dc7001667c41d2b1cb676d1a,rlimit,1800
2026-09-27T23:06:11Z,ba93c7e81085c04a0ca1d1d9225abaec39b2fc33-dirty,a42531566e9b,d7b783627b02,4,best,nbody,resid,official,50000000,ok,0,,ok,1.190121,1.185752,0.001857,1.187609,0.997900,2084,26,3e6c9ef9d26cfe312a4cd8e1b81b3f671b88fbce84de543e8c23c206a942504d,,1ea66b09b63391eb752eb67fba0020cfac1bc6a3dc7001667c41d2b1cb676d1a,rlimit,1800
2026-09-27T23:06:38Z,ba93c7e81085c04a0ca1d1d9225abaec39b2fc33-dirty,a42531566e9b,481ee665d6ad,0,st,fannkuch-redux,c,official,12,ok,0,,reference,26.396932,26.313780,0.021140,26.334920,0.997700,1952,29,4265a65135c506a68d90d6474003fb9030b7ee244a06c046bd89b3932a28ce20,,dbd1158835c1d75ea6530cb2e97ee8f72056c14f889f90267e225f446a96c423,rlimit,1800
2026-09-27T23:07:04Z,ba93c7e81085c04a0ca1d1d9225abaec39b2fc33-dirty,a42531566e9b,481ee665d6ad,1,st,fannkuch-redux,c,official,12,ok,0,,reference,26.158542,26.091685,0.011155,26.102840,0.997900,1952,29,4265a65135c506a68d90d6474003fb9030b7ee244a06c046bd89b3932a28ce20,,dbd1158835c1d75ea6530cb2e97ee8f72056c14f889f90267e225f446a96c423,rlimit,1800
2026-09-27T23:07:30Z,ba93c7e81085c04a0ca1d1d9225abaec39b2fc33-dirty,a42531566e9b,481ee665d6ad,2,st,fannkuch-redux,c,official,12,ok,0,,reference,26.135287,26.062123,0.015088,26.077211,0.997800,1952,29,4265a65135c506a68d90d6474003fb9030b7ee244a06c046bd89b3932a28ce20,,dbd1158835c1d75ea6530cb2e97ee8f72056c14f889f90267e225f446a96c423,rlimit,1800
2026-09-27T23:07:56Z,ba93c7e81085c04a0ca1d1d9225abaec39b2fc33-dirty,a42531566e9b,481ee665d6ad,3,st,fannkuch-redux,c,official,12,ok,0,,reference,26.145178,26.056247,0.027074,26.083321,0.997600,1952,29,4265a65135c506a68d90d6474003fb9030b7ee244a06c046bd89b3932a28ce20,,dbd1158835c1d75ea6530cb2e97ee8f72056c14f889f90267e225f446a96c423,rlimit,1800
2026-09-27T23:08:22Z,ba93c7e81085c04a0ca1d1d9225abaec39b2fc33-dirty,a42531566e9b,481ee665d6ad,4,st,fannkuch-redux,c,official,12,ok,0,,reference,26.321905,26.241861,0.018260,26.260121,0.997700,1952,29,4265a65135c506a68d90d6474003fb9030b7ee244a06c046bd89b3932a28ce20,,dbd1158835c1d75ea6530cb2e97ee8f72056c14f889f90267e225f446a96c423,rlimit,1800
2026-09-27T23:08:38Z,ba93c7e81085c04a0ca1d1d9225abaec39b2fc33-dirty,a42531566e9b,f4fe9dc52e25,0,st,fannkuch-redux,resid,official,12,ok,0,,ok,15.251265,15.202648,0.011814,15.214462,0.997600,2088,29,4265a65135c506a68d90d6474003fb9030b7ee244a06c046bd89b3932a28ce20,,e4216da750b191fb90e9df8bd4861502263f2bde1d5e9cc9fcfeccf662105036,rlimit,1800
2026-09-27T23:08:53Z,ba93c7e81085c04a0ca1d1d9225abaec39b2fc33-dirty,a42531566e9b,f4fe9dc52e25,1,st,fannkuch-redux,resid,official,12,ok,0,,ok,15.197427,15.153222,0.011532,15.164754,0.997900,2088,29,4265a65135c506a68d90d6474003fb9030b7ee244a06c046bd89b3932a28ce20,,e4216da750b191fb90e9df8bd4861502263f2bde1d5e9cc9fcfeccf662105036,rlimit,1800
2026-09-27T23:09:08Z,ba93c7e81085c04a0ca1d1d9225abaec39b2fc33-dirty,a42531566e9b,f4fe9dc52e25,2,st,fannkuch-redux,resid,official,12,ok,0,,ok,15.190696,15.148021,0.008856,15.156877,0.997800,2084,29,4265a65135c506a68d90d6474003fb9030b7ee244a06c046bd89b3932a28ce20,,e4216da750b191fb90e9df8bd4861502263f2bde1d5e9cc9fcfeccf662105036,rlimit,1800
2026-09-27T23:09:23Z,ba93c7e81085c04a0ca1d1d9225abaec39b2fc33-dirty,a42531566e9b,f4fe9dc52e25,3,st,fannkuch-redux,resid,official,12,ok,0,,ok,15.182877,15.131255,0.017572,15.148827,0.997800,2084,29,4265a65135c506a68d90d6474003fb9030b7ee244a06c046bd89b3932a28ce20,,e4216da750b191fb90e9df8bd4861502263f2bde1d5e9cc9fcfeccf662105036,rlimit,1800
2026-09-27T23:09:38Z,ba93c7e81085c04a0ca1d1d9225abaec39b2fc33-dirty,a42531566e9b,f4fe9dc52e25,4,st,fannkuch-redux,resid,official,12,ok,0,,ok,15.203715,15.163248,0.007638,15.170886,0.997800,2084,29,4265a65135c506a68d90d6474003fb9030b7ee244a06c046bd89b3932a28ce20,,e4216da750b191fb90e9df8bd4861502263f2bde1d5e9cc9fcfeccf662105036,rlimit,1800
2026-09-27T23:09:42Z,ba93c7e81085c04a0ca1d1d9225abaec39b2fc33-dirty,a42531566e9b,9cb92fd88566,0,best,fannkuch-redux,resid,official,12,ok,0,,ok,1.889732,19.254777,0.002864,19.257641,10.190700,26736,29,4265a65135c506a68d90d6474003fb9030b7ee244a06c046bd89b3932a28ce20,,f97417f700b39b361b965a6a8eb13232582cae1fe5cc01baffb0accf37c8afb8,rlimit,1800
2026-09-27T23:09:44Z,ba93c7e81085c04a0ca1d1d9225abaec39b2fc33-dirty,a42531566e9b,9cb92fd88566,1,best,fannkuch-redux,resid,official,12,ok,0,,ok,1.895040,19.285902,0.005955,19.291857,10.180200,26732,29,4265a65135c506a68d90d6474003fb9030b7ee244a06c046bd89b3932a28ce20,,f97417f700b39b361b965a6a8eb13232582cae1fe5cc01baffb0accf37c8afb8,rlimit,1800
2026-09-27T23:09:46Z,ba93c7e81085c04a0ca1d1d9225abaec39b2fc33-dirty,a42531566e9b,9cb92fd88566,2,best,fannkuch-redux,resid,official,12,ok,0,,ok,1.931756,19.480327,0.001998,19.482325,10.085300,26732,29,4265a65135c506a68d90d6474003fb9030b7ee244a06c046bd89b3932a28ce20,,f97417f700b39b361b965a6a8eb13232582cae1fe5cc01baffb0accf37c8afb8,rlimit,1800
2026-09-27T23:09:48Z,ba93c7e81085c04a0ca1d1d9225abaec39b2fc33-dirty,a42531566e9b,9cb92fd88566,3,best,fannkuch-redux,resid,official,12,ok,0,,ok,1.911005,19.242091,0.004965,19.247056,10.071700,26732,29,4265a65135c506a68d90d6474003fb9030b7ee244a06c046bd89b3932a28ce20,,f97417f700b39b361b965a6a8eb13232582cae1fe5cc01baffb0accf37c8afb8,rlimit,1800
2026-09-27T23:09:50Z,ba93c7e81085c04a0ca1d1d9225abaec39b2fc33-dirty,a42531566e9b,9cb92fd88566,4,best,fannkuch-redux,resid,official,12,ok,0,,ok,1.916530,19.322188,0.004966,19.327154,10.084400,26736,29,4265a65135c506a68d90d6474003fb9030b7ee244a06c046bd89b3932a28ce20,,f97417f700b39b361b965a6a8eb13232582cae1fe5cc01baffb0accf37c8afb8,rlimit,1800
2026-09-27T23:09:51Z,ba93c7e81085c04a0ca1d1d9225abaec39b2fc33-dirty,a42531566e9b,45e3eac7e6be,0,st,spectral-norm,c,official,5500,ok,0,,reference,0.783567,0.780309,0.000000,0.780309,0.995800,2436,12,f9d5b5e3eb7657cf1bbba4cc856651864df9cd9fd9a6be9b9bc5fcbb67150deb,,44af1ec8738b6a8c1e9378b28c120a542cff91ac491d8fad72795258f7d04a7b,rlimit,1800
2026-09-27T23:09:51Z,ba93c7e81085c04a0ca1d1d9225abaec39b2fc33-dirty,a42531566e9b,45e3eac7e6be,1,st,spectral-norm,c,official,5500,ok,0,,reference,0.787787,0.784051,0.000998,0.785049,0.996500,2556,12,f9d5b5e3eb7657cf1bbba4cc856651864df9cd9fd9a6be9b9bc5fcbb67150deb,,44af1ec8738b6a8c1e9378b28c120a542cff91ac491d8fad72795258f7d04a7b,rlimit,1800
2026-09-27T23:09:52Z,ba93c7e81085c04a0ca1d1d9225abaec39b2fc33-dirty,a42531566e9b,45e3eac7e6be,2,st,spectral-norm,c,official,5500,ok,0,,reference,0.781877,0.779870,0.000000,0.779870,0.997400,2540,12,f9d5b5e3eb7657cf1bbba4cc856651864df9cd9fd9a6be9b9bc5fcbb67150deb,,44af1ec8738b6a8c1e9378b28c120a542cff91ac491d8fad72795258f7d04a7b,rlimit,1800
2026-09-27T23:09:53Z,ba93c7e81085c04a0ca1d1d9225abaec39b2fc33-dirty,a42531566e9b,45e3eac7e6be,3,st,spectral-norm,c,official,5500,ok,0,,reference,0.781661,0.776600,0.002859,0.779459,0.997200,2344,12,f9d5b5e3eb7657cf1bbba4cc856651864df9cd9fd9a6be9b9bc5fcbb67150deb,,44af1ec8738b6a8c1e9378b28c120a542cff91ac491d8fad72795258f7d04a7b,rlimit,1800
2026-09-27T23:09:54Z,ba93c7e81085c04a0ca1d1d9225abaec39b2fc33-dirty,a42531566e9b,45e3eac7e6be,4,st,spectral-norm,c,official,5500,ok,0,,reference,0.781313,0.778303,0.000869,0.779172,0.997300,2420,12,f9d5b5e3eb7657cf1bbba4cc856651864df9cd9fd9a6be9b9bc5fcbb67150deb,,44af1ec8738b6a8c1e9378b28c120a542cff91ac491d8fad72795258f7d04a7b,rlimit,1800
2026-09-27T23:09:55Z,ba93c7e81085c04a0ca1d1d9225abaec39b2fc33-dirty,a42531566e9b,fd0326042f3f,0,st,spectral-norm,resid,official,5500,ok,0,,ok,1.168790,1.164549,0.000998,1.165547,0.997200,5284,12,f9d5b5e3eb7657cf1bbba4cc856651864df9cd9fd9a6be9b9bc5fcbb67150deb,,b42ce8b5a7fc2513f1f4decaa59b1c3922e298cf6bd651432b6b2ba7a528da26,rlimit,1800
2026-09-27T23:09:56Z,ba93c7e81085c04a0ca1d1d9225abaec39b2fc33-dirty,a42531566e9b,fd0326042f3f,1,st,spectral-norm,resid,official,5500,ok,0,,ok,1.168467,1.164942,0.000831,1.165773,0.997700,5288,12,f9d5b5e3eb7657cf1bbba4cc856651864df9cd9fd9a6be9b9bc5fcbb67150deb,,b42ce8b5a7fc2513f1f4decaa59b1c3922e298cf6bd651432b6b2ba7a528da26,rlimit,1800
2026-09-27T23:09:57Z,ba93c7e81085c04a0ca1d1d9225abaec39b2fc33-dirty,a42531566e9b,fd0326042f3f,2,st,spectral-norm,resid,official,5500,ok,0,,ok,1.169726,1.166475,0.000000,1.166475,0.997200,5288,12,f9d5b5e3eb7657cf1bbba4cc856651864df9cd9fd9a6be9b9bc5fcbb67150deb,,b42ce8b5a7fc2513f1f4decaa59b1c3922e298cf6bd651432b6b2ba7a528da26,rlimit,1800
2026-09-27T23:09:59Z,ba93c7e81085c04a0ca1d1d9225abaec39b2fc33-dirty,a42531566e9b,fd0326042f3f,3,st,spectral-norm,resid,official,5500,ok,0,,ok,1.180024,1.175545,0.001828,1.177373,0.997800,5284,12,f9d5b5e3eb7657cf1bbba4cc856651864df9cd9fd9a6be9b9bc5fcbb67150deb,,b42ce8b5a7fc2513f1f4decaa59b1c3922e298cf6bd651432b6b2ba7a528da26,rlimit,1800
2026-09-27T23:10:00Z,ba93c7e81085c04a0ca1d1d9225abaec39b2fc33-dirty,a42531566e9b,fd0326042f3f,4,st,spectral-norm,resid,official,5500,ok,0,,ok,1.180945,1.175962,0.001998,1.177960,0.997500,5284,12,f9d5b5e3eb7657cf1bbba4cc856651864df9cd9fd9a6be9b9bc5fcbb67150deb,,b42ce8b5a7fc2513f1f4decaa59b1c3922e298cf6bd651432b6b2ba7a528da26,rlimit,1800
2026-09-27T23:10:02Z,ba93c7e81085c04a0ca1d1d9225abaec39b2fc33-dirty,a42531566e9b,74652d9bee63,0,best,spectral-norm,resid,official,5500,ok,0,,ok,0.212302,2.716357,0.006881,2.723238,12.827200,45028,12,f9d5b5e3eb7657cf1bbba4cc856651864df9cd9fd9a6be9b9bc5fcbb67150deb,,055762f2b3b0be75345a918a5bbb4e5f92f467450bc1482e0c6c36e25334505d,rlimit,1800
2026-09-27T23:10:02Z,ba93c7e81085c04a0ca1d1d9225abaec39b2fc33-dirty,a42531566e9b,74652d9bee63,1,best,spectral-norm,resid,official,5500,ok,0,,ok,0.213919,2.716149,0.008018,2.724167,12.734600,44960,12,f9d5b5e3eb7657cf1bbba4cc856651864df9cd9fd9a6be9b9bc5fcbb67150deb,,055762f2b3b0be75345a918a5bbb4e5f92f467450bc1482e0c6c36e25334505d,rlimit,1800
2026-09-27T23:10:02Z,ba93c7e81085c04a0ca1d1d9225abaec39b2fc33-dirty,a42531566e9b,74652d9bee63,2,best,spectral-norm,resid,official,5500,ok,0,,ok,0.213796,2.713130,0.007016,2.720146,12.723100,44948,12,f9d5b5e3eb7657cf1bbba4cc856651864df9cd9fd9a6be9b9bc5fcbb67150deb,,055762f2b3b0be75345a918a5bbb4e5f92f467450bc1482e0c6c36e25334505d,rlimit,1800
2026-09-27T23:10:03Z,ba93c7e81085c04a0ca1d1d9225abaec39b2fc33-dirty,a42531566e9b,74652d9bee63,3,best,spectral-norm,resid,official,5500,ok,0,,ok,0.215930,2.666583,0.007960,2.674543,12.386200,44768,12,f9d5b5e3eb7657cf1bbba4cc856651864df9cd9fd9a6be9b9bc5fcbb67150deb,,055762f2b3b0be75345a918a5bbb4e5f92f467450bc1482e0c6c36e25334505d,rlimit,1800
2026-09-27T23:10:03Z,ba93c7e81085c04a0ca1d1d9225abaec39b2fc33-dirty,a42531566e9b,74652d9bee63,4,best,spectral-norm,resid,official,5500,ok,0,,ok,0.213460,2.744102,0.009986,2.754088,12.902200,44948,12,f9d5b5e3eb7657cf1bbba4cc856651864df9cd9fd9a6be9b9bc5fcbb67150deb,,055762f2b3b0be75345a918a5bbb4e5f92f467450bc1482e0c6c36e25334505d,rlimit,1800
2026-09-27T23:10:14Z,ba93c7e81085c04a0ca1d1d9225abaec39b2fc33-dirty,a42531566e9b,befe8ef1f4f0,0,st,mandelbrot,c,official,16000,ok,0,,reference,11.047339,10.999996,0.022446,11.022442,0.997700,1952,32000015,609262469ee6a0262ccd03932e557f745c9e7b997ad17835a02a0232a64807be,,9fc0f236eabe8e76f32fbc9ff2670193fa2b0244772cda6a49633adafddc4b4d,rlimit,1800
2026-09-27T23:10:25Z,ba93c7e81085c04a0ca1d1d9225abaec39b2fc33-dirty,a42531566e9b,befe8ef1f4f0,1,st,mandelbrot,c,official,16000,ok,0,,reference,11.011818,10.964717,0.023649,10.988366,0.997900,1952,32000015,609262469ee6a0262ccd03932e557f745c9e7b997ad17835a02a0232a64807be,,9fc0f236eabe8e76f32fbc9ff2670193fa2b0244772cda6a49633adafddc4b4d,rlimit,1800
2026-09-27T23:10:36Z,ba93c7e81085c04a0ca1d1d9225abaec39b2fc33-dirty,a42531566e9b,befe8ef1f4f0,2,st,mandelbrot,c,official,16000,ok,0,,reference,10.988042,10.939880,0.025166,10.965046,0.997900,1952,32000015,609262469ee6a0262ccd03932e557f745c9e7b997ad17835a02a0232a64807be,,9fc0f236eabe8e76f32fbc9ff2670193fa2b0244772cda6a49633adafddc4b4d,rlimit,1800
2026-09-27T23:10:47Z,ba93c7e81085c04a0ca1d1d9225abaec39b2fc33-dirty,a42531566e9b,befe8ef1f4f0,3,st,mandelbrot,c,official,16000,ok,0,,reference,10.980776,10.930692,0.023633,10.954325,0.997600,1952,32000015,609262469ee6a0262ccd03932e557f745c9e7b997ad17835a02a0232a64807be,,9fc0f236eabe8e76f32fbc9ff2670193fa2b0244772cda6a49633adafddc4b4d,rlimit,1800
2026-09-27T23:10:58Z,ba93c7e81085c04a0ca1d1d9225abaec39b2fc33-dirty,a42531566e9b,befe8ef1f4f0,4,st,mandelbrot,c,official,16000,ok,0,,reference,10.975374,10.926734,0.023212,10.949946,0.997700,1952,32000015,609262469ee6a0262ccd03932e557f745c9e7b997ad17835a02a0232a64807be,,9fc0f236eabe8e76f32fbc9ff2670193fa2b0244772cda6a49633adafddc4b4d,rlimit,1800
2026-09-27T23:11:09Z,ba93c7e81085c04a0ca1d1d9225abaec39b2fc33-dirty,a42531566e9b,2f16279063b5,0,st,mandelbrot,resid,official,16000,ok,0,,ok,11.170654,11.118276,0.029310,11.147586,0.997900,2084,32000015,609262469ee6a0262ccd03932e557f745c9e7b997ad17835a02a0232a64807be,,1808dd7a5fa7c2cdc4e45ae1ae8bc87d7f373747a6321e5a8f4f881ad16d9cb5,rlimit,1800
2026-09-27T23:11:20Z,ba93c7e81085c04a0ca1d1d9225abaec39b2fc33-dirty,a42531566e9b,2f16279063b5,1,st,mandelbrot,resid,official,16000,ok,0,,ok,11.184940,11.135309,0.025558,11.160867,0.997800,2088,32000015,609262469ee6a0262ccd03932e557f745c9e7b997ad17835a02a0232a64807be,,1808dd7a5fa7c2cdc4e45ae1ae8bc87d7f373747a6321e5a8f4f881ad16d9cb5,rlimit,1800
2026-09-27T23:11:32Z,ba93c7e81085c04a0ca1d1d9225abaec39b2fc33-dirty,a42531566e9b,2f16279063b5,2,st,mandelbrot,resid,official,16000,ok,0,,ok,11.165859,11.115337,0.027749,11.143086,0.998000,2084,32000015,609262469ee6a0262ccd03932e557f745c9e7b997ad17835a02a0232a64807be,,1808dd7a5fa7c2cdc4e45ae1ae8bc87d7f373747a6321e5a8f4f881ad16d9cb5,rlimit,1800
2026-09-27T23:11:43Z,ba93c7e81085c04a0ca1d1d9225abaec39b2fc33-dirty,a42531566e9b,2f16279063b5,3,st,mandelbrot,resid,official,16000,ok,0,,ok,11.185858,11.137773,0.023066,11.160839,0.997800,2084,32000015,609262469ee6a0262ccd03932e557f745c9e7b997ad17835a02a0232a64807be,,1808dd7a5fa7c2cdc4e45ae1ae8bc87d7f373747a6321e5a8f4f881ad16d9cb5,rlimit,1800
2026-09-27T23:11:54Z,ba93c7e81085c04a0ca1d1d9225abaec39b2fc33-dirty,a42531566e9b,2f16279063b5,4,st,mandelbrot,resid,official,16000,ok,0,,ok,11.165751,11.115847,0.024072,11.139919,0.997700,2084,32000015,609262469ee6a0262ccd03932e557f745c9e7b997ad17835a02a0232a64807be,,1808dd7a5fa7c2cdc4e45ae1ae8bc87d7f373747a6321e5a8f4f881ad16d9cb5,rlimit,1800
2026-09-27T23:11:56Z,ba93c7e81085c04a0ca1d1d9225abaec39b2fc33-dirty,a42531566e9b,1fa0e6d7f82f,0,best,mandelbrot,resid,official,16000,ok,0,,ok,0.236210,2.361885,0.201798,2.563683,10.853400,661320,32000015,609262469ee6a0262ccd03932e557f745c9e7b997ad17835a02a0232a64807be,,632c2b0669fef0d690e32ae588029e55322c08c028dde0e92274774f398da643,rlimit,1800
2026-09-27T23:11:56Z,ba93c7e81085c04a0ca1d1d9225abaec39b2fc33-dirty,a42531566e9b,1fa0e6d7f82f,1,best,mandelbrot,resid,official,16000,ok,0,,ok,0.239721,2.317936,0.231028,2.548964,10.633000,661764,32000015,609262469ee6a0262ccd03932e557f745c9e7b997ad17835a02a0232a64807be,,632c2b0669fef0d690e32ae588029e55322c08c028dde0e92274774f398da643,rlimit,1800
2026-09-27T23:11:57Z,ba93c7e81085c04a0ca1d1d9225abaec39b2fc33-dirty,a42531566e9b,1fa0e6d7f82f,2,best,mandelbrot,resid,official,16000,ok,0,,ok,0.240313,2.336500,0.195766,2.532266,10.537400,661516,32000015,609262469ee6a0262ccd03932e557f745c9e7b997ad17835a02a0232a64807be,,632c2b0669fef0d690e32ae588029e55322c08c028dde0e92274774f398da643,rlimit,1800
2026-09-27T23:11:57Z,ba93c7e81085c04a0ca1d1d9225abaec39b2fc33-dirty,a42531566e9b,1fa0e6d7f82f,3,best,mandelbrot,resid,official,16000,ok,0,,ok,0.249694,2.303535,0.196434,2.499969,10.012100,661588,32000015,609262469ee6a0262ccd03932e557f745c9e7b997ad17835a02a0232a64807be,,632c2b0669fef0d690e32ae588029e55322c08c028dde0e92274774f398da643,rlimit,1800
2026-09-27T23:11:57Z,ba93c7e81085c04a0ca1d1d9225abaec39b2fc33-dirty,a42531566e9b,1fa0e6d7f82f,4,best,mandelbrot,resid,official,16000,ok,0,,ok,0.257844,2.327905,0.155126,2.483031,9.630000,661408,32000015,609262469ee6a0262ccd03932e557f745c9e7b997ad17835a02a0232a64807be,,632c2b0669fef0d690e32ae588029e55322c08c028dde0e92274774f398da643,rlimit,1800
2026-09-27T23:12:04Z,ba93c7e81085c04a0ca1d1d9225abaec39b2fc33-dirty,a42531566e9b,4aad9189660a,0,st,binary-trees,c,official,21,ok,0,,reference,6.534701,6.458232,0.058239,6.516471,0.997200,264100,455,341de11a51feab3d8122b4b5d6a68b038a2d14434aa9bc2372f39300bf5f48e1,,d3baf81107ef2c3b5660d785e93924c8bc6aa540107a33864d83cdcc3231d47a,rlimit,1800
2026-09-27T23:12:10Z,ba93c7e81085c04a0ca1d1d9225abaec39b2fc33-dirty,a42531566e9b,4aad9189660a,1,st,binary-trees,c,official,21,ok,0,,reference,6.514114,6.441149,0.055659,6.496808,0.997300,264100,455,341de11a51feab3d8122b4b5d6a68b038a2d14434aa9bc2372f39300bf5f48e1,,d3baf81107ef2c3b5660d785e93924c8bc6aa540107a33864d83cdcc3231d47a,rlimit,1800
2026-09-27T23:12:17Z,ba93c7e81085c04a0ca1d1d9225abaec39b2fc33-dirty,a42531566e9b,4aad9189660a,2,st,binary-trees,c,official,21,ok,0,,reference,6.513000,6.442543,0.054004,6.496547,0.997500,264100,455,341de11a51feab3d8122b4b5d6a68b038a2d14434aa9bc2372f39300bf5f48e1,,d3baf81107ef2c3b5660d785e93924c8bc6aa540107a33864d83cdcc3231d47a,rlimit,1800
2026-09-27T23:12:23Z,ba93c7e81085c04a0ca1d1d9225abaec39b2fc33-dirty,a42531566e9b,4aad9189660a,3,st,binary-trees,c,official,21,ok,0,,reference,6.583151,6.510994,0.054296,6.565290,0.997300,264100,455,341de11a51feab3d8122b4b5d6a68b038a2d14434aa9bc2372f39300bf5f48e1,,d3baf81107ef2c3b5660d785e93924c8bc6aa540107a33864d83cdcc3231d47a,rlimit,1800
2026-09-27T23:12:30Z,ba93c7e81085c04a0ca1d1d9225abaec39b2fc33-dirty,a42531566e9b,4aad9189660a,4,st,binary-trees,c,official,21,ok,0,,reference,6.521801,6.451918,0.053704,6.505622,0.997500,264100,455,341de11a51feab3d8122b4b5d6a68b038a2d14434aa9bc2372f39300bf5f48e1,,d3baf81107ef2c3b5660d785e93924c8bc6aa540107a33864d83cdcc3231d47a,rlimit,1800
2026-09-27T23:12:32Z,ba93c7e81085c04a0ca1d1d9225abaec39b2fc33-dirty,a42531566e9b,3d740dbeef44,0,st,binary-trees,resid,official,21,ok,0,,ok,2.111303,2.025168,0.080638,2.105806,0.997400,265256,455,341de11a51feab3d8122b4b5d6a68b038a2d14434aa9bc2372f39300bf5f48e1,,74efc01603c206f7c432648598fffafe84aaaf3027eb92e2394daf680f91ded4,rlimit,1800
2026-09-27T23:12:34Z,ba93c7e81085c04a0ca1d1d9225abaec39b2fc33-dirty,a42531566e9b,3d740dbeef44,1,st,binary-trees,resid,official,21,ok,0,,ok,2.081101,2.003037,0.072741,2.075778,0.997400,265256,455,341de11a51feab3d8122b4b5d6a68b038a2d14434aa9bc2372f39300bf5f48e1,,74efc01603c206f7c432648598fffafe84aaaf3027eb92e2394daf680f91ded4,rlimit,1800
2026-09-27T23:12:36Z,ba93c7e81085c04a0ca1d1d9225abaec39b2fc33-dirty,a42531566e9b,3d740dbeef44,2,st,binary-trees,resid,official,21,ok,0,,ok,2.080557,2.002399,0.072613,2.075012,0.997300,265252,455,341de11a51feab3d8122b4b5d6a68b038a2d14434aa9bc2372f39300bf5f48e1,,74efc01603c206f7c432648598fffafe84aaaf3027eb92e2394daf680f91ded4,rlimit,1800
2026-09-27T23:12:38Z,ba93c7e81085c04a0ca1d1d9225abaec39b2fc33-dirty,a42531566e9b,3d740dbeef44,3,st,binary-trees,resid,official,21,ok,0,,ok,2.109274,2.022236,0.081556,2.103792,0.997400,265252,455,341de11a51feab3d8122b4b5d6a68b038a2d14434aa9bc2372f39300bf5f48e1,,74efc01603c206f7c432648598fffafe84aaaf3027eb92e2394daf680f91ded4,rlimit,1800
2026-09-27T23:12:40Z,ba93c7e81085c04a0ca1d1d9225abaec39b2fc33-dirty,a42531566e9b,3d740dbeef44,4,st,binary-trees,resid,official,21,ok,0,,ok,2.099978,2.017130,0.076043,2.093173,0.996800,265256,455,341de11a51feab3d8122b4b5d6a68b038a2d14434aa9bc2372f39300bf5f48e1,,74efc01603c206f7c432648598fffafe84aaaf3027eb92e2394daf680f91ded4,rlimit,1800
2026-09-27T23:12:43Z,ba93c7e81085c04a0ca1d1d9225abaec39b2fc33-dirty,a42531566e9b,a63ab9e9dccf,0,best,binary-trees,resid,official,21,ok,0,,ok,0.494247,2.780633,0.091548,2.872181,5.811200,321092,455,341de11a51feab3d8122b4b5d6a68b038a2d14434aa9bc2372f39300bf5f48e1,,eca7f45fe254103c991ddf001557ecbf930c28381097ccba65f36981a41aed70,rlimit,1800
2026-09-27T23:12:43Z,ba93c7e81085c04a0ca1d1d9225abaec39b2fc33-dirty,a42531566e9b,a63ab9e9dccf,1,best,binary-trees,resid,official,21,ok,0,,ok,0.480242,2.747610,0.083699,2.831309,5.895600,321180,455,341de11a51feab3d8122b4b5d6a68b038a2d14434aa9bc2372f39300bf5f48e1,,eca7f45fe254103c991ddf001557ecbf930c28381097ccba65f36981a41aed70,rlimit,1800
2026-09-27T23:12:44Z,ba93c7e81085c04a0ca1d1d9225abaec39b2fc33-dirty,a42531566e9b,a63ab9e9dccf,2,best,binary-trees,resid,official,21,ok,0,,ok,0.488041,2.741361,0.078770,2.820131,5.778500,321136,455,341de11a51feab3d8122b4b5d6a68b038a2d14434aa9bc2372f39300bf5f48e1,,eca7f45fe254103c991ddf001557ecbf930c28381097ccba65f36981a41aed70,rlimit,1800
2026-09-27T23:12:44Z,ba93c7e81085c04a0ca1d1d9225abaec39b2fc33-dirty,a42531566e9b,a63ab9e9dccf,3,best,binary-trees,resid,official,21,ok,0,,ok,0.490373,2.813049,0.082689,2.895738,5.905200,321132,455,341de11a51feab3d8122b4b5d6a68b038a2d14434aa9bc2372f39300bf5f48e1,,eca7f45fe254103c991ddf001557ecbf930c28381097ccba65f36981a41aed70,rlimit,1800
2026-09-27T23:12:45Z,ba93c7e81085c04a0ca1d1d9225abaec39b2fc33-dirty,a42531566e9b,a63ab9e9dccf,4,best,binary-trees,resid,official,21,ok,0,,ok,0.513168,2.702413,0.097366,2.799779,5.455900,321200,455,341de11a51feab3d8122b4b5d6a68b038a2d14434aa9bc2372f39300bf5f48e1,,eca7f45fe254103c991ddf001557ecbf930c28381097ccba65f36981a41aed70,rlimit,1800
2026-09-27T23:12:47Z,ba93c7e81085c04a0ca1d1d9225abaec39b2fc33-dirty,a42531566e9b,b258d081409d,0,st,fasta,c,official,25000000,ok,0,,reference,2.416429,2.328252,0.082580,2.410832,0.997700,1824,254166745,3fcf4f78104c8a65ef210fe1d469f4e473456c791225f2f1f9114f4986aa09fa,,42498795f97df3694b2de230112c1cb0de22149a4398cd76b7b2410e2a1cdeba,rlimit,1800
2026-09-27T23:12:50Z,ba93c7e81085c04a0ca1d1d9225abaec39b2fc33-dirty,a42531566e9b,b258d081409d,1,st,fasta,c,official,25000000,ok,0,,reference,2.411883,2.352753,0.052470,2.405223,0.997200,1760,254166745,3fcf4f78104c8a65ef210fe1d469f4e473456c791225f2f1f9114f4986aa09fa,,42498795f97df3694b2de230112c1cb0de22149a4398cd76b7b2410e2a1cdeba,rlimit,1800
2026-09-27T23:12:53Z,ba93c7e81085c04a0ca1d1d9225abaec39b2fc33-dirty,a42531566e9b,b258d081409d,2,st,fasta,c,official,25000000,ok,0,,reference,2.410486,2.340051,0.063821,2.403872,0.997300,1824,254166745,3fcf4f78104c8a65ef210fe1d469f4e473456c791225f2f1f9114f4986aa09fa,,42498795f97df3694b2de230112c1cb0de22149a4398cd76b7b2410e2a1cdeba,rlimit,1800
2026-09-27T23:12:55Z,ba93c7e81085c04a0ca1d1d9225abaec39b2fc33-dirty,a42531566e9b,b258d081409d,3,st,fasta,c,official,25000000,ok,0,,reference,2.414935,2.330677,0.078738,2.409415,0.997700,1824,254166745,3fcf4f78104c8a65ef210fe1d469f4e473456c791225f2f1f9114f4986aa09fa,,42498795f97df3694b2de230112c1cb0de22149a4398cd76b7b2410e2a1cdeba,rlimit,1800
2026-09-27T23:12:58Z,ba93c7e81085c04a0ca1d1d9225abaec39b2fc33-dirty,a42531566e9b,b258d081409d,4,st,fasta,c,official,25000000,ok,0,,reference,2.417299,2.341205,0.069883,2.411088,0.997400,1824,254166745,3fcf4f78104c8a65ef210fe1d469f4e473456c791225f2f1f9114f4986aa09fa,,42498795f97df3694b2de230112c1cb0de22149a4398cd76b7b2410e2a1cdeba,rlimit,1800
2026-09-27T23:13:00Z,ba93c7e81085c04a0ca1d1d9225abaec39b2fc33-dirty,a42531566e9b,e682f455e18f,0,st,fasta,resid,official,25000000,ok,0,,ok,2.279988,2.190285,0.083384,2.273669,0.997200,3200,254166745,3fcf4f78104c8a65ef210fe1d469f4e473456c791225f2f1f9114f4986aa09fa,,0026fb19fcf675dfdbc7c50ffe42311dc18f492c11ff119ab81f72436908d848,rlimit,1800
2026-09-27T23:13:02Z,ba93c7e81085c04a0ca1d1d9225abaec39b2fc33-dirty,a42531566e9b,e682f455e18f,1,st,fasta,resid,official,25000000,ok,0,,ok,2.274429,2.184192,0.083278,2.267470,0.996900,3200,254166745,3fcf4f78104c8a65ef210fe1d469f4e473456c791225f2f1f9114f4986aa09fa,,0026fb19fcf675dfdbc7c50ffe42311dc18f492c11ff119ab81f72436908d848,rlimit,1800
2026-09-27T23:13:05Z,ba93c7e81085c04a0ca1d1d9225abaec39b2fc33-dirty,a42531566e9b,e682f455e18f,2,st,fasta,resid,official,25000000,ok,0,,ok,2.288095,2.189750,0.091783,2.281533,0.997100,3140,254166745,3fcf4f78104c8a65ef210fe1d469f4e473456c791225f2f1f9114f4986aa09fa,,0026fb19fcf675dfdbc7c50ffe42311dc18f492c11ff119ab81f72436908d848,rlimit,1800
2026-09-27T23:13:07Z,ba93c7e81085c04a0ca1d1d9225abaec39b2fc33-dirty,a42531566e9b,e682f455e18f,3,st,fasta,resid,official,25000000,ok,0,,ok,2.279775,2.190808,0.081650,2.272458,0.996800,3208,254166745,3fcf4f78104c8a65ef210fe1d469f4e473456c791225f2f1f9114f4986aa09fa,,0026fb19fcf675dfdbc7c50ffe42311dc18f492c11ff119ab81f72436908d848,rlimit,1800
2026-09-27T23:13:10Z,ba93c7e81085c04a0ca1d1d9225abaec39b2fc33-dirty,a42531566e9b,e682f455e18f,4,st,fasta,resid,official,25000000,ok,0,,ok,2.294984,2.198402,0.089474,2.287876,0.996900,3204,254166745,3fcf4f78104c8a65ef210fe1d469f4e473456c791225f2f1f9114f4986aa09fa,,0026fb19fcf675dfdbc7c50ffe42311dc18f492c11ff119ab81f72436908d848,rlimit,1800
2026-09-27T23:13:12Z,ba93c7e81085c04a0ca1d1d9225abaec39b2fc33-dirty,a42531566e9b,27401e11017d,0,best,fasta,resid,official,25000000,ok,0,,ok,0.142272,0.849661,0.134044,0.983705,6.914300,287020,254166745,3fcf4f78104c8a65ef210fe1d469f4e473456c791225f2f1f9114f4986aa09fa,,5db819f5cc75be29880004b1adc191a17059509693ec3f1487c3ab6618995b71,rlimit,1800
2026-09-27T23:13:12Z,ba93c7e81085c04a0ca1d1d9225abaec39b2fc33-dirty,a42531566e9b,27401e11017d,1,best,fasta,resid,official,25000000,ok,0,,ok,0.137586,0.869930,0.114674,0.984604,7.156300,287276,254166745,3fcf4f78104c8a65ef210fe1d469f4e473456c791225f2f1f9114f4986aa09fa,,5db819f5cc75be29880004b1adc191a17059509693ec3f1487c3ab6618995b71,rlimit,1800
2026-09-27T23:13:13Z,ba93c7e81085c04a0ca1d1d9225abaec39b2fc33-dirty,a42531566e9b,27401e11017d,2,best,fasta,resid,official,25000000,ok,0,,ok,0.149151,0.834829,0.161241,0.996070,6.678200,287156,254166745,3fcf4f78104c8a65ef210fe1d469f4e473456c791225f2f1f9114f4986aa09fa,,5db819f5cc75be29880004b1adc191a17059509693ec3f1487c3ab6618995b71,rlimit,1800
2026-09-27T23:13:13Z,ba93c7e81085c04a0ca1d1d9225abaec39b2fc33-dirty,a42531566e9b,27401e11017d,3,best,fasta,resid,official,25000000,ok,0,,ok,0.135022,0.807676,0.157596,0.965272,7.149000,287168,254166745,3fcf4f78104c8a65ef210fe1d469f4e473456c791225f2f1f9114f4986aa09fa,,5db819f5cc75be29880004b1adc191a17059509693ec3f1487c3ab6618995b71,rlimit,1800
2026-09-27T23:13:13Z,ba93c7e81085c04a0ca1d1d9225abaec39b2fc33-dirty,a42531566e9b,27401e11017d,4,best,fasta,resid,official,25000000,ok,0,,ok,0.136034,0.875429,0.117823,0.993252,7.301500,287328,254166745,3fcf4f78104c8a65ef210fe1d469f4e473456c791225f2f1f9114f4986aa09fa,,5db819f5cc75be29880004b1adc191a17059509693ec3f1487c3ab6618995b71,rlimit,1800
2026-09-27T23:13:17Z,ba93c7e81085c04a0ca1d1d9225abaec39b2fc33-dirty,a42531566e9b,22449ffc6ff6,0,st,k-nucleotide,c,official,0,ok,0,,reference,4.180929,4.138917,0.030582,4.169499,0.997300,135728,259,f8c042fe770dda8f870b967605ea40ca2e353f2bdf92e89a327209dd31d445c7,3fcf4f78104c8a65ef210fe1d469f4e473456c791225f2f1f9114f4986aa09fa,e360c7bdfa08c44b979786ad31cd2c74645c98e47b8e7bf04a922e74e1f7fb1e,rlimit,1800
2026-09-27T23:13:21Z,ba93c7e81085c04a0ca1d1d9225abaec39b2fc33-dirty,a42531566e9b,22449ffc6ff6,1,st,k-nucleotide,c,official,0,ok,0,,reference,4.179879,4.127859,0.040297,4.168156,0.997200,136692,259,f8c042fe770dda8f870b967605ea40ca2e353f2bdf92e89a327209dd31d445c7,3fcf4f78104c8a65ef210fe1d469f4e473456c791225f2f1f9114f4986aa09fa,e360c7bdfa08c44b979786ad31cd2c74645c98e47b8e7bf04a922e74e1f7fb1e,rlimit,1800
2026-09-27T23:13:26Z,ba93c7e81085c04a0ca1d1d9225abaec39b2fc33-dirty,a42531566e9b,22449ffc6ff6,2,st,k-nucleotide,c,official,0,ok,0,,reference,4.170659,4.136125,0.023777,4.159902,0.997400,136692,259,f8c042fe770dda8f870b967605ea40ca2e353f2bdf92e89a327209dd31d445c7,3fcf4f78104c8a65ef210fe1d469f4e473456c791225f2f1f9114f4986aa09fa,e360c7bdfa08c44b979786ad31cd2c74645c98e47b8e7bf04a922e74e1f7fb1e,rlimit,1800
2026-09-27T23:13:30Z,ba93c7e81085c04a0ca1d1d9225abaec39b2fc33-dirty,a42531566e9b,22449ffc6ff6,3,st,k-nucleotide,c,official,0,ok,0,,reference,4.189627,4.148110,0.030451,4.178561,0.997400,136692,259,f8c042fe770dda8f870b967605ea40ca2e353f2bdf92e89a327209dd31d445c7,3fcf4f78104c8a65ef210fe1d469f4e473456c791225f2f1f9114f4986aa09fa,e360c7bdfa08c44b979786ad31cd2c74645c98e47b8e7bf04a922e74e1f7fb1e,rlimit,1800
2026-09-27T23:13:34Z,ba93c7e81085c04a0ca1d1d9225abaec39b2fc33-dirty,a42531566e9b,22449ffc6ff6,4,st,k-nucleotide,c,official,0,ok,0,,reference,4.211799,4.155681,0.045443,4.201124,0.997500,135160,259,f8c042fe770dda8f870b967605ea40ca2e353f2bdf92e89a327209dd31d445c7,3fcf4f78104c8a65ef210fe1d469f4e473456c791225f2f1f9114f4986aa09fa,e360c7bdfa08c44b979786ad31cd2c74645c98e47b8e7bf04a922e74e1f7fb1e,rlimit,1800
2026-09-27T23:13:40Z,ba93c7e81085c04a0ca1d1d9225abaec39b2fc33-dirty,a42531566e9b,ab5606f78636,0,st,k-nucleotide,resid,official,0,ok,0,,ok,5.821998,5.770894,0.037646,5.808540,0.997700,271468,259,f8c042fe770dda8f870b967605ea40ca2e353f2bdf92e89a327209dd31d445c7,3fcf4f78104c8a65ef210fe1d469f4e473456c791225f2f1f9114f4986aa09fa,ee7703f97fdc3580e95fdcc3a7622691f631d1d711b52b09db8ddd910be9595d,rlimit,1800
2026-09-27T23:13:46Z,ba93c7e81085c04a0ca1d1d9225abaec39b2fc33-dirty,a42531566e9b,ab5606f78636,1,st,k-nucleotide,resid,official,0,ok,0,,ok,5.696145,5.640461,0.040180,5.680641,0.997300,271468,259,f8c042fe770dda8f870b967605ea40ca2e353f2bdf92e89a327209dd31d445c7,3fcf4f78104c8a65ef210fe1d469f4e473456c791225f2f1f9114f4986aa09fa,ee7703f97fdc3580e95fdcc3a7622691f631d1d711b52b09db8ddd910be9595d,rlimit,1800
2026-09-27T23:13:51Z,ba93c7e81085c04a0ca1d1d9225abaec39b2fc33-dirty,a42531566e9b,ab5606f78636,2,st,k-nucleotide,resid,official,0,ok,0,,ok,5.673428,5.619827,0.037613,5.657440,0.997200,271468,259,f8c042fe770dda8f870b967605ea40ca2e353f2bdf92e89a327209dd31d445c7,3fcf4f78104c8a65ef210fe1d469f4e473456c791225f2f1f9114f4986aa09fa,ee7703f97fdc3580e95fdcc3a7622691f631d1d711b52b09db8ddd910be9595d,rlimit,1800
2026-09-27T23:13:57Z,ba93c7e81085c04a0ca1d1d9225abaec39b2fc33-dirty,a42531566e9b,ab5606f78636,3,st,k-nucleotide,resid,official,0,ok,0,,ok,5.665532,5.614951,0.034272,5.649223,0.997100,271464,259,f8c042fe770dda8f870b967605ea40ca2e353f2bdf92e89a327209dd31d445c7,3fcf4f78104c8a65ef210fe1d469f4e473456c791225f2f1f9114f4986aa09fa,ee7703f97fdc3580e95fdcc3a7622691f631d1d711b52b09db8ddd910be9595d,rlimit,1800
2026-09-27T23:14:03Z,ba93c7e81085c04a0ca1d1d9225abaec39b2fc33-dirty,a42531566e9b,ab5606f78636,4,st,k-nucleotide,resid,official,0,ok,0,,ok,5.694963,5.638614,0.041190,5.679804,0.997300,271464,259,f8c042fe770dda8f870b967605ea40ca2e353f2bdf92e89a327209dd31d445c7,3fcf4f78104c8a65ef210fe1d469f4e473456c791225f2f1f9114f4986aa09fa,ee7703f97fdc3580e95fdcc3a7622691f631d1d711b52b09db8ddd910be9595d,rlimit,1800
2026-09-27T23:14:07Z,ba93c7e81085c04a0ca1d1d9225abaec39b2fc33-dirty,a42531566e9b,36178c7876d1,0,best,k-nucleotide,resid,official,0,ok,0,,ok,1.828367,6.909585,0.038808,6.948393,3.800300,290460,259,f8c042fe770dda8f870b967605ea40ca2e353f2bdf92e89a327209dd31d445c7,3fcf4f78104c8a65ef210fe1d469f4e473456c791225f2f1f9114f4986aa09fa,cd985dc3b92f45937ece32cd2ab50fab7bd0cc3716a57edb18ba6b548da39187,rlimit,1800
2026-09-27T23:14:09Z,ba93c7e81085c04a0ca1d1d9225abaec39b2fc33-dirty,a42531566e9b,36178c7876d1,1,best,k-nucleotide,resid,official,0,ok,0,,ok,1.759280,7.123787,0.038628,7.162415,4.071200,290460,259,f8c042fe770dda8f870b967605ea40ca2e353f2bdf92e89a327209dd31d445c7,3fcf4f78104c8a65ef210fe1d469f4e473456c791225f2f1f9114f4986aa09fa,cd985dc3b92f45937ece32cd2ab50fab7bd0cc3716a57edb18ba6b548da39187,rlimit,1800
2026-09-27T23:14:10Z,ba93c7e81085c04a0ca1d1d9225abaec39b2fc33-dirty,a42531566e9b,36178c7876d1,2,best,k-nucleotide,resid,official,0,ok,0,,ok,1.789109,6.888315,0.044818,6.933133,3.875200,290460,259,f8c042fe770dda8f870b967605ea40ca2e353f2bdf92e89a327209dd31d445c7,3fcf4f78104c8a65ef210fe1d469f4e473456c791225f2f1f9114f4986aa09fa,cd985dc3b92f45937ece32cd2ab50fab7bd0cc3716a57edb18ba6b548da39187,rlimit,1800
2026-09-27T23:14:12Z,ba93c7e81085c04a0ca1d1d9225abaec39b2fc33-dirty,a42531566e9b,36178c7876d1,3,best,k-nucleotide,resid,official,0,ok,0,,ok,1.805325,6.783127,0.039668,6.822795,3.779300,290592,259,f8c042fe770dda8f870b967605ea40ca2e353f2bdf92e89a327209dd31d445c7,3fcf4f78104c8a65ef210fe1d469f4e473456c791225f2f1f9114f4986aa09fa,cd985dc3b92f45937ece32cd2ab50fab7bd0cc3716a57edb18ba6b548da39187,rlimit,1800
2026-09-27T23:14:14Z,ba93c7e81085c04a0ca1d1d9225abaec39b2fc33-dirty,a42531566e9b,36178c7876d1,4,best,k-nucleotide,resid,official,0,ok,0,,ok,1.854773,6.873257,0.038787,6.912044,3.726600,290344,259,f8c042fe770dda8f870b967605ea40ca2e353f2bdf92e89a327209dd31d445c7,3fcf4f78104c8a65ef210fe1d469f4e473456c791225f2f1f9114f4986aa09fa,cd985dc3b92f45937ece32cd2ab50fab7bd0cc3716a57edb18ba6b548da39187,rlimit,1800
2026-09-27T23:14:14Z,ba93c7e81085c04a0ca1d1d9225abaec39b2fc33-dirty,a42531566e9b,176aa1417206,0,st,reverse-complement,c,official,0,ok,0,,reference,0.201938,0.112625,0.088665,0.201290,0.996800,498580,254166745,e5730d4fd55c464f276e5c6062c80f46e0a735281de15d8c957e2731a9baf70e,3fcf4f78104c8a65ef210fe1d469f4e473456c791225f2f1f9114f4986aa09fa,4760a37fd281b234cfe996e71e205e54b53a3b51444458647e57723d959cffef,rlimit,1800
2026-09-27T23:14:15Z,ba93c7e81085c04a0ca1d1d9225abaec39b2fc33-dirty,a42531566e9b,176aa1417206,1,st,reverse-complement,c,official,0,ok,0,,reference,0.200630,0.104042,0.095891,0.199933,0.996500,498584,254166745,e5730d4fd55c464f276e5c6062c80f46e0a735281de15d8c957e2731a9baf70e,3fcf4f78104c8a65ef210fe1d469f4e473456c791225f2f1f9114f4986aa09fa,4760a37fd281b234cfe996e71e205e54b53a3b51444458647e57723d959cffef,rlimit,1800
2026-09-27T23:14:15Z,ba93c7e81085c04a0ca1d1d9225abaec39b2fc33-dirty,a42531566e9b,176aa1417206,2,st,reverse-complement,c,official,0,ok,0,,reference,0.184516,0.086946,0.096819,0.183765,0.995900,498592,254166745,e5730d4fd55c464f276e5c6062c80f46e0a735281de15d8c957e2731a9baf70e,3fcf4f78104c8a65ef210fe1d469f4e473456c791225f2f1f9114f4986aa09fa,4760a37fd281b234cfe996e71e205e54b53a3b51444458647e57723d959cffef,rlimit,1800
2026-09-27T23:14:15Z,ba93c7e81085c04a0ca1d1d9225abaec39b2fc33-dirty,a42531566e9b,176aa1417206,3,st,reverse-complement,c,official,0,ok,0,,reference,0.184012,0.089700,0.093488,0.183188,0.995500,498588,254166745,e5730d4fd55c464f276e5c6062c80f46e0a735281de15d8c957e2731a9baf70e,3fcf4f78104c8a65ef210fe1d469f4e473456c791225f2f1f9114f4986aa09fa,4760a37fd281b234cfe996e71e205e54b53a3b51444458647e57723d959cffef,rlimit,1800
2026-09-27T23:14:16Z,ba93c7e81085c04a0ca1d1d9225abaec39b2fc33-dirty,a42531566e9b,176aa1417206,4,st,reverse-complement,c,official,0,ok,0,,reference,0.187639,0.090973,0.095879,0.186852,0.995800,498596,254166745,e5730d4fd55c464f276e5c6062c80f46e0a735281de15d8c957e2731a9baf70e,3fcf4f78104c8a65ef210fe1d469f4e473456c791225f2f1f9114f4986aa09fa,4760a37fd281b234cfe996e71e205e54b53a3b51444458647e57723d959cffef,rlimit,1800
2026-09-27T23:14:16Z,ba93c7e81085c04a0ca1d1d9225abaec39b2fc33-dirty,a42531566e9b,ab395801dbea,0,st,reverse-complement,resid,official,0,ok,0,,ok,0.440774,0.342831,0.096636,0.439467,0.997000,499468,254166745,e5730d4fd55c464f276e5c6062c80f46e0a735281de15d8c957e2731a9baf70e,3fcf4f78104c8a65ef210fe1d469f4e473456c791225f2f1f9114f4986aa09fa,4e0b323facca4e18ce545aafe1d34f5e7958dd6b208ad0964734010ea3faf3cf,rlimit,1800
2026-09-27T23:14:17Z,ba93c7e81085c04a0ca1d1d9225abaec39b2fc33-dirty,a42531566e9b,ab395801dbea,1,st,reverse-complement,resid,official,0,ok,0,,ok,0.438243,0.335642,0.100694,0.436336,0.995600,499468,254166745,e5730d4fd55c464f276e5c6062c80f46e0a735281de15d8c957e2731a9baf70e,3fcf4f78104c8a65ef210fe1d469f4e473456c791225f2f1f9114f4986aa09fa,4e0b323facca4e18ce545aafe1d34f5e7958dd6b208ad0964734010ea3faf3cf,rlimit,1800
2026-09-27T23:14:17Z,ba93c7e81085c04a0ca1d1d9225abaec39b2fc33-dirty,a42531566e9b,ab395801dbea,2,st,reverse-complement,resid,official,0,ok,0,,ok,0.438276,0.342162,0.094415,0.436577,0.996100,499468,254166745,e5730d4fd55c464f276e5c6062c80f46e0a735281de15d8c957e2731a9baf70e,3fcf4f78104c8a65ef210fe1d469f4e473456c791225f2f1f9114f4986aa09fa,4e0b323facca4e18ce545aafe1d34f5e7958dd6b208ad0964734010ea3faf3cf,rlimit,1800
2026-09-27T23:14:18Z,ba93c7e81085c04a0ca1d1d9225abaec39b2fc33-dirty,a42531566e9b,ab395801dbea,3,st,reverse-complement,resid,official,0,ok,0,,ok,0.503799,0.403764,0.098578,0.502342,0.997100,499468,254166745,e5730d4fd55c464f276e5c6062c80f46e0a735281de15d8c957e2731a9baf70e,3fcf4f78104c8a65ef210fe1d469f4e473456c791225f2f1f9114f4986aa09fa,4e0b323facca4e18ce545aafe1d34f5e7958dd6b208ad0964734010ea3faf3cf,rlimit,1800
2026-09-27T23:14:19Z,ba93c7e81085c04a0ca1d1d9225abaec39b2fc33-dirty,a42531566e9b,ab395801dbea,4,st,reverse-complement,resid,official,0,ok,0,,ok,0.438827,0.336760,0.100657,0.437417,0.996800,499468,254166745,e5730d4fd55c464f276e5c6062c80f46e0a735281de15d8c957e2731a9baf70e,3fcf4f78104c8a65ef210fe1d469f4e473456c791225f2f1f9114f4986aa09fa,4e0b323facca4e18ce545aafe1d34f5e7958dd6b208ad0964734010ea3faf3cf,rlimit,1800
2026-09-27T23:14:21Z,ba93c7e81085c04a0ca1d1d9225abaec39b2fc33-dirty,a42531566e9b,5fca6248f528,0,best,reverse-complement,resid,official,0,ok,0,,ok,0.272226,1.164250,0.459114,1.623364,5.963300,1029744,254166745,e5730d4fd55c464f276e5c6062c80f46e0a735281de15d8c957e2731a9baf70e,3fcf4f78104c8a65ef210fe1d469f4e473456c791225f2f1f9114f4986aa09fa,ee522c8a25dc9675933d3c14ee730394199879c5646bd746a2d7f4756c81841f,rlimit,1800
2026-09-27T23:14:21Z,ba93c7e81085c04a0ca1d1d9225abaec39b2fc33-dirty,a42531566e9b,5fca6248f528,1,best,reverse-complement,resid,official,0,ok,0,,ok,0.268675,1.178276,0.468070,1.646346,6.127600,1029872,254166745,e5730d4fd55c464f276e5c6062c80f46e0a735281de15d8c957e2731a9baf70e,3fcf4f78104c8a65ef210fe1d469f4e473456c791225f2f1f9114f4986aa09fa,ee522c8a25dc9675933d3c14ee730394199879c5646bd746a2d7f4756c81841f,rlimit,1800
2026-09-27T23:14:22Z,ba93c7e81085c04a0ca1d1d9225abaec39b2fc33-dirty,a42531566e9b,5fca6248f528,2,best,reverse-complement,resid,official,0,ok,0,,ok,0.274318,1.214289,0.466230,1.680519,6.126200,1029852,254166745,e5730d4fd55c464f276e5c6062c80f46e0a735281de15d8c957e2731a9baf70e,3fcf4f78104c8a65ef210fe1d469f4e473456c791225f2f1f9114f4986aa09fa,ee522c8a25dc9675933d3c14ee730394199879c5646bd746a2d7f4756c81841f,rlimit,1800
2026-09-27T23:14:22Z,ba93c7e81085c04a0ca1d1d9225abaec39b2fc33-dirty,a42531566e9b,5fca6248f528,3,best,reverse-complement,resid,official,0,ok,0,,ok,0.274410,1.198678,0.464421,1.663099,6.060600,1031280,254166745,e5730d4fd55c464f276e5c6062c80f46e0a735281de15d8c957e2731a9baf70e,3fcf4f78104c8a65ef210fe1d469f4e473456c791225f2f1f9114f4986aa09fa,ee522c8a25dc9675933d3c14ee730394199879c5646bd746a2d7f4756c81841f,rlimit,1800
2026-09-27T23:14:23Z,ba93c7e81085c04a0ca1d1d9225abaec39b2fc33-dirty,a42531566e9b,5fca6248f528,4,best,reverse-complement,resid,official,0,ok,0,,ok,0.266803,1.140101,0.405415,1.545516,5.792700,1029932,254166745,e5730d4fd55c464f276e5c6062c80f46e0a735281de15d8c957e2731a9baf70e,3fcf4f78104c8a65ef210fe1d469f4e473456c791225f2f1f9114f4986aa09fa,ee522c8a25dc9675933d3c14ee730394199879c5646bd746a2d7f4756c81841f,rlimit,1800
2026-09-27T23:14:23Z,ba93c7e81085c04a0ca1d1d9225abaec39b2fc33-dirty,a42531566e9b,14595182f0e9,0,st,pidigits,c,official,10000,ok,0,,reference,0.401838,0.399894,0.000997,0.400891,0.997600,2992,16893,bdfa7b6c756d96492f472f97aee9cc139bee954d271eacedfd7ace5d2875f06c,,83c4668954b1bcdc141abc3ed5fb21c6f0b75af1c74a2e6a5caa4cb965eaf91f,rlimit,1800
2026-09-27T23:14:23Z,ba93c7e81085c04a0ca1d1d9225abaec39b2fc33-dirty,a42531566e9b,14595182f0e9,1,st,pidigits,c,official,10000,ok,0,,reference,0.401929,0.399583,0.000997,0.400580,0.996600,2928,16893,bdfa7b6c756d96492f472f97aee9cc139bee954d271eacedfd7ace5d2875f06c,,83c4668954b1bcdc141abc3ed5fb21c6f0b75af1c74a2e6a5caa4cb965eaf91f,rlimit,1800
2026-09-27T23:14:24Z,ba93c7e81085c04a0ca1d1d9225abaec39b2fc33-dirty,a42531566e9b,14595182f0e9,2,st,pidigits,c,official,10000,ok,0,,reference,0.401456,0.399523,0.000990,0.400513,0.997700,2864,16893,bdfa7b6c756d96492f472f97aee9cc139bee954d271eacedfd7ace5d2875f06c,,83c4668954b1bcdc141abc3ed5fb21c6f0b75af1c74a2e6a5caa4cb965eaf91f,rlimit,1800
2026-09-27T23:14:24Z,ba93c7e81085c04a0ca1d1d9225abaec39b2fc33-dirty,a42531566e9b,14595182f0e9,3,st,pidigits,c,official,10000,ok,0,,reference,0.401404,0.398538,0.001987,0.400525,0.997800,2928,16893,bdfa7b6c756d96492f472f97aee9cc139bee954d271eacedfd7ace5d2875f06c,,83c4668954b1bcdc141abc3ed5fb21c6f0b75af1c74a2e6a5caa4cb965eaf91f,rlimit,1800
2026-09-27T23:14:25Z,ba93c7e81085c04a0ca1d1d9225abaec39b2fc33-dirty,a42531566e9b,14595182f0e9,4,st,pidigits,c,official,10000,ok,0,,reference,0.401668,0.400514,0.000000,0.400514,0.997100,2992,16893,bdfa7b6c756d96492f472f97aee9cc139bee954d271eacedfd7ace5d2875f06c,,83c4668954b1bcdc141abc3ed5fb21c6f0b75af1c74a2e6a5caa4cb965eaf91f,rlimit,1800
2026-09-27T23:14:25Z,ba93c7e81085c04a0ca1d1d9225abaec39b2fc33-dirty,a42531566e9b,31d562c16ba5,0,st,pidigits,resid,official,10000,ok,0,,ok,0.435932,0.433991,0.000998,0.434989,0.997800,4900,16893,bdfa7b6c756d96492f472f97aee9cc139bee954d271eacedfd7ace5d2875f06c,,a1586ee741d94111518258ed610218e5421691be732a84deaa33e6c1f60f512c,rlimit,1800
2026-09-27T23:14:26Z,ba93c7e81085c04a0ca1d1d9225abaec39b2fc33-dirty,a42531566e9b,31d562c16ba5,1,st,pidigits,resid,official,10000,ok,0,,ok,0.436468,0.434326,0.000947,0.435273,0.997300,4900,16893,bdfa7b6c756d96492f472f97aee9cc139bee954d271eacedfd7ace5d2875f06c,,a1586ee741d94111518258ed610218e5421691be732a84deaa33e6c1f60f512c,rlimit,1800
2026-09-27T23:14:26Z,ba93c7e81085c04a0ca1d1d9225abaec39b2fc33-dirty,a42531566e9b,31d562c16ba5,2,st,pidigits,resid,official,10000,ok,0,,ok,0.435908,0.433004,0.001996,0.435000,0.997900,4904,16893,bdfa7b6c756d96492f472f97aee9cc139bee954d271eacedfd7ace5d2875f06c,,a1586ee741d94111518258ed610218e5421691be732a84deaa33e6c1f60f512c,rlimit,1800
2026-09-27T23:14:26Z,ba93c7e81085c04a0ca1d1d9225abaec39b2fc33-dirty,a42531566e9b,31d562c16ba5,3,st,pidigits,resid,official,10000,ok,0,,ok,0.436809,0.435318,0.000000,0.435318,0.996600,4900,16893,bdfa7b6c756d96492f472f97aee9cc139bee954d271eacedfd7ace5d2875f06c,,a1586ee741d94111518258ed610218e5421691be732a84deaa33e6c1f60f512c,rlimit,1800
2026-09-27T23:14:27Z,ba93c7e81085c04a0ca1d1d9225abaec39b2fc33-dirty,a42531566e9b,31d562c16ba5,4,st,pidigits,resid,official,10000,ok,0,,ok,0.436199,0.433207,0.001989,0.435196,0.997700,4904,16893,bdfa7b6c756d96492f472f97aee9cc139bee954d271eacedfd7ace5d2875f06c,,a1586ee741d94111518258ed610218e5421691be732a84deaa33e6c1f60f512c,rlimit,1800
2026-09-27T23:14:30Z,ba93c7e81085c04a0ca1d1d9225abaec39b2fc33-dirty,a42531566e9b,5971f91f74df,0,best,pidigits,resid,official,10000,ok,0,,ok,0.439164,0.437730,0.000000,0.437730,0.996700,4772,16893,bdfa7b6c756d96492f472f97aee9cc139bee954d271eacedfd7ace5d2875f06c,,3b860fd1f24b413cc9d8af9bb149e4a1c278f421755bec258640d94eed66faa1,rlimit,1800
2026-09-27T23:14:30Z,ba93c7e81085c04a0ca1d1d9225abaec39b2fc33-dirty,a42531566e9b,5971f91f74df,1,best,pidigits,resid,official,10000,ok,0,,ok,0.432320,0.429246,0.001997,0.431243,0.997500,4772,16893,bdfa7b6c756d96492f472f97aee9cc139bee954d271eacedfd7ace5d2875f06c,,3b860fd1f24b413cc9d8af9bb149e4a1c278f421755bec258640d94eed66faa1,rlimit,1800
2026-09-27T23:14:30Z,ba93c7e81085c04a0ca1d1d9225abaec39b2fc33-dirty,a42531566e9b,5971f91f74df,2,best,pidigits,resid,official,10000,ok,0,,ok,0.427468,0.423052,0.003004,0.426056,0.996700,4772,16893,bdfa7b6c756d96492f472f97aee9cc139bee954d271eacedfd7ace5d2875f06c,,3b860fd1f24b413cc9d8af9bb149e4a1c278f421755bec258640d94eed66faa1,rlimit,1800
2026-09-27T23:14:31Z,ba93c7e81085c04a0ca1d1d9225abaec39b2fc33-dirty,a42531566e9b,5971f91f74df,3,best,pidigits,resid,official,10000,ok,0,,ok,0.429590,0.426686,0.001994,0.428680,0.997900,4772,16893,bdfa7b6c756d96492f472f97aee9cc139bee954d271eacedfd7ace5d2875f06c,,3b860fd1f24b413cc9d8af9bb149e4a1c278f421755bec258640d94eed66faa1,rlimit,1800
2026-09-27T23:14:31Z,ba93c7e81085c04a0ca1d1d9225abaec39b2fc33-dirty,a42531566e9b,5971f91f74df,4,best,pidigits,resid,official,10000,ok,0,,ok,0.431873,0.427587,0.002987,0.430574,0.997000,4776,16893,bdfa7b6c756d96492f472f97aee9cc139bee954d271eacedfd7ace5d2875f06c,,3b860fd1f24b413cc9d8af9bb149e4a1c278f421755bec258640d94eed66faa1,rlimit,1800
2026-09-27T23:14:33Z,ba93c7e81085c04a0ca1d1d9225abaec39b2fc33-dirty,a42531566e9b,d3c65ee30b23,0,st,regex-redux,c,official,0,ok,0,,reference,1.606940,1.584072,0.018728,1.602800,0.997400,156324,298,a37e6da1d43b332d5c0f4fc25b76090e9095d4c97c25f1a7186385e87706e4af,97197f5957a12f8a859ba7edff6d97994daa18afacd77db21fa68c6f2e447e38,7f801e7b422dfe8c1049a8c5a29590d32c7087df31b376650a81d29b8f96a541,rlimit,1800
2026-09-27T23:14:34Z,ba93c7e81085c04a0ca1d1d9225abaec39b2fc33-dirty,a42531566e9b,d3c65ee30b23,1,st,regex-redux,c,official,0,ok,0,,reference,1.609994,1.589204,0.015770,1.604974,0.996900,156320,298,a37e6da1d43b332d5c0f4fc25b76090e9095d4c97c25f1a7186385e87706e4af,97197f5957a12f8a859ba7edff6d97994daa18afacd77db21fa68c6f2e447e38,7f801e7b422dfe8c1049a8c5a29590d32c7087df31b376650a81d29b8f96a541,rlimit,1800
2026-09-27T23:14:36Z,ba93c7e81085c04a0ca1d1d9225abaec39b2fc33-dirty,a42531566e9b,d3c65ee30b23,2,st,regex-redux,c,official,0,ok,0,,reference,1.614694,1.594129,0.016929,1.611058,0.997700,156372,298,a37e6da1d43b332d5c0f4fc25b76090e9095d4c97c25f1a7186385e87706e4af,97197f5957a12f8a859ba7edff6d97994daa18afacd77db21fa68c6f2e447e38,7f801e7b422dfe8c1049a8c5a29590d32c7087df31b376650a81d29b8f96a541,rlimit,1800
2026-09-27T23:14:38Z,ba93c7e81085c04a0ca1d1d9225abaec39b2fc33-dirty,a42531566e9b,d3c65ee30b23,3,st,regex-redux,c,official,0,ok,0,,reference,1.605527,1.587021,0.014928,1.601949,0.997800,155316,298,a37e6da1d43b332d5c0f4fc25b76090e9095d4c97c25f1a7186385e87706e4af,97197f5957a12f8a859ba7edff6d97994daa18afacd77db21fa68c6f2e447e38,7f801e7b422dfe8c1049a8c5a29590d32c7087df31b376650a81d29b8f96a541,rlimit,1800
2026-09-27T23:14:39Z,ba93c7e81085c04a0ca1d1d9225abaec39b2fc33-dirty,a42531566e9b,d3c65ee30b23,4,st,regex-redux,c,official,0,ok,0,,reference,1.604969,1.583164,0.017920,1.601084,0.997600,156408,298,a37e6da1d43b332d5c0f4fc25b76090e9095d4c97c25f1a7186385e87706e4af,97197f5957a12f8a859ba7edff6d97994daa18afacd77db21fa68c6f2e447e38,7f801e7b422dfe8c1049a8c5a29590d32c7087df31b376650a81d29b8f96a541,rlimit,1800
2026-09-27T23:17:16Z,ba93c7e81085c04a0ca1d1d9225abaec39b2fc33-dirty,a42531566e9b,5d726ddf625a,0,st,k-nucleotide,resid,official,0,ok,0,,ok,4.784574,4.732728,0.038490,4.771218,0.997200,271464,259,f8c042fe770dda8f870b967605ea40ca2e353f2bdf92e89a327209dd31d445c7,3fcf4f78104c8a65ef210fe1d469f4e473456c791225f2f1f9114f4986aa09fa,ee7703f97fdc3580e95fdcc3a7622691f631d1d711b52b09db8ddd910be9595d,rlimit,1800
2026-09-27T23:17:21Z,ba93c7e81085c04a0ca1d1d9225abaec39b2fc33-dirty,a42531566e9b,5d726ddf625a,1,st,k-nucleotide,resid,official,0,ok,0,,ok,4.791582,4.739183,0.038569,4.777752,0.997100,271468,259,f8c042fe770dda8f870b967605ea40ca2e353f2bdf92e89a327209dd31d445c7,3fcf4f78104c8a65ef210fe1d469f4e473456c791225f2f1f9114f4986aa09fa,ee7703f97fdc3580e95fdcc3a7622691f631d1d711b52b09db8ddd910be9595d,rlimit,1800
2026-09-27T23:17:26Z,ba93c7e81085c04a0ca1d1d9225abaec39b2fc33-dirty,a42531566e9b,5d726ddf625a,2,st,k-nucleotide,resid,official,0,ok,0,,ok,4.773377,4.725860,0.034728,4.760588,0.997300,271468,259,f8c042fe770dda8f870b967605ea40ca2e353f2bdf92e89a327209dd31d445c7,3fcf4f78104c8a65ef210fe1d469f4e473456c791225f2f1f9114f4986aa09fa,ee7703f97fdc3580e95fdcc3a7622691f631d1d711b52b09db8ddd910be9595d,rlimit,1800
2026-09-27T23:17:30Z,ba93c7e81085c04a0ca1d1d9225abaec39b2fc33-dirty,a42531566e9b,5d726ddf625a,3,st,k-nucleotide,resid,official,0,ok,0,,ok,4.764464,4.713702,0.037282,4.750984,0.997200,271464,259,f8c042fe770dda8f870b967605ea40ca2e353f2bdf92e89a327209dd31d445c7,3fcf4f78104c8a65ef210fe1d469f4e473456c791225f2f1f9114f4986aa09fa,ee7703f97fdc3580e95fdcc3a7622691f631d1d711b52b09db8ddd910be9595d,rlimit,1800
2026-09-27T23:17:35Z,ba93c7e81085c04a0ca1d1d9225abaec39b2fc33-dirty,a42531566e9b,5d726ddf625a,4,st,k-nucleotide,resid,official,0,ok,0,,ok,4.803197,4.748675,0.040806,4.789481,0.997100,271464,259,f8c042fe770dda8f870b967605ea40ca2e353f2bdf92e89a327209dd31d445c7,3fcf4f78104c8a65ef210fe1d469f4e473456c791225f2f1f9114f4986aa09fa,ee7703f97fdc3580e95fdcc3a7622691f631d1d711b52b09db8ddd910be9595d,rlimit,1800
2026-09-27T23:45:29Z,ba93c7e81085c04a0ca1d1d9225abaec39b2fc33-dirty,a42531566e9b,2a5bab10f25d,0,st,nbody,resid,official,50000000,ok,0,,ok,1.443411,1.439353,0.000998,1.440351,0.997900,2088,26,3e6c9ef9d26cfe312a4cd8e1b81b3f671b88fbce84de543e8c23c206a942504d,,2b7503dda9526d1ebbcef43f95172f53d0c075efd9fead5725e694c1fab5bf57,rlimit,1800
2026-09-27T23:45:31Z,ba93c7e81085c04a0ca1d1d9225abaec39b2fc33-dirty,a42531566e9b,2a5bab10f25d,1,st,nbody,resid,official,50000000,ok,0,,ok,1.442905,1.439257,0.000999,1.440256,0.998200,2084,26,3e6c9ef9d26cfe312a4cd8e1b81b3f671b88fbce84de543e8c23c206a942504d,,2b7503dda9526d1ebbcef43f95172f53d0c075efd9fead5725e694c1fab5bf57,rlimit,1800
2026-09-27T23:45:32Z,ba93c7e81085c04a0ca1d1d9225abaec39b2fc33-dirty,a42531566e9b,2a5bab10f25d,2,st,nbody,resid,official,50000000,ok,0,,ok,1.443727,1.438700,0.001972,1.440672,0.997900,2088,26,3e6c9ef9d26cfe312a4cd8e1b81b3f671b88fbce84de543e8c23c206a942504d,,2b7503dda9526d1ebbcef43f95172f53d0c075efd9fead5725e694c1fab5bf57,rlimit,1800
2026-09-27T23:45:34Z,ba93c7e81085c04a0ca1d1d9225abaec39b2fc33-dirty,a42531566e9b,2a5bab10f25d,3,st,nbody,resid,official,50000000,ok,0,,ok,1.443849,1.440176,0.000999,1.441175,0.998100,2084,26,3e6c9ef9d26cfe312a4cd8e1b81b3f671b88fbce84de543e8c23c206a942504d,,2b7503dda9526d1ebbcef43f95172f53d0c075efd9fead5725e694c1fab5bf57,rlimit,1800
2026-09-27T23:45:35Z,ba93c7e81085c04a0ca1d1d9225abaec39b2fc33-dirty,a42531566e9b,2a5bab10f25d,4,st,nbody,resid,official,50000000,ok,0,,ok,1.443149,1.439885,0.000953,1.440838,0.998400,2084,26,3e6c9ef9d26cfe312a4cd8e1b81b3f671b88fbce84de543e8c23c206a942504d,,2b7503dda9526d1ebbcef43f95172f53d0c075efd9fead5725e694c1fab5bf57,rlimit,1800
2026-09-27T23:45:36Z,ba93c7e81085c04a0ca1d1d9225abaec39b2fc33-dirty,a42531566e9b,d35fb3a8a32c,0,best,nbody,resid,official,50000000,ok,0,,ok,1.190015,1.186830,0.000998,1.187828,0.998200,2084,26,3e6c9ef9d26cfe312a4cd8e1b81b3f671b88fbce84de543e8c23c206a942504d,,1ea66b09b63391eb752eb67fba0020cfac1bc6a3dc7001667c41d2b1cb676d1a,rlimit,1800
2026-09-27T23:45:38Z,ba93c7e81085c04a0ca1d1d9225abaec39b2fc33-dirty,a42531566e9b,d35fb3a8a32c,1,best,nbody,resid,official,50000000,ok,0,,ok,1.187786,1.184724,0.000997,1.185721,0.998300,2088,26,3e6c9ef9d26cfe312a4cd8e1b81b3f671b88fbce84de543e8c23c206a942504d,,1ea66b09b63391eb752eb67fba0020cfac1bc6a3dc7001667c41d2b1cb676d1a,rlimit,1800
2026-09-27T23:45:39Z,ba93c7e81085c04a0ca1d1d9225abaec39b2fc33-dirty,a42531566e9b,d35fb3a8a32c,2,best,nbody,resid,official,50000000,ok,0,,ok,1.184331,1.180282,0.001990,1.182272,0.998300,2088,26,3e6c9ef9d26cfe312a4cd8e1b81b3f671b88fbce84de543e8c23c206a942504d,,1ea66b09b63391eb752eb67fba0020cfac1bc6a3dc7001667c41d2b1cb676d1a,rlimit,1800
2026-09-27T23:45:40Z,ba93c7e81085c04a0ca1d1d9225abaec39b2fc33-dirty,a42531566e9b,d35fb3a8a32c,3,best,nbody,resid,official,50000000,ok,0,,ok,1.186178,1.182773,0.000801,1.183574,0.997800,2088,26,3e6c9ef9d26cfe312a4cd8e1b81b3f671b88fbce84de543e8c23c206a942504d,,1ea66b09b63391eb752eb67fba0020cfac1bc6a3dc7001667c41d2b1cb676d1a,rlimit,1800
2026-09-27T23:45:41Z,ba93c7e81085c04a0ca1d1d9225abaec39b2fc33-dirty,a42531566e9b,d35fb3a8a32c,4,best,nbody,resid,official,50000000,ok,0,,ok,1.188513,1.184214,0.001794,1.186008,0.997900,2088,26,3e6c9ef9d26cfe312a4cd8e1b81b3f671b88fbce84de543e8c23c206a942504d,,1ea66b09b63391eb752eb67fba0020cfac1bc6a3dc7001667c41d2b1cb676d1a,rlimit,1800
2026-09-27T23:45:56Z,ba93c7e81085c04a0ca1d1d9225abaec39b2fc33-dirty,a42531566e9b,2273a6d12b38,0,st,fannkuch-redux,resid,official,12,ok,0,,ok,15.262427,15.209667,0.011465,15.221132,0.997300,2088,29,4265a65135c506a68d90d6474003fb9030b7ee244a06c046bd89b3932a28ce20,,e4216da750b191fb90e9df8bd4861502263f2bde1d5e9cc9fcfeccf662105036,rlimit,1800
2026-09-27T23:46:12Z,ba93c7e81085c04a0ca1d1d9225abaec39b2fc33-dirty,a42531566e9b,2273a6d12b38,1,st,fannkuch-redux,resid,official,12,ok,0,,ok,15.178339,15.145443,0.005396,15.150839,0.998200,2084,29,4265a65135c506a68d90d6474003fb9030b7ee244a06c046bd89b3932a28ce20,,e4216da750b191fb90e9df8bd4861502263f2bde1d5e9cc9fcfeccf662105036,rlimit,1800
2026-09-27T23:46:27Z,ba93c7e81085c04a0ca1d1d9225abaec39b2fc33-dirty,a42531566e9b,2273a6d12b38,2,st,fannkuch-redux,resid,official,12,ok,0,,ok,15.176545,15.145012,0.004607,15.149619,0.998200,2084,29,4265a65135c506a68d90d6474003fb9030b7ee244a06c046bd89b3932a28ce20,,e4216da750b191fb90e9df8bd4861502263f2bde1d5e9cc9fcfeccf662105036,rlimit,1800
2026-09-27T23:46:42Z,ba93c7e81085c04a0ca1d1d9225abaec39b2fc33-dirty,a42531566e9b,2273a6d12b38,3,st,fannkuch-redux,resid,official,12,ok,0,,ok,15.177167,15.146149,0.003728,15.149877,0.998200,2084,29,4265a65135c506a68d90d6474003fb9030b7ee244a06c046bd89b3932a28ce20,,e4216da750b191fb90e9df8bd4861502263f2bde1d5e9cc9fcfeccf662105036,rlimit,1800
2026-09-27T23:46:57Z,ba93c7e81085c04a0ca1d1d9225abaec39b2fc33-dirty,a42531566e9b,2273a6d12b38,4,st,fannkuch-redux,resid,official,12,ok,0,,ok,15.233193,15.180173,0.013201,15.193374,0.997400,2084,29,4265a65135c506a68d90d6474003fb9030b7ee244a06c046bd89b3932a28ce20,,e4216da750b191fb90e9df8bd4861502263f2bde1d5e9cc9fcfeccf662105036,rlimit,1800
2026-09-27T23:47:01Z,ba93c7e81085c04a0ca1d1d9225abaec39b2fc33-dirty,a42531566e9b,1b0d7d327fd5,0,best,fannkuch-redux,resid,official,12,ok,0,,ok,1.414671,21.975616,0.032642,22.008258,15.557200,273208,29,4265a65135c506a68d90d6474003fb9030b7ee244a06c046bd89b3932a28ce20,,f79dbe0d2d722b19ae750f5dcc44c61e115d2834237fb30c321b3aa2f46d8a37,rlimit,1800
2026-09-27T23:47:02Z,ba93c7e81085c04a0ca1d1d9225abaec39b2fc33-dirty,a42531566e9b,1b0d7d327fd5,1,best,fannkuch-redux,resid,official,12,ok,0,,ok,1.415910,22.067623,0.035681,22.103304,15.610700,273088,29,4265a65135c506a68d90d6474003fb9030b7ee244a06c046bd89b3932a28ce20,,f79dbe0d2d722b19ae750f5dcc44c61e115d2834237fb30c321b3aa2f46d8a37,rlimit,1800
2026-09-27T23:47:03Z,ba93c7e81085c04a0ca1d1d9225abaec39b2fc33-dirty,a42531566e9b,1b0d7d327fd5,2,best,fannkuch-redux,resid,official,12,ok,0,,ok,1.429128,22.222936,0.036622,22.259558,15.575600,273076,29,4265a65135c506a68d90d6474003fb9030b7ee244a06c046bd89b3932a28ce20,,f79dbe0d2d722b19ae750f5dcc44c61e115d2834237fb30c321b3aa2f46d8a37,rlimit,1800
2026-09-27T23:47:05Z,ba93c7e81085c04a0ca1d1d9225abaec39b2fc33-dirty,a42531566e9b,1b0d7d327fd5,3,best,fannkuch-redux,resid,official,12,ok,0,,ok,1.435501,22.269516,0.035166,22.304682,15.537900,273080,29,4265a65135c506a68d90d6474003fb9030b7ee244a06c046bd89b3932a28ce20,,f79dbe0d2d722b19ae750f5dcc44c61e115d2834237fb30c321b3aa2f46d8a37,rlimit,1800
2026-09-27T23:47:06Z,ba93c7e81085c04a0ca1d1d9225abaec39b2fc33-dirty,a42531566e9b,1b0d7d327fd5,4,best,fannkuch-redux,resid,official,12,ok,0,,ok,1.422540,22.257857,0.030921,22.288778,15.668300,273236,29,4265a65135c506a68d90d6474003fb9030b7ee244a06c046bd89b3932a28ce20,,f79dbe0d2d722b19ae750f5dcc44c61e115d2834237fb30c321b3aa2f46d8a37,rlimit,1800
2026-09-27T23:47:09Z,ba93c7e81085c04a0ca1d1d9225abaec39b2fc33-dirty,a42531566e9b,2ddbb246ce5d,0,st,spectral-norm,resid,official,5500,ok,0,,ok,0.520358,0.516932,0.001993,0.518925,0.997200,8744,12,f9d5b5e3eb7657cf1bbba4cc856651864df9cd9fd9a6be9b9bc5fcbb67150deb,,cc280d4abf67d6554273af68241447c70b1f6669286fbb0a53dde38cfe05b551,rlimit,1800
2026-09-27T23:47:09Z,ba93c7e81085c04a0ca1d1d9225abaec39b2fc33-dirty,a42531566e9b,2ddbb246ce5d,1,st,spectral-norm,resid,official,5500,ok,0,,ok,0.519629,0.513543,0.004990,0.518533,0.997900,8740,12,f9d5b5e3eb7657cf1bbba4cc856651864df9cd9fd9a6be9b9bc5fcbb67150deb,,cc280d4abf67d6554273af68241447c70b1f6669286fbb0a53dde38cfe05b551,rlimit,1800
2026-09-27T23:47:10Z,ba93c7e81085c04a0ca1d1d9225abaec39b2fc33-dirty,a42531566e9b,2ddbb246ce5d,2,st,spectral-norm,resid,official,5500,ok,0,,ok,0.521747,0.515617,0.004512,0.520129,0.996900,8740,12,f9d5b5e3eb7657cf1bbba4cc856651864df9cd9fd9a6be9b9bc5fcbb67150deb,,cc280d4abf67d6554273af68241447c70b1f6669286fbb0a53dde38cfe05b551,rlimit,1800
2026-09-27T23:47:10Z,ba93c7e81085c04a0ca1d1d9225abaec39b2fc33-dirty,a42531566e9b,2ddbb246ce5d,3,st,spectral-norm,resid,official,5500,ok,0,,ok,0.520247,0.518094,0.000999,0.519093,0.997800,8744,12,f9d5b5e3eb7657cf1bbba4cc856651864df9cd9fd9a6be9b9bc5fcbb67150deb,,cc280d4abf67d6554273af68241447c70b1f6669286fbb0a53dde38cfe05b551,rlimit,1800
2026-09-27T23:47:11Z,ba93c7e81085c04a0ca1d1d9225abaec39b2fc33-dirty,a42531566e9b,2ddbb246ce5d,4,st,spectral-norm,resid,official,5500,ok,0,,ok,0.520504,0.517223,0.001981,0.519204,0.997500,8740,12,f9d5b5e3eb7657cf1bbba4cc856651864df9cd9fd9a6be9b9bc5fcbb67150deb,,cc280d4abf67d6554273af68241447c70b1f6669286fbb0a53dde38cfe05b551,rlimit,1800
2026-09-27T23:47:13Z,ba93c7e81085c04a0ca1d1d9225abaec39b2fc33-dirty,a42531566e9b,4069f153a4f9,0,best,spectral-norm,resid,official,5500,ok,0,,ok,0.055799,0.632246,0.008104,0.640350,11.476000,49304,12,f9d5b5e3eb7657cf1bbba4cc856651864df9cd9fd9a6be9b9bc5fcbb67150deb,,81cb80fd337da775459bfad8de043c92eef4bded190db546c933ebeaf4463ffa,rlimit,1800
2026-09-27T23:47:13Z,ba93c7e81085c04a0ca1d1d9225abaec39b2fc33-dirty,a42531566e9b,4069f153a4f9,1,best,spectral-norm,resid,official,5500,ok,0,,ok,0.055424,0.624431,0.008235,0.632666,11.415000,49172,12,f9d5b5e3eb7657cf1bbba4cc856651864df9cd9fd9a6be9b9bc5fcbb67150deb,,81cb80fd337da775459bfad8de043c92eef4bded190db546c933ebeaf4463ffa,rlimit,1800
2026-09-27T23:47:13Z,ba93c7e81085c04a0ca1d1d9225abaec39b2fc33-dirty,a42531566e9b,4069f153a4f9,2,best,spectral-norm,resid,official,5500,ok,0,,ok,0.055051,0.634081,0.006111,0.640192,11.629000,49312,12,f9d5b5e3eb7657cf1bbba4cc856651864df9cd9fd9a6be9b9bc5fcbb67150deb,,81cb80fd337da775459bfad8de043c92eef4bded190db546c933ebeaf4463ffa,rlimit,1800
2026-09-27T23:47:13Z,ba93c7e81085c04a0ca1d1d9225abaec39b2fc33-dirty,a42531566e9b,4069f153a4f9,3,best,spectral-norm,resid,official,5500,ok,0,,ok,0.059118,0.621169,0.006717,0.627886,10.620900,48924,12,f9d5b5e3eb7657cf1bbba4cc856651864df9cd9fd9a6be9b9bc5fcbb67150deb,,81cb80fd337da775459bfad8de043c92eef4bded190db546c933ebeaf4463ffa,rlimit,1800
2026-09-27T23:47:13Z,ba93c7e81085c04a0ca1d1d9225abaec39b2fc33-dirty,a42531566e9b,4069f153a4f9,4,best,spectral-norm,resid,official,5500,ok,0,,ok,0.056875,0.610952,0.010726,0.621678,10.930700,49068,12,f9d5b5e3eb7657cf1bbba4cc856651864df9cd9fd9a6be9b9bc5fcbb67150deb,,81cb80fd337da775459bfad8de043c92eef4bded190db546c933ebeaf4463ffa,rlimit,1800
2026-09-27T23:47:24Z,ba93c7e81085c04a0ca1d1d9225abaec39b2fc33-dirty,a42531566e9b,63055448a4c3,0,st,mandelbrot,resid,official,16000,ok,0,,ok,11.244318,11.204979,0.017937,11.222916,0.998100,2084,32000015,609262469ee6a0262ccd03932e557f745c9e7b997ad17835a02a0232a64807be,,1808dd7a5fa7c2cdc4e45ae1ae8bc87d7f373747a6321e5a8f4f881ad16d9cb5,rlimit,1800
2026-09-27T23:47:36Z,ba93c7e81085c04a0ca1d1d9225abaec39b2fc33-dirty,a42531566e9b,63055448a4c3,1,st,mandelbrot,resid,official,16000,ok,0,,ok,11.219298,11.179758,0.017522,11.197280,0.998000,2088,32000015,609262469ee6a0262ccd03932e557f745c9e7b997ad17835a02a0232a64807be,,1808dd7a5fa7c2cdc4e45ae1ae8bc87d7f373747a6321e5a8f4f881ad16d9cb5,rlimit,1800
2026-09-27T23:47:47Z,ba93c7e81085c04a0ca1d1d9225abaec39b2fc33-dirty,a42531566e9b,63055448a4c3,2,st,mandelbrot,resid,official,16000,ok,0,,ok,11.198289,11.160960,0.014192,11.175152,0.997900,2088,32000015,609262469ee6a0262ccd03932e557f745c9e7b997ad17835a02a0232a64807be,,1808dd7a5fa7c2cdc4e45ae1ae8bc87d7f373747a6321e5a8f4f881ad16d9cb5,rlimit,1800
2026-09-27T23:47:58Z,ba93c7e81085c04a0ca1d1d9225abaec39b2fc33-dirty,a42531566e9b,63055448a4c3,3,st,mandelbrot,resid,official,16000,ok,0,,ok,11.173180,11.126618,0.022086,11.148704,0.997800,2084,32000015,609262469ee6a0262ccd03932e557f745c9e7b997ad17835a02a0232a64807be,,1808dd7a5fa7c2cdc4e45ae1ae8bc87d7f373747a6321e5a8f4f881ad16d9cb5,rlimit,1800
2026-09-27T23:48:09Z,ba93c7e81085c04a0ca1d1d9225abaec39b2fc33-dirty,a42531566e9b,63055448a4c3,4,st,mandelbrot,resid,official,16000,ok,0,,ok,11.177432,11.130996,0.023996,11.154992,0.998000,2084,32000015,609262469ee6a0262ccd03932e557f745c9e7b997ad17835a02a0232a64807be,,1808dd7a5fa7c2cdc4e45ae1ae8bc87d7f373747a6321e5a8f4f881ad16d9cb5,rlimit,1800
2026-09-27T23:48:09Z,ba93c7e81085c04a0ca1d1d9225abaec39b2fc33-dirty,a42531566e9b,8bcdfa052bee,0,best,mandelbrot,resid,official,16000,ok,0,,ok,0.244449,2.410302,0.197260,2.607562,10.667100,661620,32000015,609262469ee6a0262ccd03932e557f745c9e7b997ad17835a02a0232a64807be,,632c2b0669fef0d690e32ae588029e55322c08c028dde0e92274774f398da643,rlimit,1800
2026-09-27T23:48:10Z,ba93c7e81085c04a0ca1d1d9225abaec39b2fc33-dirty,a42531566e9b,8bcdfa052bee,1,best,mandelbrot,resid,official,16000,ok,0,,ok,0.241799,2.368118,0.228137,2.596255,10.737300,661532,32000015,609262469ee6a0262ccd03932e557f745c9e7b997ad17835a02a0232a64807be,,632c2b0669fef0d690e32ae588029e55322c08c028dde0e92274774f398da643,rlimit,1800
2026-09-27T23:48:10Z,ba93c7e81085c04a0ca1d1d9225abaec39b2fc33-dirty,a42531566e9b,8bcdfa052bee,2,best,mandelbrot,resid,official,16000,ok,0,,ok,0.240924,2.334528,0.249484,2.584012,10.725400,661392,32000015,609262469ee6a0262ccd03932e557f745c9e7b997ad17835a02a0232a64807be,,632c2b0669fef0d690e32ae588029e55322c08c028dde0e92274774f398da643,rlimit,1800
2026-09-27T23:48:10Z,ba93c7e81085c04a0ca1d1d9225abaec39b2fc33-dirty,a42531566e9b,8bcdfa052bee,3,best,mandelbrot,resid,official,16000,ok,0,,ok,0.248022,2.268399,0.230438,2.498837,10.075100,661328,32000015,609262469ee6a0262ccd03932e557f745c9e7b997ad17835a02a0232a64807be,,632c2b0669fef0d690e32ae588029e55322c08c028dde0e92274774f398da643,rlimit,1800
2026-09-27T23:48:10Z,ba93c7e81085c04a0ca1d1d9225abaec39b2fc33-dirty,a42531566e9b,8bcdfa052bee,4,best,mandelbrot,resid,official,16000,ok,0,,ok,0.264768,2.301283,0.178921,2.480204,9.367500,661364,32000015,609262469ee6a0262ccd03932e557f745c9e7b997ad17835a02a0232a64807be,,632c2b0669fef0d690e32ae588029e55322c08c028dde0e92274774f398da643,rlimit,1800
2026-09-27T23:48:13Z,ba93c7e81085c04a0ca1d1d9225abaec39b2fc33-dirty,a42531566e9b,4aff8b3f1f4d,0,st,binary-trees,resid,official,21,ok,0,,ok,2.097015,2.020222,0.071471,2.091693,0.997500,265256,455,341de11a51feab3d8122b4b5d6a68b038a2d14434aa9bc2372f39300bf5f48e1,,74efc01603c206f7c432648598fffafe84aaaf3027eb92e2394daf680f91ded4,rlimit,1800
2026-09-27T23:48:15Z,ba93c7e81085c04a0ca1d1d9225abaec39b2fc33-dirty,a42531566e9b,4aff8b3f1f4d,1,st,binary-trees,resid,official,21,ok,0,,ok,2.133879,2.056354,0.072586,2.128940,0.997700,265256,455,341de11a51feab3d8122b4b5d6a68b038a2d14434aa9bc2372f39300bf5f48e1,,74efc01603c206f7c432648598fffafe84aaaf3027eb92e2394daf680f91ded4,rlimit,1800
2026-09-27T23:48:17Z,ba93c7e81085c04a0ca1d1d9225abaec39b2fc33-dirty,a42531566e9b,4aff8b3f1f4d,2,st,binary-trees,resid,official,21,ok,0,,ok,2.186027,2.115164,0.065616,2.180780,0.997600,265252,455,341de11a51feab3d8122b4b5d6a68b038a2d14434aa9bc2372f39300bf5f48e1,,74efc01603c206f7c432648598fffafe84aaaf3027eb92e2394daf680f91ded4,rlimit,1800
2026-09-27T23:48:19Z,ba93c7e81085c04a0ca1d1d9225abaec39b2fc33-dirty,a42531566e9b,4aff8b3f1f4d,3,st,binary-trees,resid,official,21,ok,0,,ok,2.090792,2.006089,0.078737,2.084826,0.997100,265256,455,341de11a51feab3d8122b4b5d6a68b038a2d14434aa9bc2372f39300bf5f48e1,,74efc01603c206f7c432648598fffafe84aaaf3027eb92e2394daf680f91ded4,rlimit,1800
2026-09-27T23:48:21Z,ba93c7e81085c04a0ca1d1d9225abaec39b2fc33-dirty,a42531566e9b,4aff8b3f1f4d,4,st,binary-trees,resid,official,21,ok,0,,ok,2.098506,2.021672,0.071743,2.093415,0.997600,265256,455,341de11a51feab3d8122b4b5d6a68b038a2d14434aa9bc2372f39300bf5f48e1,,74efc01603c206f7c432648598fffafe84aaaf3027eb92e2394daf680f91ded4,rlimit,1800
2026-09-27T23:48:23Z,ba93c7e81085c04a0ca1d1d9225abaec39b2fc33-dirty,a42531566e9b,8f917a01f61c,0,best,binary-trees,resid,official,21,ok,0,,ok,0.459265,2.883991,0.151439,3.035430,6.609300,699676,455,341de11a51feab3d8122b4b5d6a68b038a2d14434aa9bc2372f39300bf5f48e1,,5d3fe7d34602f136abe337d1d41b5439e9e39a5362c0741f82dfb0e00a2f9a1c,rlimit,1800
2026-09-27T23:48:24Z,ba93c7e81085c04a0ca1d1d9225abaec39b2fc33-dirty,a42531566e9b,8f917a01f61c,1,best,binary-trees,resid,official,21,ok,0,,ok,0.469226,2.850027,0.146312,2.996339,6.385700,699508,455,341de11a51feab3d8122b4b5d6a68b038a2d14434aa9bc2372f39300bf5f48e1,,5d3fe7d34602f136abe337d1d41b5439e9e39a5362c0741f82dfb0e00a2f9a1c,rlimit,1800
2026-09-27T23:48:24Z,ba93c7e81085c04a0ca1d1d9225abaec39b2fc33-dirty,a42531566e9b,8f917a01f61c,2,best,binary-trees,resid,official,21,ok,0,,ok,0.458123,2.870077,0.160424,3.030501,6.615000,699796,455,341de11a51feab3d8122b4b5d6a68b038a2d14434aa9bc2372f39300bf5f48e1,,5d3fe7d34602f136abe337d1d41b5439e9e39a5362c0741f82dfb0e00a2f9a1c,rlimit,1800
2026-09-27T23:48:25Z,ba93c7e81085c04a0ca1d1d9225abaec39b2fc33-dirty,a42531566e9b,8f917a01f61c,3,best,binary-trees,resid,official,21,ok,0,,ok,0.476960,2.825547,0.151613,2.977160,6.241900,699792,455,341de11a51feab3d8122b4b5d6a68b038a2d14434aa9bc2372f39300bf5f48e1,,5d3fe7d34602f136abe337d1d41b5439e9e39a5362c0741f82dfb0e00a2f9a1c,rlimit,1800
2026-09-27T23:48:25Z,ba93c7e81085c04a0ca1d1d9225abaec39b2fc33-dirty,a42531566e9b,8f917a01f61c,4,best,binary-trees,resid,official,21,ok,0,,ok,0.479966,2.863359,0.137711,3.001070,6.252700,699688,455,341de11a51feab3d8122b4b5d6a68b038a2d14434aa9bc2372f39300bf5f48e1,,5d3fe7d34602f136abe337d1d41b5439e9e39a5362c0741f82dfb0e00a2f9a1c,rlimit,1800
2026-09-27T23:48:28Z,ba93c7e81085c04a0ca1d1d9225abaec39b2fc33-dirty,a42531566e9b,53143588caf4,0,st,fasta,resid,official,25000000,ok,0,,ok,2.268797,2.194702,0.067560,2.262262,0.997100,3136,254166745,3fcf4f78104c8a65ef210fe1d469f4e473456c791225f2f1f9114f4986aa09fa,,0026fb19fcf675dfdbc7c50ffe42311dc18f492c11ff119ab81f72436908d848,rlimit,1800
2026-09-27T23:48:30Z,ba93c7e81085c04a0ca1d1d9225abaec39b2fc33-dirty,a42531566e9b,53143588caf4,1,st,fasta,resid,official,25000000,ok,0,,ok,2.270369,2.191258,0.073692,2.264950,0.997600,3200,254166745,3fcf4f78104c8a65ef210fe1d469f4e473456c791225f2f1f9114f4986aa09fa,,0026fb19fcf675dfdbc7c50ffe42311dc18f492c11ff119ab81f72436908d848,rlimit,1800
2026-09-27T23:48:33Z,ba93c7e81085c04a0ca1d1d9225abaec39b2fc33-dirty,a42531566e9b,53143588caf4,2,st,fasta,resid,official,25000000,ok,0,,ok,2.275834,2.187463,0.082402,2.269865,0.997400,3136,254166745,3fcf4f78104c8a65ef210fe1d469f4e473456c791225f2f1f9114f4986aa09fa,,0026fb19fcf675dfdbc7c50ffe42311dc18f492c11ff119ab81f72436908d848,rlimit,1800
2026-09-27T23:48:35Z,ba93c7e81085c04a0ca1d1d9225abaec39b2fc33-dirty,a42531566e9b,53143588caf4,3,st,fasta,resid,official,25000000,ok,0,,ok,2.277638,2.188223,0.083434,2.271657,0.997400,3136,254166745,3fcf4f78104c8a65ef210fe1d469f4e473456c791225f2f1f9114f4986aa09fa,,0026fb19fcf675dfdbc7c50ffe42311dc18f492c11ff119ab81f72436908d848,rlimit,1800
2026-09-27T23:48:37Z,ba93c7e81085c04a0ca1d1d9225abaec39b2fc33-dirty,a42531566e9b,53143588caf4,4,st,fasta,resid,official,25000000,ok,0,,ok,2.279898,2.183921,0.090824,2.274745,0.997700,3136,254166745,3fcf4f78104c8a65ef210fe1d469f4e473456c791225f2f1f9114f4986aa09fa,,0026fb19fcf675dfdbc7c50ffe42311dc18f492c11ff119ab81f72436908d848,rlimit,1800
2026-09-27T23:48:38Z,ba93c7e81085c04a0ca1d1d9225abaec39b2fc33-dirty,a42531566e9b,6094676965d6,0,best,fasta,resid,official,25000000,ok,0,,ok,0.139817,0.836730,0.132522,0.969252,6.932300,287264,254166745,3fcf4f78104c8a65ef210fe1d469f4e473456c791225f2f1f9114f4986aa09fa,,5db819f5cc75be29880004b1adc191a17059509693ec3f1487c3ab6618995b71,rlimit,1800
2026-09-27T23:48:38Z,ba93c7e81085c04a0ca1d1d9225abaec39b2fc33-dirty,a42531566e9b,6094676965d6,1,best,fasta,resid,official,25000000,ok,0,,ok,0.133453,0.855778,0.119200,0.974978,7.305800,287412,254166745,3fcf4f78104c8a65ef210fe1d469f4e473456c791225f2f1f9114f4986aa09fa,,5db819f5cc75be29880004b1adc191a17059509693ec3f1487c3ab6618995b71,rlimit,1800
2026-09-27T23:48:38Z,ba93c7e81085c04a0ca1d1d9225abaec39b2fc33-dirty,a42531566e9b,6094676965d6,2,best,fasta,resid,official,25000000,ok,0,,ok,0.137846,0.833652,0.133911,0.967563,7.019200,287476,254166745,3fcf4f78104c8a65ef210fe1d469f4e473456c791225f2f1f9114f4986aa09fa,,5db819f5cc75be29880004b1adc191a17059509693ec3f1487c3ab6618995b71,rlimit,1800
2026-09-27T23:48:39Z,ba93c7e81085c04a0ca1d1d9225abaec39b2fc33-dirty,a42531566e9b,6094676965d6,3,best,fasta,resid,official,25000000,ok,0,,ok,0.186240,1.171367,0.140285,1.311652,7.042800,287152,254166745,3fcf4f78104c8a65ef210fe1d469f4e473456c791225f2f1f9114f4986aa09fa,,5db819f5cc75be29880004b1adc191a17059509693ec3f1487c3ab6618995b71,rlimit,1800
2026-09-27T23:48:39Z,ba93c7e81085c04a0ca1d1d9225abaec39b2fc33-dirty,a42531566e9b,6094676965d6,4,best,fasta,resid,official,25000000,ok,0,,ok,0.145701,0.842414,0.142062,0.984476,6.756800,287412,254166745,3fcf4f78104c8a65ef210fe1d469f4e473456c791225f2f1f9114f4986aa09fa,,5db819f5cc75be29880004b1adc191a17059509693ec3f1487c3ab6618995b71,rlimit,1800
2026-09-27T23:48:44Z,ba93c7e81085c04a0ca1d1d9225abaec39b2fc33-dirty,a42531566e9b,29d2ad611652,0,st,k-nucleotide,resid,official,0,ok,0,,ok,4.821690,4.773203,0.036563,4.809766,0.997500,271464,259,f8c042fe770dda8f870b967605ea40ca2e353f2bdf92e89a327209dd31d445c7,3fcf4f78104c8a65ef210fe1d469f4e473456c791225f2f1f9114f4986aa09fa,ee7703f97fdc3580e95fdcc3a7622691f631d1d711b52b09db8ddd910be9595d,rlimit,1800
2026-09-27T23:48:49Z,ba93c7e81085c04a0ca1d1d9225abaec39b2fc33-dirty,a42531566e9b,29d2ad611652,1,st,k-nucleotide,resid,official,0,ok,0,,ok,4.803501,4.752219,0.039254,4.791473,0.997500,271464,259,f8c042fe770dda8f870b967605ea40ca2e353f2bdf92e89a327209dd31d445c7,3fcf4f78104c8a65ef210fe1d469f4e473456c791225f2f1f9114f4986aa09fa,ee7703f97fdc3580e95fdcc3a7622691f631d1d711b52b09db8ddd910be9595d,rlimit,1800
2026-09-27T23:48:53Z,ba93c7e81085c04a0ca1d1d9225abaec39b2fc33-dirty,a42531566e9b,29d2ad611652,2,st,k-nucleotide,resid,official,0,ok,0,,ok,4.788549,4.740976,0.036648,4.777624,0.997700,271464,259,f8c042fe770dda8f870b967605ea40ca2e353f2bdf92e89a327209dd31d445c7,3fcf4f78104c8a65ef210fe1d469f4e473456c791225f2f1f9114f4986aa09fa,ee7703f97fdc3580e95fdcc3a7622691f631d1d711b52b09db8ddd910be9595d,rlimit,1800
2026-09-27T23:48:58Z,ba93c7e81085c04a0ca1d1d9225abaec39b2fc33-dirty,a42531566e9b,29d2ad611652,3,st,k-nucleotide,resid,official,0,ok,0,,ok,4.778568,4.733792,0.033761,4.767553,0.997700,271464,259,f8c042fe770dda8f870b967605ea40ca2e353f2bdf92e89a327209dd31d445c7,3fcf4f78104c8a65ef210fe1d469f4e473456c791225f2f1f9114f4986aa09fa,ee7703f97fdc3580e95fdcc3a7622691f631d1d711b52b09db8ddd910be9595d,rlimit,1800
2026-09-27T23:49:03Z,ba93c7e81085c04a0ca1d1d9225abaec39b2fc33-dirty,a42531566e9b,29d2ad611652,4,st,k-nucleotide,resid,official,0,ok,0,,ok,4.760341,4.712789,0.036720,4.749509,0.997700,271464,259,f8c042fe770dda8f870b967605ea40ca2e353f2bdf92e89a327209dd31d445c7,3fcf4f78104c8a65ef210fe1d469f4e473456c791225f2f1f9114f4986aa09fa,ee7703f97fdc3580e95fdcc3a7622691f631d1d711b52b09db8ddd910be9595d,rlimit,1800
2026-09-27T23:49:05Z,ba93c7e81085c04a0ca1d1d9225abaec39b2fc33-dirty,a42531566e9b,bd0568b0ba54,0,best,k-nucleotide,resid,official,0,ok,0,,ok,1.829916,6.825298,0.039666,6.864964,3.751500,290464,259,f8c042fe770dda8f870b967605ea40ca2e353f2bdf92e89a327209dd31d445c7,3fcf4f78104c8a65ef210fe1d469f4e473456c791225f2f1f9114f4986aa09fa,cd985dc3b92f45937ece32cd2ab50fab7bd0cc3716a57edb18ba6b548da39187,rlimit,1800
2026-09-27T23:49:06Z,ba93c7e81085c04a0ca1d1d9225abaec39b2fc33-dirty,a42531566e9b,bd0568b0ba54,1,best,k-nucleotide,resid,official,0,ok,0,,ok,1.750518,6.952250,0.038812,6.991062,3.993700,290432,259,f8c042fe770dda8f870b967605ea40ca2e353f2bdf92e89a327209dd31d445c7,3fcf4f78104c8a65ef210fe1d469f4e473456c791225f2f1f9114f4986aa09fa,cd985dc3b92f45937ece32cd2ab50fab7bd0cc3716a57edb18ba6b548da39187,rlimit,1800
2026-09-27T23:49:08Z,ba93c7e81085c04a0ca1d1d9225abaec39b2fc33-dirty,a42531566e9b,bd0568b0ba54,2,best,k-nucleotide,resid,official,0,ok,0,,ok,1.737878,7.031968,0.038391,7.070359,4.068400,290436,259,f8c042fe770dda8f870b967605ea40ca2e353f2bdf92e89a327209dd31d445c7,3fcf4f78104c8a65ef210fe1d469f4e473456c791225f2f1f9114f4986aa09fa,cd985dc3b92f45937ece32cd2ab50fab7bd0cc3716a57edb18ba6b548da39187,rlimit,1800
2026-09-27T23:49:10Z,ba93c7e81085c04a0ca1d1d9225abaec39b2fc33-dirty,a42531566e9b,bd0568b0ba54,3,best,k-nucleotide,resid,official,0,ok,0,,ok,1.816345,7.015595,0.038786,7.054381,3.883800,290488,259,f8c042fe770dda8f870b967605ea40ca2e353f2bdf92e89a327209dd31d445c7,3fcf4f78104c8a65ef210fe1d469f4e473456c791225f2f1f9114f4986aa09fa,cd985dc3b92f45937ece32cd2ab50fab7bd0cc3716a57edb18ba6b548da39187,rlimit,1800
2026-09-27T23:49:12Z,ba93c7e81085c04a0ca1d1d9225abaec39b2fc33-dirty,a42531566e9b,bd0568b0ba54,4,best,k-nucleotide,resid,official,0,ok,0,,ok,1.689241,6.629496,0.044554,6.674050,3.950900,290456,259,f8c042fe770dda8f870b967605ea40ca2e353f2bdf92e89a327209dd31d445c7,3fcf4f78104c8a65ef210fe1d469f4e473456c791225f2f1f9114f4986aa09fa,cd985dc3b92f45937ece32cd2ab50fab7bd0cc3716a57edb18ba6b548da39187,rlimit,1800
2026-09-27T23:49:12Z,ba93c7e81085c04a0ca1d1d9225abaec39b2fc33-dirty,a42531566e9b,96fd4e721c82,0,st,reverse-complement,resid,official,0,ok,0,,ok,0.444674,0.349491,0.093642,0.443133,0.996500,499468,254166745,e5730d4fd55c464f276e5c6062c80f46e0a735281de15d8c957e2731a9baf70e,3fcf4f78104c8a65ef210fe1d469f4e473456c791225f2f1f9114f4986aa09fa,4e0b323facca4e18ce545aafe1d34f5e7958dd6b208ad0964734010ea3faf3cf,rlimit,1800
2026-09-27T23:49:13Z,ba93c7e81085c04a0ca1d1d9225abaec39b2fc33-dirty,a42531566e9b,96fd4e721c82,1,st,reverse-complement,resid,official,0,ok,0,,ok,0.440718,0.336662,0.102145,0.438807,0.995700,499472,254166745,e5730d4fd55c464f276e5c6062c80f46e0a735281de15d8c957e2731a9baf70e,3fcf4f78104c8a65ef210fe1d469f4e473456c791225f2f1f9114f4986aa09fa,4e0b323facca4e18ce545aafe1d34f5e7958dd6b208ad0964734010ea3faf3cf,rlimit,1800
2026-09-27T23:49:13Z,ba93c7e81085c04a0ca1d1d9225abaec39b2fc33-dirty,a42531566e9b,96fd4e721c82,2,st,reverse-complement,resid,official,0,ok,0,,ok,0.447484,0.347672,0.098548,0.446220,0.997200,499468,254166745,e5730d4fd55c464f276e5c6062c80f46e0a735281de15d8c957e2731a9baf70e,3fcf4f78104c8a65ef210fe1d469f4e473456c791225f2f1f9114f4986aa09fa,4e0b323facca4e18ce545aafe1d34f5e7958dd6b208ad0964734010ea3faf3cf,rlimit,1800
2026-09-27T23:49:14Z,ba93c7e81085c04a0ca1d1d9225abaec39b2fc33-dirty,a42531566e9b,96fd4e721c82,3,st,reverse-complement,resid,official,0,ok,0,,ok,0.437953,0.343128,0.093663,0.436791,0.997300,499472,254166745,e5730d4fd55c464f276e5c6062c80f46e0a735281de15d8c957e2731a9baf70e,3fcf4f78104c8a65ef210fe1d469f4e473456c791225f2f1f9114f4986aa09fa,4e0b323facca4e18ce545aafe1d34f5e7958dd6b208ad0964734010ea3faf3cf,rlimit,1800
2026-09-27T23:49:15Z,ba93c7e81085c04a0ca1d1d9225abaec39b2fc33-dirty,a42531566e9b,96fd4e721c82,4,st,reverse-complement,resid,official,0,ok,0,,ok,0.444549,0.353271,0.089836,0.443107,0.996800,499468,254166745,e5730d4fd55c464f276e5c6062c80f46e0a735281de15d8c957e2731a9baf70e,3fcf4f78104c8a65ef210fe1d469f4e473456c791225f2f1f9114f4986aa09fa,4e0b323facca4e18ce545aafe1d34f5e7958dd6b208ad0964734010ea3faf3cf,rlimit,1800
2026-09-27T23:49:15Z,ba93c7e81085c04a0ca1d1d9225abaec39b2fc33-dirty,a42531566e9b,35cb251f0f8f,0,best,reverse-complement,resid,official,0,ok,0,,ok,0.274642,1.136631,0.449181,1.585812,5.774100,1051516,254166745,e5730d4fd55c464f276e5c6062c80f46e0a735281de15d8c957e2731a9baf70e,3fcf4f78104c8a65ef210fe1d469f4e473456c791225f2f1f9114f4986aa09fa,ee522c8a25dc9675933d3c14ee730394199879c5646bd746a2d7f4756c81841f,rlimit,1800
2026-09-27T23:49:15Z,ba93c7e81085c04a0ca1d1d9225abaec39b2fc33-dirty,a42531566e9b,35cb251f0f8f,1,best,reverse-complement,resid,official,0,ok,0,,ok,0.276776,1.197497,0.482455,1.679952,6.069700,1029624,254166745,e5730d4fd55c464f276e5c6062c80f46e0a735281de15d8c957e2731a9baf70e,3fcf4f78104c8a65ef210fe1d469f4e473456c791225f2f1f9114f4986aa09fa,ee522c8a25dc9675933d3c14ee730394199879c5646bd746a2d7f4756c81841f,rlimit,1800
2026-09-27T23:49:16Z,ba93c7e81085c04a0ca1d1d9225abaec39b2fc33-dirty,a42531566e9b,35cb251f0f8f,2,best,reverse-complement,resid,official,0,ok,0,,ok,0.272901,1.153131,0.449872,1.603003,5.873900,1052864,254166745,e5730d4fd55c464f276e5c6062c80f46e0a735281de15d8c957e2731a9baf70e,3fcf4f78104c8a65ef210fe1d469f4e473456c791225f2f1f9114f4986aa09fa,ee522c8a25dc9675933d3c14ee730394199879c5646bd746a2d7f4756c81841f,rlimit,1800
2026-09-27T23:49:16Z,ba93c7e81085c04a0ca1d1d9225abaec39b2fc33-dirty,a42531566e9b,35cb251f0f8f,3,best,reverse-complement,resid,official,0,ok,0,,ok,0.267212,1.119103,0.425128,1.544231,5.779000,1029628,254166745,e5730d4fd55c464f276e5c6062c80f46e0a735281de15d8c957e2731a9baf70e,3fcf4f78104c8a65ef210fe1d469f4e473456c791225f2f1f9114f4986aa09fa,ee522c8a25dc9675933d3c14ee730394199879c5646bd746a2d7f4756c81841f,rlimit,1800
2026-09-27T23:49:17Z,ba93c7e81085c04a0ca1d1d9225abaec39b2fc33-dirty,a42531566e9b,35cb251f0f8f,4,best,reverse-complement,resid,official,0,ok,0,,ok,0.271170,1.152500,0.382729,1.535229,5.661500,1029616,254166745,e5730d4fd55c464f276e5c6062c80f46e0a735281de15d8c957e2731a9baf70e,3fcf4f78104c8a65ef210fe1d469f4e473456c791225f2f1f9114f4986aa09fa,ee522c8a25dc9675933d3c14ee730394199879c5646bd746a2d7f4756c81841f,rlimit,1800
2026-09-27T23:49:17Z,ba93c7e81085c04a0ca1d1d9225abaec39b2fc33-dirty,a42531566e9b,333a83042bfc,0,st,pidigits,resid,official,10000,ok,0,,ok,0.437573,0.436663,0.000000,0.436663,0.997900,4904,16893,bdfa7b6c756d96492f472f97aee9cc139bee954d271eacedfd7ace5d2875f06c,,a1586ee741d94111518258ed610218e5421691be732a84deaa33e6c1f60f512c,rlimit,1800
2026-09-27T23:49:18Z,ba93c7e81085c04a0ca1d1d9225abaec39b2fc33-dirty,a42531566e9b,333a83042bfc,1,st,pidigits,resid,official,10000,ok,0,,ok,0.437335,0.433916,0.001977,0.435893,0.996700,4900,16893,bdfa7b6c756d96492f472f97aee9cc139bee954d271eacedfd7ace5d2875f06c,,a1586ee741d94111518258ed610218e5421691be732a84deaa33e6c1f60f512c,rlimit,1800
2026-09-27T23:49:18Z,ba93c7e81085c04a0ca1d1d9225abaec39b2fc33-dirty,a42531566e9b,333a83042bfc,2,st,pidigits,resid,official,10000,ok,0,,ok,0.437586,0.434705,0.001995,0.436700,0.998000,4900,16893,bdfa7b6c756d96492f472f97aee9cc139bee954d271eacedfd7ace5d2875f06c,,a1586ee741d94111518258ed610218e5421691be732a84deaa33e6c1f60f512c,rlimit,1800
2026-09-27T23:49:18Z,ba93c7e81085c04a0ca1d1d9225abaec39b2fc33-dirty,a42531566e9b,333a83042bfc,3,st,pidigits,resid,official,10000,ok,0,,ok,0.436705,0.430671,0.004970,0.435641,0.997600,4900,16893,bdfa7b6c756d96492f472f97aee9cc139bee954d271eacedfd7ace5d2875f06c,,a1586ee741d94111518258ed610218e5421691be732a84deaa33e6c1f60f512c,rlimit,1800
2026-09-27T23:49:19Z,ba93c7e81085c04a0ca1d1d9225abaec39b2fc33-dirty,a42531566e9b,333a83042bfc,4,st,pidigits,resid,official,10000,ok,0,,ok,0.436276,0.434520,0.000998,0.435518,0.998300,4900,16893,bdfa7b6c756d96492f472f97aee9cc139bee954d271eacedfd7ace5d2875f06c,,a1586ee741d94111518258ed610218e5421691be732a84deaa33e6c1f60f512c,rlimit,1800
2026-09-27T23:49:19Z,ba93c7e81085c04a0ca1d1d9225abaec39b2fc33-dirty,a42531566e9b,29f7e0b7af62,0,best,pidigits,resid,official,10000,ok,0,,ok,0.431023,0.428950,0.000988,0.429938,0.997500,4900,16893,bdfa7b6c756d96492f472f97aee9cc139bee954d271eacedfd7ace5d2875f06c,,3b860fd1f24b413cc9d8af9bb149e4a1c278f421755bec258640d94eed66faa1,rlimit,1800
2026-09-27T23:49:20Z,ba93c7e81085c04a0ca1d1d9225abaec39b2fc33-dirty,a42531566e9b,29f7e0b7af62,1,best,pidigits,resid,official,10000,ok,0,,ok,0.431333,0.427544,0.002972,0.430516,0.998100,4888,16893,bdfa7b6c756d96492f472f97aee9cc139bee954d271eacedfd7ace5d2875f06c,,3b860fd1f24b413cc9d8af9bb149e4a1c278f421755bec258640d94eed66faa1,rlimit,1800
2026-09-27T23:49:20Z,ba93c7e81085c04a0ca1d1d9225abaec39b2fc33-dirty,a42531566e9b,29f7e0b7af62,2,best,pidigits,resid,official,10000,ok,0,,ok,0.427027,0.425125,0.001001,0.426126,0.997900,4900,16893,bdfa7b6c756d96492f472f97aee9cc139bee954d271eacedfd7ace5d2875f06c,,3b860fd1f24b413cc9d8af9bb149e4a1c278f421755bec258640d94eed66faa1,rlimit,1800
2026-09-27T23:49:21Z,ba93c7e81085c04a0ca1d1d9225abaec39b2fc33-dirty,a42531566e9b,29f7e0b7af62,3,best,pidigits,resid,official,10000,ok,0,,ok,0.430855,0.426944,0.002799,0.429743,0.997400,4900,16893,bdfa7b6c756d96492f472f97aee9cc139bee954d271eacedfd7ace5d2875f06c,,3b860fd1f24b413cc9d8af9bb149e4a1c278f421755bec258640d94eed66faa1,rlimit,1800
2026-09-27T23:49:21Z,ba93c7e81085c04a0ca1d1d9225abaec39b2fc33-dirty,a42531566e9b,29f7e0b7af62,4,best,pidigits,resid,official,10000,ok,0,,ok,0.430875,0.426011,0.003988,0.429999,0.998000,4904,16893,bdfa7b6c756d96492f472f97aee9cc139bee954d271eacedfd7ace5d2875f06c,,3b860fd1f24b413cc9d8af9bb149e4a1c278f421755bec258640d94eed66faa1,rlimit,1800
2026-09-28T00:35:10Z,da2a9ec43215936e476316eaebff08caabc850fd-dirty,a42531566e9b,ab19e98a3c5d,0,st,nbody,resid,official,50000000,ok,0,,ok,1.442187,1.433746,0.004244,1.437990,0.997100,2088,26,3e6c9ef9d26cfe312a4cd8e1b81b3f671b88fbce84de543e8c23c206a942504d,,2b7503dda9526d1ebbcef43f95172f53d0c075efd9fead5725e694c1fab5bf57,rlimit,1800
2026-09-28T00:35:11Z,da2a9ec43215936e476316eaebff08caabc850fd-dirty,a42531566e9b,ab19e98a3c5d,1,st,nbody,resid,official,50000000,ok,0,,ok,1.442135,1.439301,0.000000,1.439301,0.998000,2084,26,3e6c9ef9d26cfe312a4cd8e1b81b3f671b88fbce84de543e8c23c206a942504d,,2b7503dda9526d1ebbcef43f95172f53d0c075efd9fead5725e694c1fab5bf57,rlimit,1800
2026-09-28T00:35:13Z,da2a9ec43215936e476316eaebff08caabc850fd-dirty,a42531566e9b,ab19e98a3c5d,2,st,nbody,resid,official,50000000,ok,0,,ok,1.442206,1.439159,0.000000,1.439159,0.997900,2084,26,3e6c9ef9d26cfe312a4cd8e1b81b3f671b88fbce84de543e8c23c206a942504d,,2b7503dda9526d1ebbcef43f95172f53d0c075efd9fead5725e694c1fab5bf57,rlimit,1800
2026-09-28T00:35:14Z,da2a9ec43215936e476316eaebff08caabc850fd-dirty,a42531566e9b,ab19e98a3c5d,3,st,nbody,resid,official,50000000,ok,0,,ok,1.442449,1.437256,0.001955,1.439211,0.997800,2084,26,3e6c9ef9d26cfe312a4cd8e1b81b3f671b88fbce84de543e8c23c206a942504d,,2b7503dda9526d1ebbcef43f95172f53d0c075efd9fead5725e694c1fab5bf57,rlimit,1800
2026-09-28T00:35:15Z,da2a9ec43215936e476316eaebff08caabc850fd-dirty,a42531566e9b,ab19e98a3c5d,4,st,nbody,resid,official,50000000,ok,0,,ok,1.444154,1.440020,0.000998,1.441018,0.997800,2084,26,3e6c9ef9d26cfe312a4cd8e1b81b3f671b88fbce84de543e8c23c206a942504d,,2b7503dda9526d1ebbcef43f95172f53d0c075efd9fead5725e694c1fab5bf57,rlimit,1800
2026-09-28T00:35:17Z,da2a9ec43215936e476316eaebff08caabc850fd-dirty,a42531566e9b,a7ca34b2984e,0,best,nbody,resid,official,50000000,ok,0,,ok,1.191028,1.187687,0.000998,1.188685,0.998000,2084,26,3e6c9ef9d26cfe312a4cd8e1b81b3f671b88fbce84de543e8c23c206a942504d,,1ea66b09b63391eb752eb67fba0020cfac1bc6a3dc7001667c41d2b1cb676d1a,rlimit,1800
2026-09-28T00:35:18Z,da2a9ec43215936e476316eaebff08caabc850fd-dirty,a42531566e9b,a7ca34b2984e,1,best,nbody,resid,official,50000000,ok,0,,ok,1.189004,1.185697,0.000998,1.186695,0.998100,2084,26,3e6c9ef9d26cfe312a4cd8e1b81b3f671b88fbce84de543e8c23c206a942504d,,1ea66b09b63391eb752eb67fba0020cfac1bc6a3dc7001667c41d2b1cb676d1a,rlimit,1800
2026-09-28T00:35:19Z,da2a9ec43215936e476316eaebff08caabc850fd-dirty,a42531566e9b,a7ca34b2984e,2,best,nbody,resid,official,50000000,ok,0,,ok,1.184286,1.180227,0.001979,1.182206,0.998200,2084,26,3e6c9ef9d26cfe312a4cd8e1b81b3f671b88fbce84de543e8c23c206a942504d,,1ea66b09b63391eb752eb67fba0020cfac1bc6a3dc7001667c41d2b1cb676d1a,rlimit,1800
2026-09-28T00:35:20Z,da2a9ec43215936e476316eaebff08caabc850fd-dirty,a42531566e9b,a7ca34b2984e,3,best,nbody,resid,official,50000000,ok,0,,ok,1.184376,1.178851,0.002839,1.181690,0.997700,2088,26,3e6c9ef9d26cfe312a4cd8e1b81b3f671b88fbce84de543e8c23c206a942504d,,1ea66b09b63391eb752eb67fba0020cfac1bc6a3dc7001667c41d2b1cb676d1a,rlimit,1800
2026-09-28T00:35:21Z,da2a9ec43215936e476316eaebff08caabc850fd-dirty,a42531566e9b,a7ca34b2984e,4,best,nbody,resid,official,50000000,ok,0,,ok,1.189615,1.184377,0.002956,1.187333,0.998100,2084,26,3e6c9ef9d26cfe312a4cd8e1b81b3f671b88fbce84de543e8c23c206a942504d,,1ea66b09b63391eb752eb67fba0020cfac1bc6a3dc7001667c41d2b1cb676d1a,rlimit,1800
2026-09-28T00:35:37Z,da2a9ec43215936e476316eaebff08caabc850fd-dirty,a42531566e9b,d8d53fd59c2a,0,st,fannkuch-redux,resid,official,12,ok,0,,ok,15.208064,15.174034,0.003660,15.177694,0.998000,2084,29,4265a65135c506a68d90d6474003fb9030b7ee244a06c046bd89b3932a28ce20,,e4216da750b191fb90e9df8bd4861502263f2bde1d5e9cc9fcfeccf662105036,rlimit,1800
2026-09-28T00:35:52Z,da2a9ec43215936e476316eaebff08caabc850fd-dirty,a42531566e9b,d8d53fd59c2a,1,st,fannkuch-redux,resid,official,12,ok,0,,ok,15.198976,15.154321,0.010610,15.164931,0.997800,2084,29,4265a65135c506a68d90d6474003fb9030b7ee244a06c046bd89b3932a28ce20,,e4216da750b191fb90e9df8bd4861502263f2bde1d5e9cc9fcfeccf662105036,rlimit,1800
2026-09-28T00:36:07Z,da2a9ec43215936e476316eaebff08caabc850fd-dirty,a42531566e9b,d8d53fd59c2a,2,st,fannkuch-redux,resid,official,12,ok,0,,ok,15.195800,15.156202,0.007947,15.164149,0.997900,2084,29,4265a65135c506a68d90d6474003fb9030b7ee244a06c046bd89b3932a28ce20,,e4216da750b191fb90e9df8bd4861502263f2bde1d5e9cc9fcfeccf662105036,rlimit,1800
2026-09-28T00:36:22Z,da2a9ec43215936e476316eaebff08caabc850fd-dirty,a42531566e9b,d8d53fd59c2a,3,st,fannkuch-redux,resid,official,12,ok,0,,ok,15.217513,15.180473,0.006898,15.187371,0.998000,2088,29,4265a65135c506a68d90d6474003fb9030b7ee244a06c046bd89b3932a28ce20,,e4216da750b191fb90e9df8bd4861502263f2bde1d5e9cc9fcfeccf662105036,rlimit,1800
2026-09-28T00:36:37Z,da2a9ec43215936e476316eaebff08caabc850fd-dirty,a42531566e9b,d8d53fd59c2a,4,st,fannkuch-redux,resid,official,12,ok,0,,ok,15.205580,15.165435,0.006901,15.172336,0.997800,2084,29,4265a65135c506a68d90d6474003fb9030b7ee244a06c046bd89b3932a28ce20,,e4216da750b191fb90e9df8bd4861502263f2bde1d5e9cc9fcfeccf662105036,rlimit,1800
2026-09-28T00:36:39Z,da2a9ec43215936e476316eaebff08caabc850fd-dirty,a42531566e9b,22903966046c,0,best,fannkuch-redux,resid,official,12,ok,0,,ok,1.398245,21.951834,0.020706,21.972540,15.714400,273072,29,4265a65135c506a68d90d6474003fb9030b7ee244a06c046bd89b3932a28ce20,,f79dbe0d2d722b19ae750f5dcc44c61e115d2834237fb30c321b3aa2f46d8a37,rlimit,1800
2026-09-28T00:36:40Z,da2a9ec43215936e476316eaebff08caabc850fd-dirty,a42531566e9b,22903966046c,1,best,fannkuch-redux,resid,official,12,ok,0,,ok,1.458027,22.717178,0.029723,22.746901,15.601200,273208,29,4265a65135c506a68d90d6474003fb9030b7ee244a06c046bd89b3932a28ce20,,f79dbe0d2d722b19ae750f5dcc44c61e115d2834237fb30c321b3aa2f46d8a37,rlimit,1800
2026-09-28T00:36:42Z,da2a9ec43215936e476316eaebff08caabc850fd-dirty,a42531566e9b,22903966046c,2,best,fannkuch-redux,resid,official,12,ok,0,,ok,1.468072,22.691038,0.019743,22.710781,15.469800,273080,29,4265a65135c506a68d90d6474003fb9030b7ee244a06c046bd89b3932a28ce20,,f79dbe0d2d722b19ae750f5dcc44c61e115d2834237fb30c321b3aa2f46d8a37,rlimit,1800
2026-09-28T00:36:43Z,da2a9ec43215936e476316eaebff08caabc850fd-dirty,a42531566e9b,22903966046c,3,best,fannkuch-redux,resid,official,12,ok,0,,ok,1.510960,22.731855,0.020906,22.752761,15.058500,273080,29,4265a65135c506a68d90d6474003fb9030b7ee244a06c046bd89b3932a28ce20,,f79dbe0d2d722b19ae750f5dcc44c61e115d2834237fb30c321b3aa2f46d8a37,rlimit,1800
2026-09-28T00:36:45Z,da2a9ec43215936e476316eaebff08caabc850fd-dirty,a42531566e9b,22903966046c,4,best,fannkuch-redux,resid,official,12,ok,0,,ok,1.538899,22.625443,0.023528,22.648971,14.717600,273096,29,4265a65135c506a68d90d6474003fb9030b7ee244a06c046bd89b3932a28ce20,,f79dbe0d2d722b19ae750f5dcc44c61e115d2834237fb30c321b3aa2f46d8a37,rlimit,1800
2026-09-28T00:36:45Z,da2a9ec43215936e476316eaebff08caabc850fd-dirty,a42531566e9b,94ce096bbbba,0,st,spectral-norm,resid,official,5500,ok,0,,ok,0.521487,0.517190,0.002808,0.519998,0.997100,8740,12,f9d5b5e3eb7657cf1bbba4cc856651864df9cd9fd9a6be9b9bc5fcbb67150deb,,cc280d4abf67d6554273af68241447c70b1f6669286fbb0a53dde38cfe05b551,rlimit,1800
2026-09-28T00:36:46Z,da2a9ec43215936e476316eaebff08caabc850fd-dirty,a42531566e9b,94ce096bbbba,1,st,spectral-norm,resid,official,5500,ok,0,,ok,0.521064,0.514475,0.004978,0.519453,0.996900,8740,12,f9d5b5e3eb7657cf1bbba4cc856651864df9cd9fd9a6be9b9bc5fcbb67150deb,,cc280d4abf67d6554273af68241447c70b1f6669286fbb0a53dde38cfe05b551,rlimit,1800
2026-09-28T00:36:46Z,da2a9ec43215936e476316eaebff08caabc850fd-dirty,a42531566e9b,94ce096bbbba,2,st,spectral-norm,resid,official,5500,ok,0,,ok,0.521481,0.516010,0.003987,0.519997,0.997200,8744,12,f9d5b5e3eb7657cf1bbba4cc856651864df9cd9fd9a6be9b9bc5fcbb67150deb,,cc280d4abf67d6554273af68241447c70b1f6669286fbb0a53dde38cfe05b551,rlimit,1800
2026-09-28T00:36:47Z,da2a9ec43215936e476316eaebff08caabc850fd-dirty,a42531566e9b,94ce096bbbba,3,st,spectral-norm,resid,official,5500,ok,0,,ok,0.520178,0.517067,0.001997,0.519064,0.997900,8740,12,f9d5b5e3eb7657cf1bbba4cc856651864df9cd9fd9a6be9b9bc5fcbb67150deb,,cc280d4abf67d6554273af68241447c70b1f6669286fbb0a53dde38cfe05b551,rlimit,1800
2026-09-28T00:36:47Z,da2a9ec43215936e476316eaebff08caabc850fd-dirty,a42531566e9b,94ce096bbbba,4,st,spectral-norm,resid,official,5500,ok,0,,ok,0.520805,0.516983,0.002000,0.518983,0.996500,8740,12,f9d5b5e3eb7657cf1bbba4cc856651864df9cd9fd9a6be9b9bc5fcbb67150deb,,cc280d4abf67d6554273af68241447c70b1f6669286fbb0a53dde38cfe05b551,rlimit,1800
2026-09-28T00:36:48Z,da2a9ec43215936e476316eaebff08caabc850fd-dirty,a42531566e9b,4355cb283d20,0,best,spectral-norm,resid,official,5500,ok,0,,ok,0.058152,0.635103,0.009419,0.644522,11.083400,49188,12,f9d5b5e3eb7657cf1bbba4cc856651864df9cd9fd9a6be9b9bc5fcbb67150deb,,81cb80fd337da775459bfad8de043c92eef4bded190db546c933ebeaf4463ffa,rlimit,1800
2026-09-28T00:36:48Z,da2a9ec43215936e476316eaebff08caabc850fd-dirty,a42531566e9b,4355cb283d20,1,best,spectral-norm,resid,official,5500,ok,0,,ok,0.056158,0.618219,0.009876,0.628095,11.184400,49304,12,f9d5b5e3eb7657cf1bbba4cc856651864df9cd9fd9a6be9b9bc5fcbb67150deb,,81cb80fd337da775459bfad8de043c92eef4bded190db546c933ebeaf4463ffa,rlimit,1800
2026-09-28T00:36:48Z,da2a9ec43215936e476316eaebff08caabc850fd-dirty,a42531566e9b,4355cb283d20,2,best,spectral-norm,resid,official,5500,ok,0,,ok,0.056116,0.618188,0.006321,0.624509,11.128800,49176,12,f9d5b5e3eb7657cf1bbba4cc856651864df9cd9fd9a6be9b9bc5fcbb67150deb,,81cb80fd337da775459bfad8de043c92eef4bded190db546c933ebeaf4463ffa,rlimit,1800
2026-09-28T00:36:48Z,da2a9ec43215936e476316eaebff08caabc850fd-dirty,a42531566e9b,4355cb283d20,3,best,spectral-norm,resid,official,5500,ok,0,,ok,0.056262,0.625151,0.007257,0.632408,11.240500,48912,12,f9d5b5e3eb7657cf1bbba4cc856651864df9cd9fd9a6be9b9bc5fcbb67150deb,,81cb80fd337da775459bfad8de043c92eef4bded190db546c933ebeaf4463ffa,rlimit,1800
2026-09-28T00:36:48Z,da2a9ec43215936e476316eaebff08caabc850fd-dirty,a42531566e9b,4355cb283d20,4,best,spectral-norm,resid,official,5500,ok,0,,ok,0.054752,0.622932,0.010848,0.633780,11.575500,49304,12,f9d5b5e3eb7657cf1bbba4cc856651864df9cd9fd9a6be9b9bc5fcbb67150deb,,81cb80fd337da775459bfad8de043c92eef4bded190db546c933ebeaf4463ffa,rlimit,1800
2026-09-28T00:36:59Z,da2a9ec43215936e476316eaebff08caabc850fd-dirty,a42531566e9b,f4b24f66dbda,0,st,mandelbrot,resid,official,16000,ok,0,,ok,11.263330,11.217333,0.022473,11.239806,0.997900,2084,32000015,609262469ee6a0262ccd03932e557f745c9e7b997ad17835a02a0232a64807be,,1808dd7a5fa7c2cdc4e45ae1ae8bc87d7f373747a6321e5a8f4f881ad16d9cb5,rlimit,1800
2026-09-28T00:37:10Z,da2a9ec43215936e476316eaebff08caabc850fd-dirty,a42531566e9b,f4b24f66dbda,1,st,mandelbrot,resid,official,16000,ok,0,,ok,11.202486,11.160539,0.019176,11.179715,0.998000,2088,32000015,609262469ee6a0262ccd03932e557f745c9e7b997ad17835a02a0232a64807be,,1808dd7a5fa7c2cdc4e45ae1ae8bc87d7f373747a6321e5a8f4f881ad16d9cb5,rlimit,1800
2026-09-28T00:37:21Z,da2a9ec43215936e476316eaebff08caabc850fd-dirty,a42531566e9b,f4b24f66dbda,2,st,mandelbrot,resid,official,16000,ok,0,,ok,11.192577,11.144681,0.024632,11.169313,0.997900,2088,32000015,609262469ee6a0262ccd03932e557f745c9e7b997ad17835a02a0232a64807be,,1808dd7a5fa7c2cdc4e45ae1ae8bc87d7f373747a6321e5a8f4f881ad16d9cb5,rlimit,1800
2026-09-28T00:37:33Z,da2a9ec43215936e476316eaebff08caabc850fd-dirty,a42531566e9b,f4b24f66dbda,3,st,mandelbrot,resid,official,16000,ok,0,,ok,11.179838,11.135893,0.019697,11.155590,0.997800,2084,32000015,609262469ee6a0262ccd03932e557f745c9e7b997ad17835a02a0232a64807be,,1808dd7a5fa7c2cdc4e45ae1ae8bc87d7f373747a6321e5a8f4f881ad16d9cb5,rlimit,1800
2026-09-28T00:37:44Z,da2a9ec43215936e476316eaebff08caabc850fd-dirty,a42531566e9b,f4b24f66dbda,4,st,mandelbrot,resid,official,16000,ok,0,,ok,11.169710,11.124506,0.021083,11.145589,0.997800,2084,32000015,609262469ee6a0262ccd03932e557f745c9e7b997ad17835a02a0232a64807be,,1808dd7a5fa7c2cdc4e45ae1ae8bc87d7f373747a6321e5a8f4f881ad16d9cb5,rlimit,1800
2026-09-28T00:37:44Z,da2a9ec43215936e476316eaebff08caabc850fd-dirty,a42531566e9b,e0d6efb4f33a,0,best,mandelbrot,resid,official,16000,ok,0,,ok,0.240210,2.366376,0.198672,2.565048,10.678400,662100,32000015,609262469ee6a0262ccd03932e557f745c9e7b997ad17835a02a0232a64807be,,632c2b0669fef0d690e32ae588029e55322c08c028dde0e92274774f398da643,rlimit,1800
2026-09-28T00:37:44Z,da2a9ec43215936e476316eaebff08caabc850fd-dirty,a42531566e9b,e0d6efb4f33a,1,best,mandelbrot,resid,official,16000,ok,0,,ok,0.239582,2.397785,0.213936,2.611721,10.901100,661220,32000015,609262469ee6a0262ccd03932e557f745c9e7b997ad17835a02a0232a64807be,,632c2b0669fef0d690e32ae588029e55322c08c028dde0e92274774f398da643,rlimit,1800
2026-09-28T00:37:45Z,da2a9ec43215936e476316eaebff08caabc850fd-dirty,a42531566e9b,e0d6efb4f33a,2,best,mandelbrot,resid,official,16000,ok,0,,ok,0.243185,2.349655,0.208029,2.557684,10.517400,661464,32000015,609262469ee6a0262ccd03932e557f745c9e7b997ad17835a02a0232a64807be,,632c2b0669fef0d690e32ae588029e55322c08c028dde0e92274774f398da643,rlimit,1800
2026-09-28T00:37:45Z,da2a9ec43215936e476316eaebff08caabc850fd-dirty,a42531566e9b,e0d6efb4f33a,3,best,mandelbrot,resid,official,16000,ok,0,,ok,0.252433,2.362742,0.175412,2.538154,10.054800,661460,32000015,609262469ee6a0262ccd03932e557f745c9e7b997ad17835a02a0232a64807be,,632c2b0669fef0d690e32ae588029e55322c08c028dde0e92274774f398da643,rlimit,1800
2026-09-28T00:37:45Z,da2a9ec43215936e476316eaebff08caabc850fd-dirty,a42531566e9b,e0d6efb4f33a,4,best,mandelbrot,resid,official,16000,ok,0,,ok,0.271495,2.283921,0.209520,2.493441,9.184100,661988,32000015,609262469ee6a0262ccd03932e557f745c9e7b997ad17835a02a0232a64807be,,632c2b0669fef0d690e32ae588029e55322c08c028dde0e92274774f398da643,rlimit,1800
2026-09-28T00:37:47Z,da2a9ec43215936e476316eaebff08caabc850fd-dirty,a42531566e9b,677b6ad9a7ee,0,st,binary-trees,resid,official,21,ok,0,,ok,2.108681,2.025215,0.077163,2.102378,0.997000,265252,455,341de11a51feab3d8122b4b5d6a68b038a2d14434aa9bc2372f39300bf5f48e1,,74efc01603c206f7c432648598fffafe84aaaf3027eb92e2394daf680f91ded4,rlimit,1800
2026-09-28T00:37:49Z,da2a9ec43215936e476316eaebff08caabc850fd-dirty,a42531566e9b,677b6ad9a7ee,1,st,binary-trees,resid,official,21,ok,0,,ok,2.140578,2.060744,0.073464,2.134208,0.997000,265256,455,341de11a51feab3d8122b4b5d6a68b038a2d14434aa9bc2372f39300bf5f48e1,,74efc01603c206f7c432648598fffafe84aaaf3027eb92e2394daf680f91ded4,rlimit,1800
2026-09-28T00:37:52Z,da2a9ec43215936e476316eaebff08caabc850fd-dirty,a42531566e9b,677b6ad9a7ee,2,st,binary-trees,resid,official,21,ok,0,,ok,2.101515,2.006300,0.087952,2.094252,0.996500,265252,455,341de11a51feab3d8122b4b5d6a68b038a2d14434aa9bc2372f39300bf5f48e1,,74efc01603c206f7c432648598fffafe84aaaf3027eb92e2394daf680f91ded4,rlimit,1800
2026-09-28T00:37:54Z,da2a9ec43215936e476316eaebff08caabc850fd-dirty,a42531566e9b,677b6ad9a7ee,3,st,binary-trees,resid,official,21,ok,0,,ok,2.096166,2.020906,0.069386,2.090292,0.997200,265252,455,341de11a51feab3d8122b4b5d6a68b038a2d14434aa9bc2372f39300bf5f48e1,,74efc01603c206f7c432648598fffafe84aaaf3027eb92e2394daf680f91ded4,rlimit,1800
2026-09-28T00:37:56Z,da2a9ec43215936e476316eaebff08caabc850fd-dirty,a42531566e9b,677b6ad9a7ee,4,st,binary-trees,resid,official,21,ok,0,,ok,2.099804,2.011362,0.082592,2.093954,0.997200,265252,455,341de11a51feab3d8122b4b5d6a68b038a2d14434aa9bc2372f39300bf5f48e1,,74efc01603c206f7c432648598fffafe84aaaf3027eb92e2394daf680f91ded4,rlimit,1800
2026-09-28T00:37:56Z,da2a9ec43215936e476316eaebff08caabc850fd-dirty,a42531566e9b,8132e0f014db,0,best,binary-trees,resid,official,21,ok,0,,ok,0.481060,2.863305,0.133663,2.996968,6.229900,700996,455,341de11a51feab3d8122b4b5d6a68b038a2d14434aa9bc2372f39300bf5f48e1,,5d3fe7d34602f136abe337d1d41b5439e9e39a5362c0741f82dfb0e00a2f9a1c,rlimit,1800
2026-09-28T00:37:57Z,da2a9ec43215936e476316eaebff08caabc850fd-dirty,a42531566e9b,8132e0f014db,1,best,binary-trees,resid,official,21,ok,0,,ok,0.480853,2.882027,0.126524,3.008551,6.256700,699800,455,341de11a51feab3d8122b4b5d6a68b038a2d14434aa9bc2372f39300bf5f48e1,,5d3fe7d34602f136abe337d1d41b5439e9e39a5362c0741f82dfb0e00a2f9a1c,rlimit,1800
2026-09-28T00:37:57Z,da2a9ec43215936e476316eaebff08caabc850fd-dirty,a42531566e9b,8132e0f014db,2,best,binary-trees,resid,official,21,ok,0,,ok,0.491795,2.843975,0.146287,2.990262,6.080300,699736,455,341de11a51feab3d8122b4b5d6a68b038a2d14434aa9bc2372f39300bf5f48e1,,5d3fe7d34602f136abe337d1d41b5439e9e39a5362c0741f82dfb0e00a2f9a1c,rlimit,1800
2026-09-28T00:37:58Z,da2a9ec43215936e476316eaebff08caabc850fd-dirty,a42531566e9b,8132e0f014db,3,best,binary-trees,resid,official,21,ok,0,,ok,0.454161,2.890848,0.148939,3.039787,6.693200,699896,455,341de11a51feab3d8122b4b5d6a68b038a2d14434aa9bc2372f39300bf5f48e1,,5d3fe7d34602f136abe337d1d41b5439e9e39a5362c0741f82dfb0e00a2f9a1c,rlimit,1800
2026-09-28T00:37:58Z,da2a9ec43215936e476316eaebff08caabc850fd-dirty,a42531566e9b,8132e0f014db,4,best,binary-trees,resid,official,21,ok,0,,ok,0.450984,2.961736,0.118715,3.080451,6.830500,701048,455,341de11a51feab3d8122b4b5d6a68b038a2d14434aa9bc2372f39300bf5f48e1,,5d3fe7d34602f136abe337d1d41b5439e9e39a5362c0741f82dfb0e00a2f9a1c,rlimit,1800
2026-09-28T00:38:01Z,da2a9ec43215936e476316eaebff08caabc850fd-dirty,a42531566e9b,09ad541c7c9a,0,st,fasta,resid,official,25000000,ok,0,,ok,2.280731,2.201747,0.072553,2.274300,0.997200,3204,254166745,3fcf4f78104c8a65ef210fe1d469f4e473456c791225f2f1f9114f4986aa09fa,,0026fb19fcf675dfdbc7c50ffe42311dc18f492c11ff119ab81f72436908d848,rlimit,1800
2026-09-28T00:38:03Z,da2a9ec43215936e476316eaebff08caabc850fd-dirty,a42531566e9b,09ad541c7c9a,1,st,fasta,resid,official,25000000,ok,0,,ok,2.273186,2.172789,0.094347,2.267136,0.997300,3136,254166745,3fcf4f78104c8a65ef210fe1d469f4e473456c791225f2f1f9114f4986aa09fa,,0026fb19fcf675dfdbc7c50ffe42311dc18f492c11ff119ab81f72436908d848,rlimit,1800
2026-09-28T00:38:05Z,da2a9ec43215936e476316eaebff08caabc850fd-dirty,a42531566e9b,09ad541c7c9a,2,st,fasta,resid,official,25000000,ok,0,,ok,2.277860,2.190605,0.081679,2.272284,0.997600,3140,254166745,3fcf4f78104c8a65ef210fe1d469f4e473456c791225f2f1f9114f4986aa09fa,,0026fb19fcf675dfdbc7c50ffe42311dc18f492c11ff119ab81f72436908d848,rlimit,1800
2026-09-28T00:38:08Z,da2a9ec43215936e476316eaebff08caabc850fd-dirty,a42531566e9b,09ad541c7c9a,3,st,fasta,resid,official,25000000,ok,0,,ok,2.292653,2.213382,0.073485,2.286867,0.997500,3136,254166745,3fcf4f78104c8a65ef210fe1d469f4e473456c791225f2f1f9114f4986aa09fa,,0026fb19fcf675dfdbc7c50ffe42311dc18f492c11ff119ab81f72436908d848,rlimit,1800
2026-09-28T00:38:10Z,da2a9ec43215936e476316eaebff08caabc850fd-dirty,a42531566e9b,09ad541c7c9a,4,st,fasta,resid,official,25000000,ok,0,,ok,2.278447,2.204405,0.068884,2.273289,0.997700,3204,254166745,3fcf4f78104c8a65ef210fe1d469f4e473456c791225f2f1f9114f4986aa09fa,,0026fb19fcf675dfdbc7c50ffe42311dc18f492c11ff119ab81f72436908d848,rlimit,1800
2026-09-28T00:38:11Z,da2a9ec43215936e476316eaebff08caabc850fd-dirty,a42531566e9b,0a32da040fe2,0,best,fasta,resid,official,25000000,ok,0,,ok,0.141127,0.835978,0.147249,0.983227,6.967000,287432,254166745,3fcf4f78104c8a65ef210fe1d469f4e473456c791225f2f1f9114f4986aa09fa,,5db819f5cc75be29880004b1adc191a17059509693ec3f1487c3ab6618995b71,rlimit,1800
2026-09-28T00:38:11Z,da2a9ec43215936e476316eaebff08caabc850fd-dirty,a42531566e9b,0a32da040fe2,1,best,fasta,resid,official,25000000,ok,0,,ok,0.134594,0.849608,0.129683,0.979291,7.275900,287280,254166745,3fcf4f78104c8a65ef210fe1d469f4e473456c791225f2f1f9114f4986aa09fa,,5db819f5cc75be29880004b1adc191a17059509693ec3f1487c3ab6618995b71,rlimit,1800
2026-09-28T00:38:11Z,da2a9ec43215936e476316eaebff08caabc850fd-dirty,a42531566e9b,0a32da040fe2,2,best,fasta,resid,official,25000000,ok,0,,ok,0.140853,0.847933,0.133172,0.981105,6.965400,287280,254166745,3fcf4f78104c8a65ef210fe1d469f4e473456c791225f2f1f9114f4986aa09fa,,5db819f5cc75be29880004b1adc191a17059509693ec3f1487c3ab6618995b71,rlimit,1800
2026-09-28T00:38:11Z,da2a9ec43215936e476316eaebff08caabc850fd-dirty,a42531566e9b,0a32da040fe2,3,best,fasta,resid,official,25000000,ok,0,,ok,0.134682,0.844843,0.146393,0.991236,7.359800,286948,254166745,3fcf4f78104c8a65ef210fe1d469f4e473456c791225f2f1f9114f4986aa09fa,,5db819f5cc75be29880004b1adc191a17059509693ec3f1487c3ab6618995b71,rlimit,1800
2026-09-28T00:38:12Z,da2a9ec43215936e476316eaebff08caabc850fd-dirty,a42531566e9b,0a32da040fe2,4,best,fasta,resid,official,25000000,ok,0,,ok,0.144622,0.849944,0.124185,0.974129,6.735700,286984,254166745,3fcf4f78104c8a65ef210fe1d469f4e473456c791225f2f1f9114f4986aa09fa,,5db819f5cc75be29880004b1adc191a17059509693ec3f1487c3ab6618995b71,rlimit,1800
2026-09-28T00:38:16Z,da2a9ec43215936e476316eaebff08caabc850fd-dirty,a42531566e9b,650641385956,0,st,k-nucleotide,resid,official,0,ok,0,,ok,4.777720,4.728303,0.037553,4.765856,0.997500,271468,259,f8c042fe770dda8f870b967605ea40ca2e353f2bdf92e89a327209dd31d445c7,3fcf4f78104c8a65ef210fe1d469f4e473456c791225f2f1f9114f4986aa09fa,ee7703f97fdc3580e95fdcc3a7622691f631d1d711b52b09db8ddd910be9595d,rlimit,1800
2026-09-28T00:38:21Z,da2a9ec43215936e476316eaebff08caabc850fd-dirty,a42531566e9b,650641385956,1,st,k-nucleotide,resid,official,0,ok,0,,ok,4.783270,4.734345,0.038381,4.772726,0.997800,271464,259,f8c042fe770dda8f870b967605ea40ca2e353f2bdf92e89a327209dd31d445c7,3fcf4f78104c8a65ef210fe1d469f4e473456c791225f2f1f9114f4986aa09fa,ee7703f97fdc3580e95fdcc3a7622691f631d1d711b52b09db8ddd910be9595d,rlimit,1800
2026-09-28T00:38:26Z,da2a9ec43215936e476316eaebff08caabc850fd-dirty,a42531566e9b,650641385956,2,st,k-nucleotide,resid,official,0,ok,0,,ok,4.862913,4.810456,0.038158,4.848614,0.997100,271464,259,f8c042fe770dda8f870b967605ea40ca2e353f2bdf92e89a327209dd31d445c7,3fcf4f78104c8a65ef210fe1d469f4e473456c791225f2f1f9114f4986aa09fa,ee7703f97fdc3580e95fdcc3a7622691f631d1d711b52b09db8ddd910be9595d,rlimit,1800
2026-09-28T00:38:31Z,da2a9ec43215936e476316eaebff08caabc850fd-dirty,a42531566e9b,650641385956,3,st,k-nucleotide,resid,official,0,ok,0,,ok,4.770486,4.729829,0.030587,4.760416,0.997900,271464,259,f8c042fe770dda8f870b967605ea40ca2e353f2bdf92e89a327209dd31d445c7,3fcf4f78104c8a65ef210fe1d469f4e473456c791225f2f1f9114f4986aa09fa,ee7703f97fdc3580e95fdcc3a7622691f631d1d711b52b09db8ddd910be9595d,rlimit,1800
2026-09-28T00:38:36Z,da2a9ec43215936e476316eaebff08caabc850fd-dirty,a42531566e9b,650641385956,4,st,k-nucleotide,resid,official,0,ok,0,,ok,4.795820,4.750474,0.034711,4.785185,0.997800,271464,259,f8c042fe770dda8f870b967605ea40ca2e353f2bdf92e89a327209dd31d445c7,3fcf4f78104c8a65ef210fe1d469f4e473456c791225f2f1f9114f4986aa09fa,ee7703f97fdc3580e95fdcc3a7622691f631d1d711b52b09db8ddd910be9595d,rlimit,1800
2026-09-28T00:38:37Z,da2a9ec43215936e476316eaebff08caabc850fd-dirty,a42531566e9b,eabb647a10d6,0,best,k-nucleotide,resid,official,0,ok,0,,ok,1.676235,6.678816,0.039780,6.718596,4.008100,290380,259,f8c042fe770dda8f870b967605ea40ca2e353f2bdf92e89a327209dd31d445c7,3fcf4f78104c8a65ef210fe1d469f4e473456c791225f2f1f9114f4986aa09fa,cd985dc3b92f45937ece32cd2ab50fab7bd0cc3716a57edb18ba6b548da39187,rlimit,1800
2026-09-28T00:38:39Z,da2a9ec43215936e476316eaebff08caabc850fd-dirty,a42531566e9b,eabb647a10d6,1,best,k-nucleotide,resid,official,0,ok,0,,ok,1.649042,6.892360,0.035820,6.928180,4.201300,290456,259,f8c042fe770dda8f870b967605ea40ca2e353f2bdf92e89a327209dd31d445c7,3fcf4f78104c8a65ef210fe1d469f4e473456c791225f2f1f9114f4986aa09fa,cd985dc3b92f45937ece32cd2ab50fab7bd0cc3716a57edb18ba6b548da39187,rlimit,1800
2026-09-28T00:38:41Z,da2a9ec43215936e476316eaebff08caabc850fd-dirty,a42531566e9b,eabb647a10d6,2,best,k-nucleotide,resid,official,0,ok,0,,ok,1.840713,7.191995,0.037793,7.229788,3.927700,290348,259,f8c042fe770dda8f870b967605ea40ca2e353f2bdf92e89a327209dd31d445c7,3fcf4f78104c8a65ef210fe1d469f4e473456c791225f2f1f9114f4986aa09fa,cd985dc3b92f45937ece32cd2ab50fab7bd0cc3716a57edb18ba6b548da39187,rlimit,1800
2026-09-28T00:38:43Z,da2a9ec43215936e476316eaebff08caabc850fd-dirty,a42531566e9b,eabb647a10d6,3,best,k-nucleotide,resid,official,0,ok,0,,ok,1.736078,6.886361,0.041459,6.927820,3.990500,290476,259,f8c042fe770dda8f870b967605ea40ca2e353f2bdf92e89a327209dd31d445c7,3fcf4f78104c8a65ef210fe1d469f4e473456c791225f2f1f9114f4986aa09fa,cd985dc3b92f45937ece32cd2ab50fab7bd0cc3716a57edb18ba6b548da39187,rlimit,1800
2026-09-28T00:38:44Z,da2a9ec43215936e476316eaebff08caabc850fd-dirty,a42531566e9b,eabb647a10d6,4,best,k-nucleotide,resid,official,0,ok,0,,ok,1.717070,7.363493,0.037841,7.401334,4.310400,290436,259,f8c042fe770dda8f870b967605ea40ca2e353f2bdf92e89a327209dd31d445c7,3fcf4f78104c8a65ef210fe1d469f4e473456c791225f2f1f9114f4986aa09fa,cd985dc3b92f45937ece32cd2ab50fab7bd0cc3716a57edb18ba6b548da39187,rlimit,1800
2026-09-28T00:38:47Z,da2a9ec43215936e476316eaebff08caabc850fd-dirty,a42531566e9b,44b58a514e26,0,st,reverse-complement,resid,official,0,ok,0,,ok,0.421935,0.326818,0.093643,0.420461,0.996500,499476,254166745,e5730d4fd55c464f276e5c6062c80f46e0a735281de15d8c957e2731a9baf70e,3fcf4f78104c8a65ef210fe1d469f4e473456c791225f2f1f9114f4986aa09fa,a6bdf20bd1291c89e27be8d6855b97dba2e12250e57484b2c607bb32e46b92b0,rlimit,1800
2026-09-28T00:38:47Z,da2a9ec43215936e476316eaebff08caabc850fd-dirty,a42531566e9b,44b58a514e26,1,st,reverse-complement,resid,official,0,ok,0,,ok,0.408671,0.298817,0.108377,0.407194,0.996400,499476,254166745,e5730d4fd55c464f276e5c6062c80f46e0a735281de15d8c957e2731a9baf70e,3fcf4f78104c8a65ef210fe1d469f4e473456c791225f2f1f9114f4986aa09fa,a6bdf20bd1291c89e27be8d6855b97dba2e12250e57484b2c607bb32e46b92b0,rlimit,1800
2026-09-28T00:38:48Z,da2a9ec43215936e476316eaebff08caabc850fd-dirty,a42531566e9b,44b58a514e26,2,st,reverse-complement,resid,official,0,ok,0,,ok,0.417803,0.321555,0.094813,0.416368,0.996600,499476,254166745,e5730d4fd55c464f276e5c6062c80f46e0a735281de15d8c957e2731a9baf70e,3fcf4f78104c8a65ef210fe1d469f4e473456c791225f2f1f9114f4986aa09fa,a6bdf20bd1291c89e27be8d6855b97dba2e12250e57484b2c607bb32e46b92b0,rlimit,1800
2026-09-28T00:38:48Z,da2a9ec43215936e476316eaebff08caabc850fd-dirty,a42531566e9b,44b58a514e26,3,st,reverse-complement,resid,official,0,ok,0,,ok,0.410589,0.311769,0.097542,0.409311,0.996900,499476,254166745,e5730d4fd55c464f276e5c6062c80f46e0a735281de15d8c957e2731a9baf70e,3fcf4f78104c8a65ef210fe1d469f4e473456c791225f2f1f9114f4986aa09fa,a6bdf20bd1291c89e27be8d6855b97dba2e12250e57484b2c607bb32e46b92b0,rlimit,1800
2026-09-28T00:38:49Z,da2a9ec43215936e476316eaebff08caabc850fd-dirty,a42531566e9b,44b58a514e26,4,st,reverse-complement,resid,official,0,ok,0,,ok,0.403657,0.302521,0.099490,0.402011,0.995900,499476,254166745,e5730d4fd55c464f276e5c6062c80f46e0a735281de15d8c957e2731a9baf70e,3fcf4f78104c8a65ef210fe1d469f4e473456c791225f2f1f9114f4986aa09fa,a6bdf20bd1291c89e27be8d6855b97dba2e12250e57484b2c607bb32e46b92b0,rlimit,1800
2026-09-28T00:38:51Z,da2a9ec43215936e476316eaebff08caabc850fd-dirty,a42531566e9b,129059c91b2e,0,best,reverse-complement,resid,official,0,ok,0,,ok,0.205204,0.866386,0.433239,1.299625,6.333300,1029760,254166745,e5730d4fd55c464f276e5c6062c80f46e0a735281de15d8c957e2731a9baf70e,3fcf4f78104c8a65ef210fe1d469f4e473456c791225f2f1f9114f4986aa09fa,56103dee713f996678a985e984b34967a8cfbbadea98d2cb72e780d670c2fa10,rlimit,1800
2026-09-28T00:38:52Z,da2a9ec43215936e476316eaebff08caabc850fd-dirty,a42531566e9b,129059c91b2e,1,best,reverse-complement,resid,official,0,ok,0,,ok,0.214326,0.881171,0.388348,1.269519,5.923300,1031640,254166745,e5730d4fd55c464f276e5c6062c80f46e0a735281de15d8c957e2731a9baf70e,3fcf4f78104c8a65ef210fe1d469f4e473456c791225f2f1f9114f4986aa09fa,56103dee713f996678a985e984b34967a8cfbbadea98d2cb72e780d670c2fa10,rlimit,1800
2026-09-28T00:38:52Z,da2a9ec43215936e476316eaebff08caabc850fd-dirty,a42531566e9b,129059c91b2e,2,best,reverse-complement,resid,official,0,ok,0,,ok,0.204089,0.888994,0.403849,1.292843,6.334700,1032100,254166745,e5730d4fd55c464f276e5c6062c80f46e0a735281de15d8c957e2731a9baf70e,3fcf4f78104c8a65ef210fe1d469f4e473456c791225f2f1f9114f4986aa09fa,56103dee713f996678a985e984b34967a8cfbbadea98d2cb72e780d670c2fa10,rlimit,1800
2026-09-28T00:38:52Z,da2a9ec43215936e476316eaebff08caabc850fd-dirty,a42531566e9b,129059c91b2e,3,best,reverse-complement,resid,official,0,ok,0,,ok,0.200097,0.914338,0.383458,1.297796,6.485800,1030172,254166745,e5730d4fd55c464f276e5c6062c80f46e0a735281de15d8c957e2731a9baf70e,3fcf4f78104c8a65ef210fe1d469f4e473456c791225f2f1f9114f4986aa09fa,56103dee713f996678a985e984b34967a8cfbbadea98d2cb72e780d670c2fa10,rlimit,1800
2026-09-28T00:38:53Z,da2a9ec43215936e476316eaebff08caabc850fd-dirty,a42531566e9b,129059c91b2e,4,best,reverse-complement,resid,official,0,ok,0,,ok,0.209114,0.840727,0.460271,1.300998,6.221500,1029672,254166745,e5730d4fd55c464f276e5c6062c80f46e0a735281de15d8c957e2731a9baf70e,3fcf4f78104c8a65ef210fe1d469f4e473456c791225f2f1f9114f4986aa09fa,56103dee713f996678a985e984b34967a8cfbbadea98d2cb72e780d670c2fa10,rlimit,1800
2026-09-28T00:38:53Z,da2a9ec43215936e476316eaebff08caabc850fd-dirty,a42531566e9b,a90098c2c17b,0,st,pidigits,resid,official,10000,ok,0,,ok,0.436228,0.435213,0.000000,0.435213,0.997700,4900,16893,bdfa7b6c756d96492f472f97aee9cc139bee954d271eacedfd7ace5d2875f06c,,a1586ee741d94111518258ed610218e5421691be732a84deaa33e6c1f60f512c,rlimit,1800
2026-09-28T00:38:53Z,da2a9ec43215936e476316eaebff08caabc850fd-dirty,a42531566e9b,a90098c2c17b,1,st,pidigits,resid,official,10000,ok,0,,ok,0.474163,0.469698,0.002995,0.472693,0.996900,4904,16893,bdfa7b6c756d96492f472f97aee9cc139bee954d271eacedfd7ace5d2875f06c,,a1586ee741d94111518258ed610218e5421691be732a84deaa33e6c1f60f512c,rlimit,1800
2026-09-28T00:38:54Z,da2a9ec43215936e476316eaebff08caabc850fd-dirty,a42531566e9b,a90098c2c17b,2,st,pidigits,resid,official,10000,ok,0,,ok,0.436997,0.436075,0.000000,0.436075,0.997900,4904,16893,bdfa7b6c756d96492f472f97aee9cc139bee954d271eacedfd7ace5d2875f06c,,a1586ee741d94111518258ed610218e5421691be732a84deaa33e6c1f60f512c,rlimit,1800
2026-09-28T00:38:54Z,da2a9ec43215936e476316eaebff08caabc850fd-dirty,a42531566e9b,a90098c2c17b,3,st,pidigits,resid,official,10000,ok,0,,ok,0.436987,0.433617,0.001994,0.435611,0.996900,4900,16893,bdfa7b6c756d96492f472f97aee9cc139bee954d271eacedfd7ace5d2875f06c,,a1586ee741d94111518258ed610218e5421691be732a84deaa33e6c1f60f512c,rlimit,1800
2026-09-28T00:38:55Z,da2a9ec43215936e476316eaebff08caabc850fd-dirty,a42531566e9b,a90098c2c17b,4,st,pidigits,resid,official,10000,ok,0,,ok,0.471581,0.469394,0.000999,0.470393,0.997500,4900,16893,bdfa7b6c756d96492f472f97aee9cc139bee954d271eacedfd7ace5d2875f06c,,a1586ee741d94111518258ed610218e5421691be732a84deaa33e6c1f60f512c,rlimit,1800
2026-09-28T00:38:55Z,da2a9ec43215936e476316eaebff08caabc850fd-dirty,a42531566e9b,dbcdd6b1e5a3,0,best,pidigits,resid,official,10000,ok,0,,ok,0.436114,0.432932,0.001991,0.434923,0.997300,4776,16893,bdfa7b6c756d96492f472f97aee9cc139bee954d271eacedfd7ace5d2875f06c,,3b860fd1f24b413cc9d8af9bb149e4a1c278f421755bec258640d94eed66faa1,rlimit,1800
2026-09-28T00:38:56Z,da2a9ec43215936e476316eaebff08caabc850fd-dirty,a42531566e9b,dbcdd6b1e5a3,1,best,pidigits,resid,official,10000,ok,0,,ok,0.431333,0.429365,0.000999,0.430364,0.997800,4772,16893,bdfa7b6c756d96492f472f97aee9cc139bee954d271eacedfd7ace5d2875f06c,,3b860fd1f24b413cc9d8af9bb149e4a1c278f421755bec258640d94eed66faa1,rlimit,1800
2026-09-28T00:38:56Z,da2a9ec43215936e476316eaebff08caabc850fd-dirty,a42531566e9b,dbcdd6b1e5a3,2,best,pidigits,resid,official,10000,ok,0,,ok,0.429913,0.427123,0.001982,0.429105,0.998100,4900,16893,bdfa7b6c756d96492f472f97aee9cc139bee954d271eacedfd7ace5d2875f06c,,3b860fd1f24b413cc9d8af9bb149e4a1c278f421755bec258640d94eed66faa1,rlimit,1800
2026-09-28T00:38:57Z,da2a9ec43215936e476316eaebff08caabc850fd-dirty,a42531566e9b,dbcdd6b1e5a3,3,best,pidigits,resid,official,10000,ok,0,,ok,0.435221,0.433095,0.000997,0.434092,0.997400,4772,16893,bdfa7b6c756d96492f472f97aee9cc139bee954d271eacedfd7ace5d2875f06c,,3b860fd1f24b413cc9d8af9bb149e4a1c278f421755bec258640d94eed66faa1,rlimit,1800
2026-09-28T00:38:57Z,da2a9ec43215936e476316eaebff08caabc850fd-dirty,a42531566e9b,dbcdd6b1e5a3,4,best,pidigits,resid,official,10000,ok,0,,ok,0.428847,0.425548,0.001977,0.427525,0.996900,4900,16893,bdfa7b6c756d96492f472f97aee9cc139bee954d271eacedfd7ace5d2875f06c,,3b860fd1f24b413cc9d8af9bb149e4a1c278f421755bec258640d94eed66faa1,rlimit,1800
